,question,document,score,reasoning
0,"How can I tell if a tool is approaching wear failure, especially if torque, temperature, and speed still look normal?",299b2d2994,good,"The AI answer matches the ground truth: it identifies the critical wear-time band of about 200–240 minutes of continuous use and correctly states that failure can occur even when torque, temperature, and rotational speed remain normal. The added explanation and recommendations do not contradict the original answer."
1,Is there a typical time window where tool wear failure becomes likely during continuous use?,299b2d2994,good,"The AI answer matches the ground truth on the key point: tool wear failure becomes likely in a critical band of about 200–240 minutes of continuous use, and it correctly notes that torque, temperature, and rotational speed can remain nominal with no other sensor anomaly. The extra maintenance recommendations are not in the original but do not contradict it."
2,Can tool wear failure happen without any obvious sensor warning beforehand?,299b2d2994,good,"The AI answer matches the ground truth: it explicitly says tool wear failure can occur without obvious sensor anomalies, and notes torque, temperature, and rotational speed can remain nominal until failure. The added details about monitoring and replacement thresholds are consistent with the original timing band, even if slightly more prescriptive. No key point is missing or contradicted."
3,What signs should I watch for when a tool has been running for around 200 to 240 minutes?,299b2d2994,good,"The AI answer captures the key point that 200–240 minutes is a critical wear band where failure risk rises sharply and that torque, temperature, and rotational speed may remain nominal. The extra recommendation to schedule replacement is acceptable as advice, though not present in the ground truth. Overall it is semantically equivalent."
4,Does tool wear failure usually show up as a sudden event even when the machine data looks nominal?,299b2d2994,good,"The AI answer matches the ground truth: it says tool wear failure can occur suddenly even when data looks nominal, and it correctly includes the critical 200–240 minute continuous-use band and the fact that torque, temperature, and rotational speed may remain normal right up to failure. Extra explanation does not contradict the original."
5,What usually causes tool wear failure on a cutting tool?,7735d88102,good,"The AI answer correctly states that tool wear failure is caused by progressive mechanical degradation of the cutting edge over time, leading to degraded cutting and eventual fracture or process failure, and that it is a wear-out failure rather than a stress-overload failure. However, it adds several unsupported specifics (tool wear minutes, inspection thresholds, torque/spindle indicators) that are not in the ground truth. These extras do not change the core meaning, so the answer is semantically equivalent."
6,Is tool wear failure more about age and usage than overload?,7735d88102,good,"The AI answer matches the ground truth on the key point: tool wear failure is due to progressive degradation over time/usage, not overload. It also correctly mentions eventual fracture/process failure. The extra operational recommendations are not in the original answer, but they do not contradict the core meaning. Therefore it is semantically equivalent."
7,How does progressive edge wear end up causing tool fracture or process failure?,7735d88102,good,"The AI answer matches the ground truth on the key point: progressive edge wear is a wear-out failure caused by progressive mechanical degradation, leading over time to tool fracture or process failure, and it is time/usage-driven rather than load-driven. The added recommendations are extra but do not contradict the core answer."
8,What is the main root cause behind a TWF event in predictive maintenance?,7735d88102,good,"The AI answer correctly identifies the main root cause as progressive mechanical degradation of the cutting tool edge and correctly states it is a wear-out, time/usage-driven failure rather than a load-driven one. The added detail about a 200–240 minute critical band is extra and not needed, but it does not contradict the ground truth. Overall it conveys the same key information."
9,Why do cutting tools fail from wear out instead of sudden stress overload?,7735d88102,good,"The AI answer captures the core idea: cutting tools fail by progressive wear-out due to cumulative use over time, not sudden overload. It also mentions edge degradation and eventual fracture/process failure, which matches the ground truth. The extra details about normal torque/temperature/speed and inspection recommendations do not change the meaning, though the specific 200–240 minute warning is unsupported by the ground truth. Overall, the answer is semantically equivalent."
10,"What reading range on tool wear usually points to a tool wear failure, and is it a hard cutoff?",e8a1fe10fc,good,"The AI answer captures the core ground truth: tool wear in the 200–240 range is the primary indicator of tool wear failure, and it correctly says this is not a hard cutoff but a probabilistic band. It also correctly notes torque and rotational speed are not reliable early indicators. The only slightly extra content is the suggested inspection/replacement action, but it does not contradict the original answer. Therefore it is semantically equivalent."
11,"If I see torque or spindle speed shifting, can I use that to spot tool wear failure early?",e8a1fe10fc,good,"The AI answer correctly states that torque or spindle speed shifts are not reliable early warning signs for Tool Wear Failure and that `Tool wear [min]` in the 200–240 range is the key indicator. However, it adds a recommendation to ""flag any unit above 200 minutes"" and ""schedule replacement before 240 minutes"" in a way that could imply a deterministic threshold, whereas the ground truth emphasizes this is a probabilistic band and that being in-band does not mean the unit has failed. It also omits the note that no air/process temperature anomaly is expected. Despite these minor differences, the core diagnostic distinction is preserved."
12,Does tool wear failure normally show any weird air or process temperature behavior?,e8a1fe10fc,good,"The AI answer matches the ground truth: it states that tool wear failure normally does not show abnormal air or process temperature behavior, identifies tool wear in the 200–240 range as the primary indicator, notes that torque and rotational speed are not reliable leading indicators, and includes the probabilistic false-positive caveat. No key information is missing or contradicted."
13,Why would a machine still be okay even when the tool wear value is in the 200 to 240 range?,e8a1fe10fc,good,"The AI answer captures the key point that the 200–240 tool wear range is probabilistic rather than deterministic and that machines in this band may still be operating normally. It also correctly notes that torque/speed/temperature may not provide clear warning signs. The extra recommendations are not in the ground truth, but they do not contradict it. Overall semantically equivalent."
14,What’s the main signal I should watch for tool wear failure instead of relying on torque or speed?,e8a1fe10fc,good,"The AI answer identifies `Tool wear [min]` as the main signal, correctly states that torque and rotational speed are not reliable leading indicators, and includes the 200–240 minute high-risk band. It also notes normal temperature, which matches the ground truth. The only nuance is that the ground truth explicitly warns that the 200–240 band is probabilistic and not a deterministic failure threshold; the AI implies a high-risk inspection window, which is acceptable and does not change the core meaning. Overall semantically equivalent."
15,What should I do with a unit once tool wear goes over 200 minutes?,157781c070,good,"The AI answer preserves the key instructions: flag any unit over 200 minutes for priority inspection, schedule replacement before 240 minutes for long runs, and notes that torque is not a reliable early warning. It adds some extra context about a risk zone and not marking it failed, which does not conflict with the ground truth. Semantically equivalent."
16,"If a machine is due for a long production run, when should I replace the tool before it gets risky?",157781c070,good,"The AI answer preserves the key guidance: replace the tool before 240 minutes for long runs, flag units above 200 minutes for priority inspection, and do not rely on torque spikes as an early warning. This is semantically equivalent to the ground truth."
17,"Can I use torque spikes as an early sign of tool wear failure, or is that too late to trust?",157781c070,good,The AI answer matches the ground truth on the key point: torque spikes are too late to trust as an early warning for Tool Wear Failure. It also correctly includes the operational guidance to flag units over 200 min and replace before 240 min for long runs. Extra context about wear-out behavior and torque not being a reliable leading indicator does not contradict the original and is consistent with it.
18,"When tool wear is above 200 min, does it need priority inspection even if other readings look normal?",157781c070,good,"The AI answer matches the ground truth: it says units with tool wear above 200 min should be prioritized for inspection regardless of other readings, and it also includes the replacement-before-240-min guidance and the note that torque spikes are not a reliable early warning. This conveys the same key information."
19,What is the best maintenance action to prevent tool wear failure from catching us by surprise?,157781c070,good,"The AI answer preserves the key points from the ground truth: prioritize inspection once tool wear exceeds 200 min, replace before 240 min for long runs, and do not rely on torque spikes as an early warning. It also adds some context about wear-out failure, but nothing conflicts with the original. This is semantically equivalent."
20,"Is Tool Wear Failure usually a safety problem, or is it more of a quality and downtime issue?",70791c7ac7,good,The AI answer matches the ground truth on the key point: Tool Wear Failure is usually a quality/downtime issue rather than an acute safety hazard. It also correctly states escalation to the line supervisor for scheduling and that a halt is not automatically required unless tool fracture risk is confirmed by visual inspection. The extra details do not contradict the original answer.
21,"When we see signs of TWF, should the machine be stopped right away or can it keep running?",70791c7ac7,bad,"The ground truth says TWF is usually a quality/downtime issue, not an acute safety hazard, and the machine does not need to be stopped immediately unless tool fracture risk is confirmed by visual inspection; escalation to the line supervisor for scheduling is appropriate. The AI answer instead frames TWF as a critical wear band with sharply rising failure probability and recommends treating it as high risk and stopping or servicing as soon as possible. This is more urgent than the original and misses the key point that an immediate halt is not automatically required. Therefore it is not semantically equivalent."
22,"Who should I report a Tool Wear Failure to on the line, and what’s the normal escalation path?",70791c7ac7,good,"The AI answer preserves the key ground-truth points: TWF is mainly a quality/downtime issue, it should be escalated to the line supervisor for scheduling, and a halt is not automatically required unless visual inspection confirms fracture risk. The added maintenance-queue detail is extra but does not contradict the core answer."
23,"Do we only need to halt production if there’s actual risk of the tool breaking, or for any wear issue?",70791c7ac7,good,"The AI answer matches the ground truth on the key point: production does not need to be halted for every wear issue, and halt is only required if tool fracture risk is confirmed by visual inspection. It also correctly notes escalation for scheduling. However, it adds several extra specific halt criteria that are not present in the original answer, but this does not contradict the core meaning. Overall semantically equivalent."
24,What should the operator do after spotting tool wear so the right people can schedule the next step?,70791c7ac7,bad,"The original answer says the operator should escalate the issue to the line supervisor so scheduling can be arranged, and that stopping the machine is not automatically required unless fracture risk is confirmed. The AI answer instead talks about a priority inspection queue, replacement before 240 minutes, and mentions torque spikes and specific time thresholds that are not in the ground truth. It does not clearly state escalation to the line supervisor for scheduling, which is the key point asked. Therefore it is not semantically equivalent."
25,What symptoms usually show up when heat dissipation failure happens during low-speed operation?,ae1dcf3957,good,"The AI answer includes all key symptoms from the ground truth: abnormally high temperature, weaker-than-expected cooling, temperature rising under sustained/heavy operation, and possible derate/alarm/shutdown. It adds extra explanatory details and threshold conditions, but these do not contradict the original answer and the core response is preserved."
26,How can I tell if the process is in heat dissipation failure just from temperature and air temperature readings?,ae1dcf3957,bad,"The AI answer does not match the original answer. The ground truth says heat dissipation failure is identified by symptoms such as abnormally high machine/process temperature, weaker-than-expected cooling performance, temperature rise during sustained/heavy operation, and possible derating/alarm/shutdown. The AI instead gives a specific threshold rule involving temp difference and rotational speed, which is not present in the original answer and changes the meaning. Therefore it is not semantically equivalent."
27,"Does low rotational speed by itself mean HDF is happening, or do I need the temperature gap too?",ae1dcf3957,good,"The AI answer directly addresses the user's question by stating that low rotational speed alone does not mean HDF and that both low speed and the temperature gap condition are required. This is semantically aligned with the intended distinction, even though the ground truth phrasing lists symptoms/effects rather than the explicit rule. The AI preserves the key point needed to answer the question."
28,What exact temperature difference and rpm limits define heat dissipation failure in this process?,ae1dcf3957,bad,"The AI answer gives explicit temperature-difference and rpm thresholds, but they are not supported by the ground truth. The original answer only says the machine shows abnormally high temperature, weaker-than-expected cooling, temperature rise during sustained/heavy operation, and may derate, alarm, or shut down. It does not specify any exact numerical limits or a combined condition. Therefore the AI answer is not semantically equivalent to the original."
29,When should I suspect HDF instead of just a normal cooling issue on the machine?,ae1dcf3957,good,"The AI answer conveys the same key criteria as the ground truth: abnormal high temperature, weaker-than-expected cooling performance, temperature rise during sustained/heavy operation, and possible derating/alarm/shutdown. It adds extra diagnostic context and recommendations, but these do not contradict the original and preserve the core meaning."
30,What usually causes Heat Dissipation Failure when the spindle is running slowly?,b2a1fbed0a,bad,"The AI answer does not match the ground truth causes. The original answer lists practical causes such as blocked vents/filters, failed cooling components, low or contaminated coolant/lubricant, excessive load/friction, and a faulty temperature sensor. The AI answer instead describes a specific threshold-based condition about low rotational speed and insufficient temperature gradient, which is not the same and misses the key maintenance-related causes. Therefore it is not semantically equivalent."
31,Why does cooling get worse if the process and ambient temperatures are already very close?,b2a1fbed0a,bad,"The AI answer captures the core idea that cooling worsens when the temperature difference between the process and ambient is too small, which is relevant. However, it introduces an unsupported specific threshold and framing about rotational speed and thermal gradient that are not in the original answer. More importantly, it omits several key failure causes from the ground truth in a concise way, though some are indirectly mentioned in the recommended actions. Overall it is directionally correct but not semantically equivalent because it changes the emphasis and adds unsupported specifics."
32,How do low rotational speed and weak airflow lead to heat building up around the tool and workpiece?,b2a1fbed0a,good,"The AI answer captures the main idea that low rotational speed and weak airflow reduce convective heat removal, causing heat to accumulate around the tool/workpiece. It also correctly mentions likely related cooling-path issues such as blocked vents, dirty filters, failed fans/pumps/heat exchangers, and coolant/lubricant problems, which align with the ground truth. Although it adds some extra explanation about thermal gradient and maintenance tickets, it does not contradict the original answer or miss the key point."
33,What makes convective heat transfer too weak to remove process heat in a small thermal gradient situation?,b2a1fbed0a,bad,"The AI answer does not match the ground truth. The original answer lists causes such as blocked vents, dirty filters, failed fan/pump/heat exchanger/coolant circuit, low or leaking coolant/lubricant, excessive process load/friction, and faulty temperature sensor. The AI answer instead focuses on low rotational speed and a small temperature difference, which are not the same key points and omit the listed failure modes. Therefore it is not semantically equivalent."
34,"In a heat dissipation failure, why can local heat keep accumulating instead of being carried away?",b2a1fbed0a,good,"The AI answer captures the core idea that heat accumulates when it is not being effectively removed, and it includes several of the ground-truth causes such as blocked vents/restricted airflow, failed cooling components, and low/leaking coolant. However, it introduces specific thresholds and details about rotational speed and temperature difference that are not present in the original answer. These additions do not contradict the ground truth and the main answer remains semantically aligned."
35,How do I spot the sensor pattern for heat dissipation failure in this machine?,a4415efbd0,good,"The AI answer includes all key sensor pattern points from the ground truth: rising process/component temperature, abnormal temperature difference vs cooling medium, elevated temperature after load reduction, and low/unstable cooling indicators like fan speed, flow, and pressure. It adds extra condition details that are not in the original answer, but these do not contradict the core response. Semantically equivalent."
36,What should I calculate from process temperature and air temperature to detect HDF early?,a4415efbd0,good,"The AI answer correctly identifies that the key calculation is the temperature difference between process temperature and air temperature, and it frames this as an early warning signal for heat dissipation failure. However, it adds specific threshold values and rotational speed conditions that are not present in the ground truth. Since the question asks what should be calculated from process temperature and air temperature to detect HDF early, the core answer—monitoring the temperature gap—is semantically aligned with the original. The extra details do not contradict the ground truth."
37,"Is low rotational speed alone enough to call a heat dissipation failure, or do I need another condition too?",a4415efbd0,bad,"The AI answer says low rotational speed alone is not enough, which matches the core question. However, it introduces specific threshold conditions (process temperature minus air temperature < 8.6 K and speed < 1380 rpm) that are not present in the ground truth and do not match the original answer’s emphasis. The original answer focuses on additional indicators such as rising process/component temperature, abnormal temperature difference versus cooling medium, temperature staying elevated after load reduction, and cooling-system abnormalities. The AI answer therefore gives a different and potentially incompatible diagnostic rule rather than the same key information."
38,Which values or combination of readings usually point to heat dissipation failure risk?,a4415efbd0,bad,"The AI answer does not match the ground truth. The original answer says heat dissipation failure risk is indicated by upward temperature trends beyond baseline, abnormal temperature difference between machine/process and cooling medium, elevated temperature after load reduction, and low/unstable cooling-system status, fan speed, flow, or pressure. The AI instead gives a specific threshold-based rule involving process temperature minus air temperature and rotational speed, which is not present in the original and omits the key points about trend, post-load behavior, and cooling-system status. Therefore it is not semantically equivalent."
39,Why can the temperatures look normal even when the machine is heading toward heat dissipation failure?,a4415efbd0,good,"The AI answer captures the main idea: temperatures can appear normal individually because the key signal is the abnormal temperature difference between the machine/process and its cooling medium, especially under low rotational speed. It also mentions monitoring cooling-system status, fan speed, flow, or pressure. However, it adds specific threshold values and some explanatory detail that are not in the ground truth. Since the core explanation matches and the extra detail does not contradict it, the answer is semantically equivalent."
40,What should I do when a unit is showing heat dissipation failure and the temperature keeps trending up?,c98d530bd3,bad,"The AI answer is not semantically equivalent to the ground truth. The original answer gives practical maintenance actions: verify the temperature with a trusted instrument, inspect/clean cooling path components, check coolant condition/flow/leaks, reduce load and allow controlled cooling, and repair/replace defective cooling parts or sensors. The AI answer instead explains a specific threshold-based heat dissipation failure pattern using process temperature, air temperature, and rotational speed, and recommends checking those conditions and possibly increasing speed. It misses most of the key corrective actions and introduces details not present in the original answer."
41,Should I monitor a derived temperature difference feature instead of only looking at raw temperature readings for HDF?,c98d530bd3,bad,"The AI answer is not semantically equivalent to the ground truth. The ground truth gives troubleshooting/maintenance actions for a temperature-related HDF issue: verify with a trusted instrument, inspect cooling components, check coolant, reduce load, and repair/replace faulty parts. The AI instead talks about monitoring a derived temperature difference threshold and rotational speed, which is a different diagnostic rule and does not include the maintenance guidance from the original answer. It misses the key point of the provided answer."
42,"If a machine stays below 1380 rpm for a long time, do I need to check the temperature gradient more closely?",c98d530bd3,bad,"The AI answer captures the core idea that when the machine remains below 1380 rpm for a long time, the temperature gradient should be checked more closely. However, it adds specific threshold logic and explanations about heat dissipation failure that are not in the original FAQ answer. The original answer is an action list: verify temperature with a trusted instrument, inspect/clean cooling components, check coolant, reduce load, and repair faulty components. The AI answer omits these key corrective steps and instead frames the issue in a different diagnostic context. Since it misses the main practical guidance, it is not semantically equivalent."
43,"Is low rotational speed always safe in heat dissipation failure cases, or should I verify cooling conditions too?",c98d530bd3,good,"The AI answer captures the key operational advice from the ground truth: do not rely on low rotational speed alone and verify cooling conditions. It also includes several matching actions such as inspecting/cleaning cooling components, checking coolant, and verifying temperature with a trusted instrument. Although it adds domain-specific threshold details not present in the original answer, the core guidance is semantically aligned and correct."
44,"When both low speed and temperature trend are moving toward the limit, is forced cooling or higher rpm the better fix?",c98d530bd3,bad,"The AI answer does not match the ground truth. The original answer gives maintenance/diagnostic actions: verify temperature, inspect and clean cooling components, check coolant, reduce load, and repair faulty parts. The AI answer instead invents a specific failure mode, thresholds, and concludes that forced cooling or increasing rpm are the recommended fixes. This is not semantically equivalent to the original answer and misses the key operational guidance."
45,How can I tell if a sustained low thermal gradient at low speed is pointing to an upstream coolant or airflow problem?,1fa2bd4467,bad,"The AI answer does not match the ground truth. The original answer is a safety-focused instruction set: stop the machine if limits are exceeded or if smoke/odor/leakage/rapid heating occurs, do not open hot/pressurized cooling systems, apply lockout/tagout before access, and escalate recurring overheating. The AI answer instead provides a diagnostic explanation about upstream coolant/airflow issues and maintenance checks. While it is plausible and related, it misses the key safety actions and does not answer the question in the same way as the original. Therefore it is not semantically equivalent."
46,Should I open a maintenance ticket if the machine has a low thermal gradient at low speed but hasn’t actually failed yet?,1fa2bd4467,good,"The AI answer gives a generally plausible recommendation to open a maintenance ticket for a recurring/early overheating-related condition, which aligns with the ground truth's instruction to escalate recurring overheating to maintenance and process engineering. However, it introduces specific technical criteria and concepts (HDF, rpm threshold, temperature difference threshold) that are not present in the original answer. These additions do not conflict with the core advice, and the main point—escalate rather than wait for failure—is preserved. It does not explicitly mention the safety cautions from the original, but those are ancillary to the ticketing question."
47,Is low thermal gradient during slow operation an early warning for heat dissipation issues?,1fa2bd4467,bad,"The AI answer does not match the ground truth. The original answer is a safety response about immediate actions: stop the machine if approved temperature limits are exceeded or if smoke/odor/leakage/rapid heating occurs, do not open hot/pressurized cooling systems, apply lockout/tagout, and escalate recurring overheating. The AI answer instead invents specific threshold values and diagnostic explanation about low thermal gradient during slow operation, which are not present in the original answer. It misses the key safety actions entirely, so it is not semantically equivalent."
48,What upstream systems should I check first when I see a sustained low thermal gradient at low speed?,1fa2bd4467,bad,"The AI answer does not match the ground truth. The original answer is about safety and maintenance actions: stop the machine if limits are exceeded, avoid opening hot/pressurized systems, apply lockout/tagout, and escalate recurring overheating. The AI answer instead describes a different diagnostic pattern, mentions coolant/airflow systems, and gives unrelated threshold-based reasoning. It misses the key safety instructions and is not semantically equivalent."
49,"How serious is it when the thermal gradient stays low at low speed, and what’s the next step?",1fa2bd4467,bad,"The AI answer does not match the ground truth. The original answer is about immediate safety actions and escalation when overheating occurs: stop the machine under dangerous conditions, avoid opening hot/pressurized cooling systems, apply lockout/tagout, and escalate recurring overheating to maintenance and process engineering. The AI instead explains a specific HDF pattern, thresholds, and suggests a maintenance ticket/check coolant or airflow, which is unrelated and misses the safety instructions and escalation path in the original."
50,What signs should I look for if the machine is getting underpowered during the cut?,3bdafab7ac,good,"The AI answer correctly captures the key condition for underpowering: mechanical power below 3500 W, with low torque relative to speed and risk of incomplete or stalled cut. It also correctly mentions the safe band threshold. The extra details about power calculation and suggested signs are consistent with the ground truth, and no conflicting information is introduced. It does not mention the upper threshold of 9000 W, but the question asks specifically about underpowered during the cut, so this omission is acceptable."
51,At what power level does a power failure start because the output is too low?,3bdafab7ac,good,"The AI answer correctly identifies that a power failure due to low output starts when computed power is below 3500 W, which matches the ground truth. It also notes the overpowered case and provides consistent context. No key information is missing or incorrect."
52,How can I tell if the process is being overloaded by too much mechanical power?,3bdafab7ac,good,"The AI answer captures the key overpowered threshold correctly: power > 9000 W indicates overload/power failure due to excessive mechanical power. It also preserves the idea that this is a derived power condition and links it to mechanical overload. Although it adds extra details not present in the original, it does not contradict the ground truth and includes the main criterion needed to tell when the process is overloaded by too much mechanical power."
53,What’s the upper power limit where the machine moves into a power failure condition?,3bdafab7ac,good,"The AI answer correctly identifies the upper threshold for power failure as computed power greater than 9000 W and explains it as an overpowered/mechanical overload condition. This matches the ground truth. It also includes extra context that does not change the meaning. The question asks only for the upper power limit, and the answer provides it accurately."
54,Why would a power failure happen when torque and speed are no longer in a safe range?,3bdafab7ac,good,"The AI answer conveys the same core idea as the ground truth: power failure happens when computed power falls outside the safe band, specifically below 3500 W or above 9000 W. It also correctly explains that torque and speed jointly determine power, so unsafe combinations can trigger the failure even if individual values look acceptable. The added formula and advice are consistent with the original and do not change the meaning."
55,"What usually causes a power failure alarm on this machine, and how is power actually calculated?",fa3303819f,bad,"The AI answer correctly states that power is not directly measured and is calculated from torque and rotational speed using the same formulas as the ground truth. However, it adds specific alarm thresholds and explanatory context that are not present in the original answer. Since the core question asks what usually causes the alarm and how power is calculated, and the ground truth only answers the calculation part without those thresholds, the AI answer is not semantically equivalent to the original provided answer."
56,Why does the system show a power failure even though there’s no direct power sensor reading?,fa3303819f,good,"The AI answer correctly explains that power is not directly measured but derived from torque and rotational speed, and gives the same formula as the ground truth. The extra discussion about thresholds and actions is additional detail, not conflicting with the core answer."
57,How do torque and rotational speed combine to give the power value in this fault case?,fa3303819f,good,"The AI answer correctly states that power is computed as torque multiplied by rotational speed with the rpm-to-rad/s conversion factor (2π/60). It also preserves the key point that power is derived rather than directly measured. The extra discussion about fault thresholds is not in the ground truth, but it does not contradict the core formula asked about. Therefore it is semantically equivalent."
58,Can you explain the formula used to derive power from torque and rpm during a power failure check?,fa3303819f,good,"The AI answer correctly states that power is derived from torque and rotational speed, gives the same equations including the rpm-to-rad/s conversion factor (2π/60), and preserves the key point that power is not directly measured. It adds extra context about thresholds, which is not in the ground truth but does not contradict it. Semantically equivalent."
59,"If I’m troubleshooting a PWF fault, what should I know about where the power value comes from?",fa3303819f,good,"The AI answer states the key point from the ground truth: power is not directly measured and is derived from torque and rotational speed using the same formulas. It includes extra troubleshooting detail, some of which is beyond the original answer, but it does not contradict the core information asked about where the power value comes from. The added PWF-specific thresholds may be extra, but the semantic answer to the question is correct."
60,How do I spot a power failure from the sensor data without getting fooled by normal-looking torque or speed readings?,ed6de6dd8d,good,"The AI answer captures the key ground-truth points: compute and monitor derived power, do not rely on torque or speed alone, and watch for compensatory high-torque/low-speed or vice versa patterns. It adds some extra details and thresholds, but they do not conflict with the core answer. Therefore it is semantically equivalent."
61,"What sensor pattern usually points to a power failure, especially when torque and rotational speed seem to offset each other?",ed6de6dd8d,good,"The AI answer matches the ground truth on the key point: compensatory torque/speed patterns (high torque with low speed or vice versa) suggest a power failure, and torque/speed should not be judged in isolation; computed power must be checked. It adds extra threshold details and related diagnostics, but those do not contradict the original answer and the core meaning is preserved."
62,"Should I check torque and speed separately, or is there a derived power value I need to watch for power failure detection?",ed6de6dd8d,good,"The AI answer matches the ground truth on the key point: monitor derived power rather than torque and speed separately, because individual readings can look normal while the combined power is out of range. It also correctly mentions compensatory patterns (high torque/low speed or vice versa) as the signature. The extra threshold values and action advice are additional detail; they do not contradict the original answer and the core message is preserved."
63,Can power failure still be present if torque or rotational speed looks in range on its own?,ed6de6dd8d,good,"The AI answer matches the ground truth: it states that power failure can still be present when torque or rotational speed appears normal in isolation, emphasizes checking the derived power value rather than individual factors, and notes the compensatory high-torque/low-speed or high-speed/low-torque pattern. The extra formula and thresholds do not contradict the original and are acceptable elaboration."
64,What’s the usual signature of PWF in the readings when one signal is high and the other is low?,ed6de6dd8d,good,"The AI answer matches the ground truth: it identifies the classic compensatory pattern of high torque with low speed or high speed with low torque, emphasizes checking the derived power rather than either signal alone, and notes that normal-looking individual readings can still yield out-of-band power. The added formula and band limits are extra detail but do not conflict with the original answer."
65,What should I do when a power failure condition starts trending toward the low or high limit in the process?,54e5187ac8,good,"The AI answer matches the ground truth: it recommends monitoring computed power directly, adjusting torque or speed setpoints when power trends toward 3500 W or 9000 W, and investigating drive/motor calibration if power drifts outside the band without a setpoint change. Extra explanation about why power matters is consistent and does not change the meaning."
66,How can I use power monitoring in a real-time dashboard to catch a power failure early?,54e5187ac8,good,"The AI answer preserves the key points of the ground truth: compute and monitor power as a derived real-time feature, watch for trends toward the 3500 W and 9000 W bounds, adjust torque or speed setpoints early, and investigate calibration if power drifts without a setpoint change. The added equations and explanatory text are consistent and do not change the meaning."
67,"If power drifts outside the normal band without any setpoint change, what should I check on the drive or motor?",54e5187ac8,good,"The AI answer correctly identifies drive/motor calibration as the key thing to check when power drifts outside the normal band without a setpoint change. It preserves the core instruction from the ground truth and adds reasonable diagnostic suggestions that do not contradict it. Although it omits the dashboard/setpoint management points, those are not essential to the specific question asked."
68,"When power is moving toward 3500 W or 9000 W, is it better to adjust torque or speed first?",54e5187ac8,good,"The AI answer preserves the key point from the ground truth: when power trends toward 3500 W or 9000 W, adjust torque or speed setpoints before reaching the limit, and it explicitly notes that no preference is given for torque-first or speed-first. It also includes the idea of monitoring computed power directly, which matches the original. Extra formula detail is not contradictory. It does not mention the calibration check, but that is ancillary and not required for equivalence to the main question."
69,What is the best operator action for preventing a power failure before the process hits the boundary?,54e5187ac8,good,"The AI answer conveys the same core guidance as the ground truth: treat power as a derived real-time feature, act early by adjusting torque or speed as power approaches the 3500 W or 9000 W limits, and investigate calibration if power drifts unexpectedly. Extra explanation does not change the meaning."
70,"For a Power Failure issue, how should we handle escalation and what safety risks should we watch for?",78b97cfea5,good,The AI answer correctly states that overpower events (>9000 W) carry higher acute mechanical risk and should be escalated with higher priority. It also adds reasonable context about underpower events without contradicting the ground truth. Core information matches the original answer.
71,Is overpower above 9000 W considered more urgent than underpower in a Power Failure case?,78b97cfea5,good,"The AI answer matches the ground truth: it explicitly states that overpower events above 9000 W are more urgent than underpower, and it preserves the key rationale that overpower carries higher acute mechanical risk and potential equipment damage. The extra severity/response-window details are consistent with the core answer and do not contradict it."
72,"What’s the main mechanical risk during a PWF event, and does it need higher-priority escalation?",78b97cfea5,good,"The AI answer matches the ground truth on the key point: overpower events above 9000 W have higher acute mechanical risk and should be escalated with higher priority. It also mentions the underpower case, but that does not contradict the original answer. Extra details about line stop criteria are not needed, but they do not change the core meaning."
73,"When the machine hits an overpower condition, should we treat it as a higher-priority safety concern than low power?",78b97cfea5,good,"The AI answer correctly states that overpower should be treated as higher priority than low power and cites the same core rationale: overpower (>9000 W) has higher acute mechanical risk and potential equipment damage, while low power is less urgent. It preserves the key point of escalation priority, so it is semantically equivalent to the ground truth."
74,"In a power failure scenario, does going over 9000 W mean more chance of equipment damage and faster escalation?",78b97cfea5,good,"The AI answer matches the ground truth on the key points: overpower events above 9000 W have higher acute mechanical risk/potential equipment damage than underpower events, and they should be escalated with higher priority. The extra procedural safety advice does not conflict with the original answer."
75,"How do I know if this overstrain failure is happening on the machine, and what should I look for in the torque and tool-wear data?",da179b1e6d,bad,"The AI answer is not semantically equivalent to the ground truth. The ground truth asks for signs of overstrain failure on the machine: excessive mechanical load, torque, vibration, deformation, reduced speed, poor process quality, difficulty completing operation, accelerated wear/cracking/bending/breakage, and possible overload/torque-limit alarms. The AI answer instead invents a specific formula, thresholds by machine type, and discussion of tool wear versus torque tradeoffs, which are not in the original answer and do not directly answer the asked diagnostic signs. It also omits key indicators like vibration, deformation, reduced speed, process quality, and alarms. Therefore it misses the key point and includes unsupported details."
76,Why would the same wear and torque readings be fine on one product variant but trip a failure on another one?,da179b1e6d,bad,"The AI answer is not semantically equivalent to the ground truth. The original answer explains that the same wear and torque readings may be fine on one variant but fail on another because variant-specific limits can lead to excessive mechanical load, vibration, deformation, reduced speed, poor quality, tool damage, or overload/torque-limit alarms. The AI answer instead invents a specific 'overstrain' formula, numeric thresholds for L/M/H, and references to false positives/negatives that are not present in the original. While it does convey that limits differ by product variant, it misses the actual failure implications and introduces unsupported details that change the meaning."
77,"What strain indicator value should I treat as the limit for low, medium, and high quality parts before overstrain kicks in?",da179b1e6d,bad,"The AI answer is not semantically equivalent to the ground truth. The original answer describes symptoms/effects of overstrain (excessive load, reduced speed, wear, alarms) and does not provide any numeric strain indicator thresholds. The AI answer invents specific limit values for low, medium, and high quality parts, which are unsupported by the original answer and likely incorrect. Therefore it misses the key point and adds false information."
78,"Does overstrain failure come from just high torque, or is it the combination of torque and tool wear that matters here?",da179b1e6d,good,"The AI answer states that overstrain failure depends on the combination of torque and tool wear rather than high torque alone. This matches the key point in the ground truth, which describes excessive mechanical load/torque plus resulting wear, cracking, bending, or breakage, and related operational issues. Although the AI adds specific formulas and thresholds not present in the original answer, the core semantic claim is consistent."
79,"If I’m monitoring predictive maintenance, how do I compare the strain indicator against the variant-specific threshold to catch this failure early?",da179b1e6d,bad,"The AI answer does mention comparing a strain indicator against a variant-specific threshold, which matches the user’s question. However, it introduces specific formulas and numeric thresholds that are not supported by the ground truth, and it does not convey the actual failure symptoms from the original answer (excessive load/torque/vibration/deformation, reduced speed, poor quality, tool/component wear or breakage, alarms). Since the core content of the original answer is about early signs of failure rather than the derived-strain formula, the AI response is not semantically equivalent."
80,What usually causes an overstrain failure in predictive maintenance terms?,6fda618d5b,bad,"The AI answer captures the general idea that overstrain failure is due to excessive mechanical load/strain and mentions worn tools and high torque, but it introduces a specific formula, variant-specific thresholding, and procedural recommendations that are not in the ground truth. More importantly, it misses several key causes from the original answer: misalignment, jamming, improper feed, unsuitable work material, incorrect operating parameters/tooling selection, and weak/fatigued/improperly installed components. Because it does not convey the full intended causes and adds unsupported specifics, it is not semantically equivalent."
81,How do tool wear and applied torque combine to create the strain indicator?,6fda618d5b,bad,"The AI answer gives a specific multiplicative formula for a strain indicator and discusses thresholds. The ground truth, however, lists causes of exceeding load/capacity and mentions worn/damaged tools needing greater force, but it does not define a strain indicator formula or threshold values. The AI answer is therefore not semantically equivalent to the provided original answer and appears to invent details not supported by the ground truth."
82,Is there a simple formula for estimating overstrain risk from wear and torque?,6fda618d5b,bad,"The AI answer is not semantically equivalent to the ground truth. The ground truth does not provide a formula; it lists general causes of overstrain risk such as load exceeding rated capacity, wear increasing required force, misalignment/jamming, incorrect parameters, and weak components. The AI invents a specific wear×torque formula, variant thresholds, and failure mechanism details that are unsupported and unrelated to the original answer."
83,Can overstrain failure be explained as a buildup of strain from a worn tool under load?,6fda618d5b,good,"The AI answer captures the core idea that overstrain can result from a worn tool being loaded, but it introduces unsupported specifics about a wear×torque formula and thresholds that are not present in the ground truth. However, the question asks whether overstrain failure can be explained as a buildup of strain from a worn tool under load, and the original answer does support a worn or damaged tool requiring greater force, plus operating load exceeding capacity. The AI's answer is semantically aligned enough on the key point, despite extra invented detail."
84,What factors should I check first when trying to trace the root cause of OSF?,6fda618d5b,bad,"The AI answer does not match the ground truth. The original answer lists general root-cause factors to check first: overload beyond rated capacity, worn/damaged tools increasing force, misalignment/jamming/feed/material issues, incorrect operating parameters/tooling selection, and weak or improperly installed mechanical components. The AI instead gives a specific formula involving tool wear and torque, threshold comparison, and an invented OSF definition that is not supported by the original answer. It misses the key diagnostic factors and adds unsupported details."
85,"How do I tell if an OSF case is really there from the sensor data, and which fields do I need to look at?",b2d23ef2a6,bad,"The AI answer captures a different but compatible framing: OSF is indicated by a derived strain/load condition involving tool wear and torque, and it identifies key fields to inspect. However, it adds specifics (Type, threshold logic, severity/response) not present in the ground truth and does not explicitly mention several ground-truth cues like force, motor current, speed/output decrease, vibration, or acoustic emission. Since the original answer asks how to tell from sensor data and which fields to look at, the AI answer is only partially aligned: it gives a potentially valid OSF rule but misses most of the listed indicators and may overstate a single criterion as definitive."
86,"For Overstrain Failure, should I be checking tool wear and torque separately, or is there some combined value that matters more?",b2d23ef2a6,bad,"The AI answer is not semantically equivalent to the ground truth. The original answer says overstrain failure is indicated by rising load-related signals (torque/force/strain/motor current), persistent or increasing high load with decreasing speed/output, increasing vibration/acoustic emission, and joint deterioration of tool wear and load measurements. It does not mention any specific combined formula of tool wear × torque or type-specific thresholds. The AI answer introduces unsupported details and misses the listed diagnostic indicators, so it is incorrect relative to the provided ground truth."
87,"Do the OSF limits change by machine type, or is there one threshold that works for every variant?",b2d23ef2a6,bad,"The AI answer is not semantically equivalent to the ground truth. The ground truth lists general signs/conditions associated with OSF limits (rising torque/force/strain/current, high load with decreasing speed/output, vibration/acoustic emission increases, and correlated tool wear and load deterioration). The AI instead discusses variant-specific thresholds and a formula about tool wear × torque, which is unrelated to the provided answer and does not address the stated indicators. Therefore it misses the key point and is incorrect relative to the original answer."
88,"Can a worn tool at moderate torque and a new tool at high torque both end up as OSF, or is only one of those actually a failure?",b2d23ef2a6,good,"The AI answer captures the core idea that OSF can occur for either a worn tool at moderate torque or a new tool at high torque, since failure depends on combined loading rather than a single factor. However, it adds specific claims about a product threshold and type-specific numerical limits that are not present in the ground truth. Still, these additions do not contradict the key point. The ground truth emphasizes that OSF is indicated by rising torque/force/strain or motor current above baseline, persistent/increasing load with reduced speed/output, increased vibration/acoustic emission, and correlated deterioration of wear and load measures. The AI answer is semantically aligned with the yes/no question asked, even if it uses a different explanatory framing."
89,"What usually goes wrong when people diagnose OSF, especially if they use the same limit for all variants?",b2d23ef2a6,bad,"The ground truth says OSF is indicated by rising torque/force/strain/motor current above baseline, persistent or increasing load with decreasing speed/output, rising vibration or acoustic emission under load, and tool-wear indicators worsening together with load measurements. The AI answer instead talks about variant-specific thresholds, false positives/negatives, and monitoring recommendations. It does mention using one fixed threshold for all variants, but it misses the core diagnostic symptoms and is not semantically equivalent to the original answer."
90,What should I do when an OSF alarm shows up on the machine?,e9380cebc6,bad,"The AI answer does not match the required corrective action from the ground truth. The original answer says to stop or reduce the load, inspect the tool/components for wear, cracks, deformation, or looseness, check alignment/lubrication/feed/clamping/process settings, replace damaged tooling, and verify ratings. The AI instead discusses OSF as a generic overstrain risk and recommends notifying a supervisor and treating it as a high-severity incident, which misses the core procedural steps and introduces unsupported details."
91,"Do I need to include the product type, like L, M, or H, when checking for overstrain failure risk?",e9380cebc6,bad,"The AI answer is not semantically equivalent to the ground truth. The ground truth is an action-oriented troubleshooting response about reducing load, inspecting tooling/components, checking alignment/lubrication/settings, replacing damaged parts, and verifying ratings. The AI answer instead invents a specific threshold-based rule about product types L/M/H and overstrain failure, which is unsupported by the provided ground truth and does not address the listed corrective actions. Therefore it misses the key point and introduces incorrect details."
92,"For long runs on the high-end variant, should I watch just the current torque or the wear multiplied by torque over time?",e9380cebc6,bad,"The AI answer is not semantically equivalent to the ground truth. The original answer gives a set of operational corrective actions: stop/reduce load per procedure, inspect tool/components for wear or damage, check alignment/lubrication/feed/clamping/process settings, replace damaged tooling, and verify ratings. The AI answer instead introduces a different concept about monitoring wear × torque over time for an H variant, which is not present in the ground truth and misses all the key instructions from the original answer."
93,"If the batch is close to the OSF threshold, is it better to lower the torque setting or change the tool sooner?",e9380cebc6,good,"The AI answer conveys the same core idea as the ground truth: if near the OSF threshold, mitigate risk by reducing load/torque or replacing the tool earlier, and it correctly avoids claiming one option is always better. It adds some explanatory detail, but nothing contradicts the original answer. The original answer also includes broader maintenance checks, which are not directly asked about here, so their omission is acceptable."
94,Can a simple threshold check without variant info misread the overstrain failure risk?,e9380cebc6,bad,"The AI answer does not match the ground truth. The original answer is about mitigation steps for an overstrain-related failure risk: stop/reduce load, inspect tooling and components, check alignment/lubrication/feed/clamping/settings, replace damaged parts, and verify ratings. The AI answer instead discusses variant-dependent threshold logic, false positives/negatives, and monitoring product types, which is a different topic and does not convey the listed corrective actions. Therefore it misses the key point and is not semantically equivalent."
95,"What should I do when an overstrain threshold gets breached, and is it more urgent than TWF alone?",fc4efb8a87,bad,"The AI answer does convey that an overstrain threshold breach is a serious mechanical risk and says it should be treated as higher priority than TWF alone, which matches the urgency aspect. However, it misses several key ground-truth actions: stop immediately when cracking, severe vibration, jamming, deformation, or imminent breakage is suspected; keep personnel clear of stored-energy/fragment-ejection zones; isolate mechanical, hydraulic, pneumatic, and electrical energy before inspection; and escalate repeated events to maintenance, reliability, and process engineering. It also introduces unsupported technical details about strain formulas and product variants that are not in the original answer. Since the core operational response is not adequately captured, the answer is not semantically equivalent."
96,How serious is OSF in terms of actual mechanical damage or failure risk?,fc4efb8a87,bad,"The AI answer correctly conveys that OSF is serious and represents a real mechanical overstrain/failure risk, with risk of tool or workpiece failure. However, it diverges from the ground truth by inventing specific threshold values and a formula that are not present in the original answer. Since the key safety actions in the original answer are to stop immediately when cracking/vibration/jamming/deformation/breakage is suspected, keep personnel clear, isolate energy sources, and escalate repeated overstrain events, the AI answer does not fully match the intended response and omits these critical immediate safety steps. The core seriousness is captured, but the operational guidance is incomplete and partly fabricated."
97,Can OSF lead to tool breakage or workpiece failure during operation?,fc4efb8a87,good,"The AI answer preserves the core point that OSF can lead to tool breakage or workpiece failure during operation. It also includes the key safety actions from the ground truth: stop immediately if cracking/severe vibration/jamming/deformation/imminent breakage is suspected, keep personnel clear of stored-energy/fragment-ejection zones, and isolate mechanical/hydraulic/pneumatic/electrical energy before inspection. It adds extra explanatory detail and additional maintenance steps, but these do not conflict with the original answer."
98,Why is a threshold breach under overstrain failure treated as a higher-priority alarm?,fc4efb8a87,bad,"The AI answer captures that a threshold breach under overstrain failure is a serious, higher-priority condition and should be escalated/acted on immediately. However, it does not match the ground truth’s key operational guidance: stop immediately if cracking, severe vibration, jamming, deformation, or imminent breakage is suspected; keep personnel clear; isolate mechanical/hydraulic/pneumatic/electrical energy before inspection; and escalate repeated events. Instead it introduces unsupported details about strain indicators, product-quality dependence, and tool/workpiece failure. Since the question asks why it is treated as a higher-priority alarm and the answer should align with immediate safety risk management, the AI answer is only partially aligned and misses the main safety actions."
99,What safety response is recommended when OSF shows up on predictive maintenance monitoring?,fc4efb8a87,bad,"The AI answer is not semantically equivalent. The ground truth asks for a safety response: stop immediately if failure is suspected, keep personnel clear, isolate all energy sources before inspection, and escalate repeated overstrain events. The AI instead discusses process/threshold management, torque setpoints, and tool replacement, but does not mention stopping the machine, clearing personnel, or isolating energy. It also introduces variant/type context that is not part of the ground truth. Key safety actions are missing or replaced with different guidance."
100,"How can I tell if a random failure is happening when there’s no torque, temperature, speed, or wear pattern showing up?",5a9b380c35,good,"The AI answer matches the ground truth: it states random failure occurs independently of sensor readings, has no torque/temperature/speed/wear signature, and is a low background probability regardless of process state. The added ~0.1% detail is extra but does not contradict the core answer."
101,"Does RNF show any sensor signature at all, or is it just a background failure that can happen in any machine state?",5a9b380c35,good,"The AI answer matches the ground truth: it says RNF has no sensor signature, is independent of sensor readings, and is a background failure that can occur in any machine state. The extra details (examples of sensor types, constant probability, and suggested actions) do not conflict with the original answer and are consistent with it."
102,What should I expect from a random failure if it doesn’t depend on the readings from the machine?,5a9b380c35,good,"The AI answer matches the core ground truth: random failure is independent of sensor readings, has no associated torque/temperature/speed/wear signature, and is a low-probability background failure applied uniformly. It adds extra details (e.g., 0.1%, likely causes, response recommendations) that are not in the original, but these do not contradict the key point. Semantically equivalent."
103,"Is there any way to predict RNF from process data, or does it happen independently of all sensor inputs?",5a9b380c35,good,"The AI answer matches the ground truth: it says RNF cannot be predicted from process/sensor data, has no sensor signature, and is an independent background failure with low constant probability. It preserves the key idea that there is no association with torque, temperature, speed, wear, or other process inputs. Extra recommendations do not conflict with the original answer."
104,"Why would a random failure occur even when torque, temperature, speed, and wear all look normal?",5a9b380c35,good,"The AI answer matches the ground truth: it states that random failure occurs independently of sensor readings, has no torque/temperature/speed/wear signature, and is a low-probability background event applied uniformly regardless of process state. Extra wording about not forcing a sensor-based explanation is consistent and does not change the meaning."
105,What usually causes a Random Failure when none of the other failure mechanisms fit?,b4c5d8e838,good,"The AI answer matches the ground truth on the key point: Random Failure is the catch-all for failure modes not explained by the other mechanisms, including unmodeled defects, unexpected external events, and residual inherent risk, and it is modeled as a small constant probability (~0.1%) across process instances. The added operational advice is extra but does not contradict the original answer."
106,"In predictive maintenance, why would a machine still have a small chance of random failure?",b4c5d8e838,good,"The AI answer matches the ground truth: it explains that there is an irreducible residual risk of failure independent of sensor conditions, due to unmodeled defects or external events, and notes the small constant probability (~0.1%) applied to every instance. The extra recommendation about containment is not contradictory and does not change the core meaning."
107,What kinds of issues are counted as random failures instead of the other modeled failure modes?,b4c5d8e838,good,"The AI answer captures the core idea that random failures are failures not covered by the other modeled modes and correctly includes the ground-truth examples: unmodeled component defects, unexpected external events, and residual inherent risk, along with the ~0.1% constant probability. The extra details about sensor signatures and recommended actions are not in the original but do not contradict it. Semantically equivalent."
108,How is the residual failure risk handled for each process instance in the source dataset?,b4c5d8e838,good,"The AI answer matches the ground truth: it states that residual failure risk is a small constant probability of about 0.1% applied to every process instance regardless of conditions, and correctly characterizes it as residual/unmodeled risk. The extra operational recommendations do not contradict the original answer."
109,Why does the model apply about a 0.1% failure probability even when the machine looks normal?,b4c5d8e838,bad,"The AI answer is not semantically equivalent to the ground truth. The original says the ~0.1% probability is a constant residual failure risk applied to all instances to represent unmodeled defects, external events, or inherent system risk. The AI instead explains it as tool-wear failure based on cumulative runtime and normal sensor readings, which is a different mechanism and introduces unsupported details. It misses the core point that the small probability is a generic baseline unrelated to visible machine condition."
110,"Is there any sensor pattern or signature that can reliably point to an RNF event, or is it basically random by design?",540eb89eaa,good,"The AI answer preserves the key point: there is no reliable sensor signature for RNF, it is essentially random with no meaningful correlation to the listed sensor/process variables, and claims of sensor-based prediction are likely overfitting. The extra discussion does not contradict the ground truth."
111,"Can we predict RNF from machine sensors like air temp, process temp, speed, torque, or tool wear, or does that usually fail?",540eb89eaa,good,"The AI answer conveys the same key points as the ground truth: RNF is not meaningfully predictable from air temperature, process temperature, rotational speed, torque, or tool wear; there is no correlation by design; models should not beat base rate; and strong sensor-based explanations should be viewed skeptically as likely overfitting. The extra recommendation about using other evidence does not contradict the original."
112,"If a model says it found a strong sensor-based cause for an RNF failure, should I trust that result or assume it may be overfitting?",540eb89eaa,good,"The AI answer matches the ground truth: it says not to trust a strong sensor-based cause for RNF, notes RNF has no correlation with the listed sensor/process variables, and warns such explanations are likely overfitting. The extra recommendations do not contradict the source, though they add more than needed."
113,What should I expect from any rule or predictive model when it tries to forecast RNF using sensor features?,540eb89eaa,good,"The AI answer matches the ground truth on the key point: RNF has no meaningful correlation with the sensor features, so models/rules should not be expected to outperform the base rate. It also correctly notes that apparent sensor-based explanations may be overfitting/coincidental. The extra operational recommendations are not in the original answer, but they do not contradict it and the core answer is preserved."
114,"Does RNF have any real correlation with operating conditions, or should we treat it as having no sensor linkage at all?",540eb89eaa,good,"The AI answer preserves the key ground-truth points: RNF has no meaningful correlation with the listed operating/sensor conditions, should not be predicted from sensor features better than base rate, and any strong sensor-based explanation is likely overfitting or coincidence. It adds extra operational suggestions, but they do not contradict the original answer. Minor wording differences ('random/background failure') are acceptable and semantically aligned with 'no sensor linkage.'"
115,"What should we do when a random failure shows up, and is there any point in trying to build sensor-based warning rules for it?",82793c924f,good,"The AI answer matches the ground truth on all key points: it says RNF should not have sensor-based early-warning rules, explains it as irreducible background risk, recommends tracking RNF incidents separately, and suggests reliability mitigations like redundancy, spare parts, and rapid-response maintenance. The extra discussion about no sensor signature and overfitting is consistent with the original meaning."
116,How should RNF incidents be handled in maintenance reporting so they don’t get mixed up with other failure causes?,82793c924f,good,"The AI answer preserves the key point from the ground truth: RNF incidents should be tracked separately in maintenance reporting so they are not misattributed to other failure causes during root-cause review. It also correctly notes that RNF is an irreducible/random background risk with no sensor signature. The extra mention of not folding into TWF/HDF/PWF/OSF is not in the original but does not change the core meaning. It omits the specific recommendation about redundancy, spare parts, and rapid-response crews, but that was secondary to the reporting question and the main reporting guidance is intact."
117,"If RNF is just background risk, what kind of reliability measures actually help reduce its impact?",82793c924f,good,"The AI answer matches the ground truth. It correctly states that RNF is irreducible/background risk and should not be targeted with sensor-based early-warning rules. It also includes the key operational measures that help more: redundancy, spare parts, and rapid-response maintenance crews, and mentions separate reporting for RNF incidents. This is semantically equivalent to the original answer."
118,"Should random failures be included in predictive-maintenance alarm logic, or is that the wrong approach?",82793c924f,good,"The AI answer matches the ground truth. It says RNF/random failures should not be used for sensor-based predictive alarm logic, frames them as background risk with no useful sensor signature, and recommends mitigation via redundancy, spare parts, and rapid-response crews. It also correctly implies separate handling rather than prediction. Minor extra detail is acceptable."
119,What are the best practical steps for dealing with RNF events on the plant floor?,82793c924f,good,"The AI answer preserves the key points of the ground truth: RNF should not be treated as sensor-predictable, it should be handled as irreducible background risk, RNF incidents should be tracked separately, and general reliability measures like redundancy, spare parts, and rapid-response maintenance are the practical mitigation steps. The extra discussion about lack of sensor signature and post-failure containment does not conflict with the original answer."
120,How should we handle a random failure event when it can’t really be predicted ahead of time?,2d6db8473b,good,"The AI answer captures the core idea of the ground truth: random failure is inherently unpredictable, so the response should emphasize rapid after-the-fact detection and containment rather than prevention/prediction. The extra discussion about sensor signatures and base-rate modeling is not necessary but does not contradict the original answer."
121,What’s the best response approach for RNF if prevention isn’t realistic?,2d6db8473b,good,"The AI answer preserves the core point from the ground truth: since RNF is unpredictable, the response should emphasize rapid detection after the fact and containment rather than prevention. The added details do not contradict the original and are consistent with that idea."
122,"When a random failure happens, should the priority be catching it fast and containing it instead of trying to prevent it?",2d6db8473b,good,"The AI answer preserves the core point: RNF is unpredictable, so the response should emphasize rapid detection after the fact and containment rather than prevention. The extra detail does not change the meaning and is consistent with the ground truth."
123,What escalation steps make sense for unpredictable failures like RNF?,2d6db8473b,good,"The AI answer preserves the core point of the ground truth: RNF is unpredictable, so escalation should emphasize rapid detection after the fact and containment rather than prevention. The added details about lack of sensor signature, skepticism of predictive models, separate tracking, and general reliability mitigations are consistent and do not change the main answer."
124,"For random failures, is the main focus on quick detection after the fact and limiting the damage?",2d6db8473b,good,The AI answer matches the ground truth: it says random failures are unpredictable and the focus should be rapid detection after the fact plus containment/limiting damage rather than prevention. The extra details about sensors and mitigation are consistent and do not change the meaning.
125,How can I tell which condition actually triggered the maintenance incident before I write the report?,31933c9da0,good,"The AI answer correctly identifies the same trigger conditions as the ground truth and preserves the key instruction to confirm the specific derived condition before reporting. It adds some extra commentary about predicted probability and reporting format, but that does not contradict the original answer. However, it slightly alters the specifics by mentioning 'power, temp_diff, strain_indicator' rather than the exact original list and does not include the severity classification table. Since the question asks how to tell which condition triggered the incident before writing the report, the core answer is present and semantically equivalent."
126,"What exact checks should I use to classify this as TWF, HDF, PWF, OSF, or RNF?",31933c9da0,good,"The AI answer captures the same key checks and classification logic as the ground truth: TWF at tool wear 200–240 min, HDF at temp_diff < 8.6 K with rotational speed < 1380 rpm, PWF when power is outside 3500–9000 W, OSF when tool_wear × torque exceeds the threshold, and RNF when none of the conditions apply but failure is flagged. It also preserves the severity distinctions for PWF. Extra explanatory details do not change the meaning."
127,"If the computed power is outside 3500 to 9000 W, how urgent is the response and what severity should I assign?",31933c9da0,good,"The AI answer matches the ground truth on the key point: computed power outside 3500–9000 W indicates PWF, with overpower requiring immediate response and high severity, and underpower requiring same-shift response with medium severity. Extra explanatory detail does not change the core meaning."
128,"When tool wear and torque cross the variant threshold, do I treat it as OSF and escalate immediately?",31933c9da0,good,"The AI answer correctly identifies that when tool wear × torque crosses the variant-specific threshold, it is OSF and should be escalated. This matches the ground truth's ""tool_wear × torque over variant threshold → possible OSF"" and ""OSF | High | Immediate"". The extra details about specific thresholds and mitigation actions are not in the original answer, but they do not contradict the key point. The only slight difference is that the ground truth says to first confirm the trigger/derived condition before escalating, but the AI answer still captures the same operational meaning."
129,"If a failure is flagged but none of the rules fired, how should I handle the severity and review process?",31933c9da0,good,"The AI answer correctly identifies that if no derived-condition rules fired, the failure should be treated as likely RNF, with variable severity and case-by-case, post-hoc review. It preserves the key point from the original answer. The extra comments about irreducible background risk and separate tracking are not contradicted by the source and do not change the meaning, though they are not explicitly in the provided ground truth."
130,What exact conditions mean I should stop the production line right away during an incident?,811e19f510,good,"The AI answer captures the exact halt conditions: power > 9000 W, tool_wear × torque exceeding the variant threshold by more than 10%, or two or more simultaneous failure conditions. It also correctly states that otherwise the issue should be flagged for inspection at the next scheduled maintenance window rather than halting. The extra mention of routing to the line supervisor is not in the ground truth, but it does not contradict the main answer."
131,"If the computed power goes above 9000 W, do I need to halt the machine immediately?",811e19f510,good,"The AI answer correctly states that computed power exceeding 9000 W is an immediate halt criterion and that the machine should be stopped immediately rather than waiting for maintenance. It also preserves the key point that this is required regardless of severity. It omits the other halt criteria, but that was not necessary to answer the question."
132,When does tool wear multiplied by torque require an instant stop instead of waiting for maintenance?,811e19f510,good,"The AI answer correctly states the key halt criterion: instant stop when tool_wear × torque exceeds the variant threshold by more than 10%, and otherwise inspection at the next maintenance window. It also correctly mentions the other halt conditions. Extra explanatory detail does not conflict with the ground truth."
133,"If two failure conditions happen at the same time, should I shut the line down even if the issue seems minor?",811e19f510,good,"The AI answer matches the ground truth on the key point: if two or more failure conditions occur simultaneously, the line should be halted immediately regardless of apparent minor severity. It also correctly notes that this is a halt criterion and not deferred to maintenance. The extra elaboration does not contradict the original answer."
134,When can I just flag the issue for the next maintenance window instead of stopping production?,811e19f510,good,"The AI answer preserves the key rule: flag for the next maintenance window when none of the halt criteria are met, and it correctly lists the three immediate-stop conditions. The extra comments about Tool Wear Failure are not in the ground truth, but they do not change the core answer. This is semantically equivalent."
135,"What needs to go into an incident report, and how do I decide if it goes straight to the line supervisor or just into maintenance queue?",bc2c341df0,good,"The AI answer matches all key elements of the ground truth: required incident report contents, routing high-severity incidents to the line supervisor, low/medium severity to maintenance queue, and the caution that predicted probability must be cross-checked against actual derived features before asserting root cause. Extra examples do not conflict with the original answer."
136,"When I’m writing up an alarm or fault, what details should I include about the triggered condition, severity, and corrective action?",bc2c341df0,good,"The AI answer captures all key points from the ground truth: it specifies the triggered condition and measured values vs threshold, includes severity classification and response window, states to include the corrective action from the failure-mode document, and notes whether immediate halt is required. It also correctly includes the caution about cross-checking predicted failure flags against actual derived features before asserting root cause. Extra examples/details do not change the meaning."
137,"How do I tell whether a predicted failure is real enough to report as the actual root cause, or do I need to verify the derived feature first?",bc2c341df0,good,The AI answer matches the key caution from the ground truth: a predicted failure is not a confirmed condition and the derived feature should be checked before reporting a specific root cause. It also preserves the escalation guidance and report contents. The added claims about needing the derived feature being computed first and examples of derived features are consistent with the original context and do not contradict it.
138,"For a high-severity incident, who do I escalate it to right away, and what should be mentioned in the report?",bc2c341df0,good,"The AI answer matches the ground truth on the key escalation instruction (high-severity goes immediately to the line supervisor) and includes all required report contents: fired conditions and values vs threshold, severity and response window, corrective action, and immediate halt requirement. It also preserves the caution about not confusing model confidence with a confirmed condition and cross-checking derived features before asserting root cause. Semantically equivalent."
139,"If the system flags a condition, what’s the proper way to document it so the report covers thresholds, response timing, and whether the machine must stop?",bc2c341df0,good,"The AI answer captures the required report contents: condition and measured values vs threshold, severity and response window, corrective action, and whether an immediate halt is required. It also reflects the instruction to document halt criteria and includes escalation-like context, though not exactly the supervisor/maintenance routing. Extra specifics about HDF are acceptable and do not change the core equivalence. It does not contradict the ground truth, so it is semantically aligned."
140,"What raw sensor and process fields are included in the AI4I dataset, and what does each one represent?",0bfeee1a18,good,The AI answer correctly identifies the same six raw fields in the AI4I dataset and gives the same meanings/units as the ground truth. The added failure-mechanism discussion and derived features are extra but do not contradict the requested information. Therefore it is semantically equivalent to the original answer.
141,"Does the AI4I data record product type along with temperature, speed, torque, and tool wear values?",0bfeee1a18,good,The AI answer correctly states that the AI4I dataset includes product Type (L/M/H) along with the other listed measurements. This matches the ground truth's key point that Type is a recorded field and is a product quality variant. The extra discussion about failure types is additional and does not contradict the answer.
142,"Which measurements in the AI4I dataset are taken in Kelvin, and which one is given in rpm or Nm?",0bfeee1a18,good,The AI answer correctly identifies the two measurements in Kelvin (air temperature and process temperature) and the ones given in rpm and Nm (rotational speed and torque). This matches the ground truth and conveys the same key information.
143,"What does the process temperature field mean in the AI4I dataset, and how is it different from air temperature?",0bfeee1a18,good,"The AI answer correctly explains that air temperature is ambient temperature near the process and process temperature is the process's own temperature, typically about 10 K higher with noise. It also clearly distinguishes the two. The extra discussion about heat dissipation failure is not required but is consistent with the dataset context and does not change the core answer."
144,"How is tool wear tracked in the AI4I dataset, and what unit is used for it?",0bfeee1a18,good,"The AI answer correctly states that tool wear is tracked as cumulative tool usage time and that the unit is minutes (min). This matches the ground truth key point exactly, with no contradiction. Extra explanatory detail is acceptable."
145,"What derived values do I need to calculate before trying to diagnose the failure modes, and what raw sensor fields feed into each one?",a6e115a7d3,good,"The AI answer correctly identifies the three derived features and their formulas, and it matches the ground truth on which raw fields feed each one. It also correctly states the field requirements for each failure mode. However, it adds extra HDF threshold details not present in the ground truth, but these do not contradict the core answer. Overall, it is semantically equivalent to the original answer."
146,"For HDF, PWF, and OSF, which measurements should I look at first, and are any of them just simple combinations instead of raw readings?",a6e115a7d3,good,"The AI answer correctly identifies the three derived features and their formulas for HDF, PWF, and OSF, and it states that these failure modes depend on combinations of raw fields rather than single raw measurements. However, it adds extra threshold details not present in the ground truth, and it slightly overstates HDF as requiring rotational speed for the derived feature itself, whereas the core ground truth emphasizes the derived feature and lists the required fields separately. Still, the main question is answered correctly: look at the derived measurements first, and yes, they are simple combinations of raw readings."
147,Can you give me a quick mapping of each failure mode to the exact fields I need to check on the machine?,a6e115a7d3,good,"The AI answer matches the ground truth mapping for all failure modes: TWF→Tool wear, HDF→Air temperature + Process temperature + Rotational speed, PWF→Torque + Rotational speed, OSF→Type + Tool wear + Torque, RNF→None. It also correctly mentions the derived features and that they should be computed before diagnosis, which is consistent with the original answer. No key information is missing or incorrect."
148,"Which fault can be detected directly from tool wear, and which ones need more than one input to work out the root cause?",a6e115a7d3,bad,"The AI answer correctly identifies TWF as directly detected from tool wear and correctly notes that OSF and PWF require multiple inputs. However, it omits HDF, which also requires more than one input (air temperature and process temperature, with rotational speed in the lookup) and is explicitly part of the original answer’s key point that all failure modes except TWF require combined fields. The answer is therefore incomplete relative to the ground truth."
149,"When I'm setting up a diagnostic check, what should I compute from temperature, torque, speed, and tool wear before classifying the fault?",a6e115a7d3,bad,"The AI answer captures two of the key derived features correctly: power = torque × rotational speed × (2π/60) conceptually, and strain_indicator = tool wear × torque. It also correctly notes that tool wear is used directly for TWF and that raw inputs alone are insufficient. However, it omits the temperature-derived feature temp_diff = process temperature − air temperature used for HDF, and it does not mention the full set of required fields/failure modes from the ground truth. The question asks what should be computed from temperature, torque, speed, and tool wear before classifying the fault; the complete answer should include all relevant derived features, including temperature difference for HDF. Because a key derived feature is missing, the answer is not fully semantically equivalent."
150,How long can a tool run before wear starts becoming a real concern even if everything else looks normal?,6974169956,good,"The AI answer matches the ground truth: it states that tool wear is time-based, that concern starts around 200 minutes with sharply increased risk in the 200–240 minute range, and that normal torque/temperature/speed do not reliably indicate this failure. The extra operational recommendations are consistent with the original meaning and do not contradict it."
151,"If torque, temperature, and speed all stay normal, can the tool still be close to failing from wear?",6974169956,good,"The AI answer matches the ground truth: it says yes, explains that tool wear is time-based rather than stress-based, mentions the 200–240 minute threshold, and notes that normal torque/temperature/speed do not rule out wear-related failure. The extra recommendation details do not change the meaning."
152,Is long uninterrupted runtime by itself a warning sign for tool wear failure?,6974169956,good,"The AI answer matches the ground truth. It clearly states that long uninterrupted runtime by itself is a warning sign, explains that tool wear is time-based rather than stress-based, cites the 200–240 minute threshold, and notes that normal torque/temperature/speed do not rule it out. The extra recommended actions are consistent with the original meaning."
153,Does this wear mode depend more on elapsed running time than on load or stress?,6974169956,good,"The AI answer correctly states that this wear mode is time/usage-driven rather than load/stress-driven, and it includes the key idea that failure can occur after roughly 200–240 minutes even when other variables look normal. This matches the ground truth. Extra explanatory detail does not change the meaning."
154,Around what runtime should I start expecting the chance of tool wear failure to rise fast?,6974169956,good,"The AI answer matches the ground truth: it states that tool wear failure is time-based, gives the same 200–240 minute window where failure probability rises sharply, and notes that normal torque/temperature/speed do not prevent it. The extra details are consistent and do not change the meaning."
155,Can I rely on torque to tell me the tool is wearing out before it actually fails?,c8b352cdce,good,"The AI answer correctly states that torque and rotational speed are not reliable early indicators for Tool Wear Failure, and that `Tool wear [min]` should be monitored directly rather than waiting for a torque spike. It includes extra detail about other failure modes and thresholds, but these do not change the core correctness. The key point matches the ground truth."
156,"Is rotational speed a good early warning for tool wear failure, or should I watch something else?",c8b352cdce,good,"The AI answer matches the ground truth on the key point: rotational speed is not a good early warning for Tool Wear Failure, and tool wear minutes should be monitored directly. It also correctly notes torque/speed are not reliable leading indicators and that torque spikes may come too late. The added guidance about 200–240 minutes is extra detail, not a contradiction."
157,"For tool wear failure, what should I monitor instead of torque and speed readings?",c8b352cdce,good,"The AI answer matches the ground truth on the core point: for Tool Wear Failure, monitor `Tool wear [min]` directly rather than torque or rotational speed. It also correctly notes that torque spikes are not reliable early warnings. The added details about inspection/replacement thresholds are extra but do not contradict the main answer."
158,Why don't torque spikes give me a dependable heads-up for tool wear problems?,c8b352cdce,good,"The AI answer captures the core point that torque spikes are not dependable early indicators for Tool Wear Failure and that tool wear should be monitored directly. However, it adds specific thresholds like 200 min and 240 min that are not in the original answer, but these do not contradict the main message. The essential semantic content matches the ground truth."
159,What's the best indicator to track if I want to catch tool wear before it turns into a failure?,c8b352cdce,good,The AI answer correctly identifies `Tool wear [min]` as the best indicator and explicitly states that torque and rotational speed are not reliable leading indicators for tool wear failure. This matches the ground truth core point. The extra commentary about the 200–240 range and probabilistic risk is additional detail but does not contradict the original answer.
160,"At around 230 minutes of tool wear, does that mean the machine has already failed, or is it still just a warning zone?",6fe5c2d247,good,"The AI answer matches the ground truth: it says 230 minutes is not automatic failure, describes the 200–240 minute band as a probabilistic warning/risk zone rather than a confirmed failure, and recommends inspection and tool replacement without logging failure unless corroborated by an actual halt or defect. This preserves the key meaning and guidance."
161,"If the tool wear reading is in the 200–240 minute range, should I treat it as a failure or only a high-risk condition?",6fe5c2d247,good,"The AI answer matches the ground truth. It correctly states that the 200–240 minute range is a high-risk/probabilistic band rather than a confirmed failure, and that it should trigger priority inspection and proactive replacement rather than being logged as a failure unless corroborated by an actual halt or defect. Extra detail does not change the meaning."
162,"Can a unit still keep running normally when tool wear is around 230 minutes, or does that usually mean it’s done for?",6fe5c2d247,good,"The AI answer preserves the core meaning of the ground truth: 230 minutes is not a definitive failure point, units can still run normally, it is a high-risk/probabilistic zone, and the recommended action is inspection/replacement rather than logging a failure unless there is actual evidence. Extra details do not change the substance."
163,"Should I log 230 minutes of tool wear as an actual failure, or only note it for inspection and planned replacement?",6fe5c2d247,good,"The AI answer matches the ground truth. It correctly states that 230 minutes is in the 200–240 minute probabilistic risk zone, not a deterministic failure threshold, and that it should be used to prioritize inspection and planned replacement rather than being logged as a failure unless corroborated by an actual halt or defect. The extra details about torque, temperature, and rotational speed do not change the core meaning and are consistent with the original answer."
164,"When tool wear gets near 230 minutes, is it better to schedule a tool change right away instead of assuming the machine has broken down?",6fe5c2d247,good,"The AI answer preserves the key point: 230 minutes is a warning/risk zone that should prompt inspection and tool replacement planning, but it is not proof of breakdown or failure. It also correctly notes not to log it as a failure without corroborating evidence. This matches the ground truth semantically."
165,Why does my machine start overheating and slowing down when it’s running at low speed?,b10299f726,good,"The AI answer matches the ground truth on the core issue: it identifies Heat Dissipation Failure, explains that low rotational speed reduces airflow/mechanical agitation, and states the key temperature-gap threshold and the need to check both conditions together. The extra safety/maintenance advice does not contradict the original answer."
166,Could a small gap between process temperature and air temperature be the reason the heat isn’t leaving the machine?,b10299f726,good,"The AI answer matches the ground truth: it identifies that a small process-to-air temperature gap can cause heat dissipation failure only in combination with low rotational speed, and it correctly states the threshold values (<8.6 K and <1380 rpm). It also notes that neither condition alone is sufficient, which is consistent with the original answer. Extra explanatory detail does not change the meaning."
167,What should I check if the rotor is below about 1380 rpm and the unit seems to trap heat?,b10299f726,good,"The AI answer preserves the key points of the ground truth: this is a heat dissipation failure pattern, the relevant checks are both rotational speed below 1380 rpm and a small process-to-air temperature difference below 8.6 K, and neither condition alone is sufficient. It also correctly explains why heat accumulates at low speed. Extra recommendations do not contradict the original answer."
168,Is heat dissipation failure likely when airflow drops and the machine isn’t stirring things up enough?,b10299f726,good,"The AI answer preserves the core meaning of the ground truth: it identifies the situation as Heat Dissipation Failure, explains that low rotational speed reduces airflow/mechanical agitation and thus heat removal, and includes the key threshold conditions (rotational speed < 1380 rpm and process temperature minus air temperature < 8.6 K). It also correctly states that both conditions should be checked together and that neither alone is sufficient. The extra maintenance suggestions do not contradict the original answer."
169,How do I tell if this is a heat dissipation problem and not just a simple speed issue?,b10299f726,good,"The AI answer preserves the key criteria from the ground truth: HDF is identified by the combination of low rotational speed (<1380 rpm) and a small process-to-air temperature difference (<8.6 K), and it correctly states that neither condition alone is sufficient. The extra operational advice does not contradict the original answer. The only minor issue is that it generalizes the temperature units as K in the formula, but that is consistent with the threshold wording and does not change the meaning."
170,"Is low RPM by itself enough to cause a heat dissipation failure, or does something else have to happen too?",dab0941fe4,good,"The AI answer matches the ground truth: it states that low RPM alone is not enough, and HDF requires the joint condition of low speed (<1380 rpm) and small temperature gradient (<8.6 K) simultaneously. It also correctly warns against diagnosing from RPM alone. Extra diagnostic suggestions do not contradict the original answer."
171,"When I see the machine running slow, should I worry about HDF right away or check another condition first?",dab0941fe4,good,"The AI answer matches the ground truth: it says low speed alone is not enough to diagnose HDF, that HDF requires both low rotational speed (<1380 rpm) and a small temperature gradient (<8.6 K) simultaneously, and that checking speed alone is a common misdiagnosis. This preserves the key point that the operator should check the combined condition rather than worrying about HDF immediately from speed alone."
172,What combination of speed and temperature difference actually points to HDF in this machine?,dab0941fe4,good,"The AI answer matches the ground truth: it states that HDF occurs only when low rotational speed (<1380 rpm) and small temperature difference (<8.6 K) happen together, and explicitly says low speed alone is insufficient. This preserves the key condition and the warning against diagnosing from speed alone."
173,"Can a machine be running under 1380 rpm and still be fine, or is that always a bad sign?",dab0941fe4,good,"The AI answer matches the ground truth: it states that running under 1380 rpm can still be fine, and that HDF is only diagnosed when low rotational speed coincides with a small temperature gradient. It also correctly emphasizes not to diagnose from speed alone. Extra explanatory detail does not change the core meaning."
174,Why is it risky to diagnose HDF from rotational speed alone instead of looking at the temperature gradient too?,dab0941fe4,good,"The AI answer captures the key point: HDF is not diagnosed from low rotational speed alone; it requires both low speed (<1380 rpm) and small temperature gradient (<8.6 K) together, and low-speed runs can be safe. The extra explanation about airflow is not necessary but does not change the core meaning. It also correctly states to check both conditions jointly."
175,How can I spot an early heat dissipation issue before the machine actually fails?,ed04edaa26,good,"The AI answer captures the same core condition: use the derived temperature difference between process and air temperatures, and flag risk when it drops below 8.6 K together with rotational speed below 1380 rpm. It also correctly notes that raw temperatures may look normal individually while the gap is the important signal. Extra explanatory detail does not contradict the ground truth."
176,Should I be tracking the temperature gap instead of just the raw air and process temperatures?,ed04edaa26,good,"The AI answer matches the ground truth: it recommends tracking the derived temperature gap rather than only raw temperatures, states the same threshold condition (Process temperature − Air temperature < 8.6 K) along with rotational speed < 1380 rpm, and explains that individual raw values can look normal while the gap is the meaningful signal. Extra explanatory detail does not change the core meaning."
177,What combo of readings should I watch when I want to catch this failure mode sooner?,ed04edaa26,good,"The AI answer correctly identifies the key derived feature `process temperature − air temperature` and the simultaneous condition on rotational speed, including the thresholds 8.6 K and 1380 rpm. It also correctly notes that the raw temperatures may look normal individually and that the gap plus speed should be monitored together. Although it adds an extra section about tool wear failure that is not in the original answer, that does not contradict the ground truth and the core answer is accurate."
178,Is there a specific temp difference and spindle speed range that points to heat dissipation trouble?,ed04edaa26,good,"The AI answer correctly captures the key threshold pair: process-air temperature difference below 8.6 K and rotational speed below 1380 rpm, and it emphasizes that both should be considered together rather than raw temperatures alone. It adds extra explanatory detail that does not conflict with the ground truth. Minor additions about maintenance ticket and upstream issues are not in the original, but they do not change the core answer."
179,Why would the machine look normal on both temperatures but still be at risk of heat dissipation failure?,ed04edaa26,good,"The AI answer captures the key point from the ground truth: heat dissipation failure risk is determined by the temperature difference (process minus air), not the raw temperatures individually, and it correctly includes the threshold pair of temp_diff < 8.6 K with rotational speed < 1380 rpm. The extra explanation is consistent and does not change the meaning."
180,Why would the motor seem weak even if the torque reading looks okay?,4598d51056,good,"The AI answer preserves the core explanation: the motor can seem weak because power, not torque alone, determines the condition; power is computed from torque and rotational speed; and the relevant threshold is 3500 W. It also correctly states that a normal-looking torque value can still result in underpowered operation when combined with speed. The extra recommendations do not contradict the ground truth."
181,What does it mean when the calculated mechanical power drops below 3500 W during a cut?,4598d51056,good,"The AI answer matches the ground truth. It correctly identifies that calculated mechanical power below 3500 W means underpowering, explains that this reflects torque being too low relative to rotational speed, notes the risk of incomplete or stalled processing, and correctly states the power formula and that power should be checked directly rather than torque alone. The added recommendation text does not conflict with the original meaning."
182,Can low rotational speed make the machine feel underpowered even with decent torque?,4598d51056,good,"The AI answer correctly states that low rotational speed can make the machine underpowered even when torque seems decent, and it includes the same power formula and the key threshold of below 3500 W. It also correctly emphasizes that power is derived and should be checked rather than torque alone. The extra mention of 9000 W overpowered is not in the original answer, but it does not conflict with the core point asked."
183,"How do I check whether the power issue is coming from torque, speed, or both?",4598d51056,good,"The AI answer captures the key point that power must be checked as a derived value from torque and rotational speed, and that torque or speed alone can be misleading. However, it introduces an upper limit of 9000 W and frames the issue as a 'Power Failure' band, which is not present in the ground truth. The original answer only specifies underpowering below 3500 W and does not mention an upper threshold or the specific compensatory mismatch patterns. Despite that extra detail, the core answer about checking computed power rather than torque alone is correct and semantically aligned."
184,"Is the actual power value something the system measures directly, or is it calculated from torque and rpm?",4598d51056,good,"The AI answer correctly states that power is not measured directly and is calculated from torque and rotational speed, matching the core of the ground truth. It includes the equivalent formula and preserves the key point that torque alone can be misleading. The added safe band of 3500–9000 W is extra and not harmful here, though the ground truth only explicitly mentions the underpower threshold of 3500 W. Overall semantically equivalent."
185,"Can very high torque with very low rpm be a sign of Power Failure, even if each value looks okay by itself?",d2e0f66011,good,"The AI answer matches the ground truth: it states that very high torque with very low rpm can indicate Power Failure, explains the compensatory pattern, gives the power formula, and emphasizes evaluating computed power against the 3500–9000 W band rather than torque or speed alone. Extra detail does not change the meaning."
186,"If the machine shows low speed but torque is unusually high, should I worry about a PWF condition?",d2e0f66011,good,"The AI answer matches the ground truth. It correctly states that low speed with unusually high torque is a classic Power Failure (PWF) signature, explains that PWF is determined by computed power rather than torque or speed alone, and mentions the same 3500–9000 W safe band. The added recommendation is consistent with the original answer."
187,Is it normal to ignore torque or speed on their own and just check the calculated power for Power Failure?,d2e0f66011,bad,"The AI answer captures the core point that Power Failure should be evaluated using computed power rather than torque or speed alone, and it correctly mentions the compensatory high-torque/low-speed or high-speed/low-torque pattern and the 3500–9000 W thresholds. However, it begins with 'No' to the question 'Is it normal to ignore torque or speed on their own and just check the calculated power?', while the ground truth says 'It can be'—meaning yes, that is normal for Power Failure. The semantic content is otherwise aligned, but the direct yes/no answer is opposite to the source."
188,Can a big mismatch between rotational speed and torque push power outside the safe range during predictive maintenance?,d2e0f66011,good,"The AI answer matches the ground truth: it states that a large mismatch between rotational speed and torque can push computed power outside the safe range, identifies the same compensatory patterns (high torque/low speed or high speed/low torque), cites the same power formula, and gives the same safe band and conclusion to evaluate power rather than torque or speed alone. Extra wording does not change the meaning."
189,Why would very high speed with very low torque still point to a Power Failure issue?,d2e0f66011,good,"The AI answer correctly explains that a very high speed with very low torque can still indicate Power Failure because power must be evaluated from the combination of torque and speed, and that the safe range is 3500–9000 W. It also accurately includes the formula and the key point that either extreme combination can produce an out-of-range power value. This is semantically equivalent to the ground truth, with only extra explanatory detail."
190,How do I work out machine power from torque and rpm in practice?,556fd12d0f,good,"The AI answer matches the ground truth: it gives the same power formula using torque and rpm, and it states the same underpowered/overpowered thresholds and the instruction to monitor computed power as a derived metric rather than torque and speed separately. Extra explanatory detail does not change the meaning."
191,What’s the formula for calculating power from torque and rotational speed?,556fd12d0f,good,"The AI answer matches the ground truth formula exactly, including the rpm conversion factor. It also correctly notes that power is a derived quantity and should be monitored as such. It omits the specific underpowered/overpowered thresholds (3500 W and 9000 W), but the question only asks for the formula, so this omission does not affect correctness for the asked question."
192,"If my speed reading is in rpm, how do I convert it when checking power from torque?",556fd12d0f,good,The AI answer correctly explains converting rpm to rad/s using 2π/60 and gives the same power formula. It also includes the key threshold values and the instruction to treat power as a derived metric rather than checking torque and speed separately. This is semantically equivalent to the ground truth.
193,At what calculated power level does a power failure get flagged as underpowered or overpowered?,556fd12d0f,good,"The AI answer matches the ground truth: it states the same power formula and the same thresholds for underpowered (<3500 W) and overpowered (>9000 W), and correctly notes that power should be evaluated as a derived metric rather than torque/speed separately. The extra explanatory text does not change the meaning."
194,"Should I monitor torque and speed separately, or track the derived power value for this fault?",556fd12d0f,good,"The AI answer matches the ground truth: it says to monitor the derived power value rather than torque and speed separately, and it correctly states the formula and the 3500 W / 9000 W thresholds. Extra advice does not change the core meaning."
195,Can the same tool wear and torque be fine on one product variant but still trip an overstrain failure on another?,d87b9c0dfa,good,"The AI answer matches the ground truth: it states that the same Tool wear × Torque can be acceptable for one variant but trigger Overstrain Failure for another, gives the same variant-specific thresholds, and notes that Type must be checked because one global threshold would cause false positives/negatives. Extra recommendation text does not change correctness."
196,Why does one global overstrain threshold give false alarms on low-quality parts and miss issues on high-quality ones?,d87b9c0dfa,good,"The AI answer matches the ground truth. It explains that the overstrain threshold depends on product quality type (L/M/H) with the same approximate values, and that using one global threshold causes false positives on low-quality parts and false negatives on high-quality parts. It also correctly states that product Type must be checked alongside the strain calculation."
197,Do I need to check the product type before judging whether Tool wear × Torque is too high?,d87b9c0dfa,good,"The AI answer matches the ground truth: it says the product Type must be checked before judging Tool wear × Torque, explains that thresholds vary by L/M/H with the same approximate values, and notes the risk of false positives on L and false negatives on H if a global threshold is used. This conveys the same key information and is semantically equivalent."
198,"What are the separate overstrain limits for Low, Medium, and High quality variants?",d87b9c0dfa,good,"The AI answer matches the ground truth: it gives the separate thresholds for Low, Medium, and High variants as approximately 11,000, 12,000, and 13,000 min·Nm, respectively, and correctly explains that the threshold is product-quality-dependent and that Type must be checked alongside the strain calculation. This conveys the same key information without contradiction."
199,"If two jobs have the same wear and torque, why can one pass and the other fail depending on the variant?",d87b9c0dfa,good,"The AI answer conveys the same core point as the ground truth: Overstrain Failure depends on product variant (Type) with variant-specific thresholds, so identical wear and torque can pass on one variant and fail on another. It also correctly mentions the approximate thresholds and the need to check Type alongside the strain calculation. No key information is missing or incorrect."
200,"What exactly is the strain indicator, and how is it calculated from tool wear and torque?",433090e42a,good,"The AI answer matches the ground truth: it defines the strain indicator as tool wear multiplied by torque, explains it as a derived measure of accumulated mechanical strain, and includes the variant-specific OSF thresholds. The extra recommendation/action text is not contradictory and does not change the core meaning."
201,Why do we use strain indicator instead of looking at tool wear or torque by themselves when checking OSF risk?,433090e42a,good,"The AI answer captures the key idea correctly: strain_indicator is the product of tool wear and torque, OSF is based on that combined metric, and neither variable alone is sufficient. It also includes the variant thresholds and the example situations. This is semantically equivalent to the ground truth."
202,"At what strain indicator value does overstrain failure usually happen for the L, M, and H variants?",433090e42a,good,"The AI answer matches the ground truth: it gives the correct variant-specific thresholds for L, M, and H, includes the strain indicator definition, and states that OSF occurs when the value exceeds the threshold. The extra recommendation is consistent and does not conflict with the original answer."
203,Can a tool with only moderate wear still cause overstrain failure if the torque gets too high?,433090e42a,good,"The AI answer preserves the core meaning: overstrain failure depends on the product of tool wear and torque, so a tool with only moderate wear can still fail if torque is high enough. It also correctly notes variant-specific thresholds and the tradeoff between wear and torque. This is semantically equivalent to the original answer, with no material omission or error."
204,How can I tell if my machine is close to an OSF event using the combined wear-and-torque value?,433090e42a,good,"The AI answer matches the ground truth: it correctly defines the combined wear-and-torque metric, states that OSF occurs when it exceeds a variant-specific threshold, gives the same approximate thresholds for L/M/H, and explains that neither wear nor torque alone is sufficient. The added recommendation is extra but not contradictory."
205,"Can a brand-new tool still hit overstrain if the torque gets high enough, or is low wear always safe?",72e90335be,good,"The AI answer conveys the same core point as the ground truth: a brand-new/low-wear tool can still overstrain if torque is high enough, because overstrain depends on wear × torque and the factors trade off. It also correctly advises comparing the product to the variant-specific threshold by Type. The extra numeric thresholds are additional detail and do not change the meaning."
206,How do I check whether tool wear and torque together are enough to trigger overstrain on a given type?,72e90335be,good,"The AI answer captures the key point that overstrain depends on the product of tool wear and torque, and that this product must be compared to a type-specific threshold. It also correctly states that low wear alone does not guarantee safety because high torque can still trigger overstrain. The added numeric thresholds are extra detail but do not contradict the ground truth, and the answer remains semantically aligned."
207,"If a tool is barely worn, does that automatically mean it won’t fail from strain under heavy load?",72e90335be,good,"The AI answer preserves the core point: low/barely worn tools are not automatically safe, because failure depends on the product of tool wear and torque, and high torque can still cause overstrain. It also correctly mentions variant-specific thresholds by type (L/M/H). The extra numeric thresholds are not in the ground truth, but they do not contradict the key answer. Overall semantically equivalent."
208,"What should I compare against the overstrain limit for an L, M, or H tool type?",72e90335be,good,"The AI answer matches the ground truth: it states that overstrain is based on the product of Tool wear and Torque, and that this product should be compared against the variant-specific threshold for the tool type L/M/H rather than using wear alone or a global limit. The added explanation is consistent and does not contradict the original answer."
209,"Is the strain check based on wear alone, or do I need to multiply wear by torque before judging safety?",72e90335be,good,"The AI answer matches the ground truth: it states the check is not based on wear alone, that strain_indicator equals wear × torque, and that the product should be compared to the variant-specific threshold. It also correctly notes the tradeoff between wear and torque. Extra threshold values are fine and do not change the meaning."
210,"Why would a machine still fail even when torque, temperature, speed, and tool wear all look normal?",50acea25e7,bad,"The AI answer is not semantically equivalent to the ground truth. The correct answer says this is most likely an RNF (Random Failure), a background failure with no sensor signature when no TWF/HDF/PWF/OSF conditions are met. The AI instead explains HDF and TWF as plausible causes and gives sensor/time-based conditions, which directly conflicts with the ground truth. It misses the key point that the failure is irreducible random background risk with no sensor-based explanation."
211,"If none of the usual failure triggers show up, should I still try to explain the breakdown from sensor data?",50acea25e7,good,"The AI answer preserves the core message: if none of the usual trigger conditions are present, do not force a sensor-based explanation. It correctly identifies the event as RNF/random failure with no sensor signature and notes it as background risk. The added operational mitigation details are extra but do not contradict the ground truth. Some wording about containment/redundancy goes beyond the original, but the essential answer is semantically equivalent."
212,"In a predictive maintenance setup, is there a type of failure that happens basically as background risk with no clear sensor signature?",50acea25e7,good,"The AI answer matches the ground truth: it identifies the failure as Random Failure (RNF), states it has no sensor signature, occurs independently of torque/temperature/speed/tool wear, and is an irreducible background risk with a small constant probability. The extra suggestions about tracking/reporting are not contradictory and do not change the core meaning."
213,"How do I classify a breakdown when every reading seems fine and no TWF, HDF, PWF, or OSF condition was met?",50acea25e7,good,"The AI answer correctly identifies the event as RNF when none of the TWF, HDF, PWF, or OSF conditions are met, which matches the ground truth's core point that this is a background/random failure with no sensor signature. It adds some extra unsupported details like severity and review process, but these do not contradict the main answer."
214,Is it normal to see a rare machine failure that doesn’t seem tied to any operating condition or wear pattern?,50acea25e7,bad,"The AI answer is not semantically equivalent to the ground truth. The ground truth says the failure should be classified as RNF (Random Failure), a background failure with no sensor signature, independent of operating conditions, and modeled as a small constant probability when no other trigger conditions apply. The AI answer instead says the failure mode is not identified and focuses on other failure types, without naming RNF or conveying the key idea that this is an irreducible random/background failure. That misses the core answer."
215,Can I really build a predictive model for RNF failures if they don’t line up with any sensor readings?,cb2d1a82cd,good,"The AI answer matches the ground truth: it correctly says a sensor-based predictive model for RNF should not be expected to work because RNF has no correlation with the listed sensor readings, and that any confident sensor-driven explanation should be viewed skeptically as likely overfitting. It also preserves the mitigation advice of redundancy, spare parts, and rapid-response crews. Extra details about background risk do not change the meaning."
216,Why would a sensor-based model be a bad fit for random failures like RNF?,cb2d1a82cd,good,"The AI answer matches the ground truth closely. It correctly states that RNF has no meaningful correlation with the listed sensor variables, that a sensor-based model should not outperform the base rate, and that any apparent sensor-driven explanation is likely overfitting. It also includes the recommended mitigation measures of redundancy, spare parts, and rapid response crews. Extra detail does not change the meaning."
217,"If a report says it can predict an RNF event from temperature, speed, torque, or tool wear, should I trust it?",cb2d1a82cd,good,"The AI answer matches the ground truth: it says not to trust the claim, explains that RNF has no correlation with the listed sensor variables, notes that such models should not beat the base rate and may be overfitting, and recommends skepticism. It omits the mitigation note about redundancy/spares/response crews, but that is extra rather than core to the question."
218,What’s the best way to reduce the impact of RNF failures if prediction won’t work well?,cb2d1a82cd,good,"The AI answer matches the ground truth on the key points: RNF has no meaningful correlation with the listed sensor variables, sensor-based prediction should not outperform the base rate, and mitigation should rely on redundancy, spare parts, and fast response crews rather than prediction. The extra suggestions are compatible and do not change the core meaning."
219,Is it normal for this type of failure to show no clear correlation with machine sensors?,cb2d1a82cd,good,"The AI answer matches the core point: this failure type is random/unpredictable and should not be expected to show a meaningful correlation with machine sensors. It also gives compatible guidance about not forcing a sensor-based root cause. Although it uses slightly different terminology ('Random Failure') and adds extra process advice, it does not contradict the ground truth. The only minor omission is that the original specifically lists examples of sensors/variables (temperature, speed, torque, tool wear) and the caution about overfitting, but the essential answer is preserved."
220,"How should I log an incident when there’s no clear cause, instead of grouping it with TWF, HDF, PWF, or OSF stats?",13359538bd,good,"The AI answer matches the ground truth on the key points: log the incident separately, do not classify it under TWF/HDF/PWF/OSF root-cause statistics, and treat it as an unpredictable after-the-fact event emphasizing detection and containment rather than prevention. The added RNF terminology is extra but does not change the core meaning."
221,"Should random failures be counted in the same root-cause reports as the other failure modes, or kept separate?",13359538bd,good,"The AI answer matches the ground truth: it says random failures should be kept separate, not included in the same root-cause reports as TWF/HDF/PWF/OSF, and notes that including them would distort the data. It also correctly states that the response should focus on detection-after-the-fact and containment because the failure type is unpredictable. Extra detail does not conflict with the original answer."
222,"For an uncaused failure, what’s the right response: try to prevent it, or focus on finding it fast and containing it?",13359538bd,good,"The AI answer matches the key point of the ground truth: uncaused failures are unpredictable, so the appropriate response is rapid detection-after-the-fact and containment rather than prevention. It also correctly mentions tracking them separately in reporting. The extra discussion about sensors, random failure, and redundancy does not change the core meaning."
223,"If a machine event can’t be tied to any known mechanism, how should I handle it in predictive maintenance reporting?",13359538bd,good,"The AI answer matches the ground truth on the key points: uncaused events should be tracked separately, not folded into TWF/HDF/PWF/OSF root-cause statistics, because that would distort data, and the response should emphasize rapid detection-after-the-fact and containment rather than prevention. It adds the label RNF and extra explanatory detail, but that does not contradict the original answer and preserves the core meaning."
224,"What’s the best way to deal with random, unpredictable failures so they don’t mess up the failure data?",13359538bd,good,"The AI answer preserves the core message: random/unpredictable failures should be tracked separately rather than forced into TWF/HDF/PWF/OSF categories, because doing so distorts failure data. It also correctly states that the appropriate response is rapid detection/containment rather than prevention. The extra details about signatures, redundancy, spare parts, and response crews do not contradict the ground truth."
225,"Who do I notify right away if we get a high-severity machine event like overpower, OSF, or anything that meets stop criteria?",c0ed104e40,good,"The AI answer correctly states that high-severity incidents such as PWF overpower, OSF, or anything meeting halt criteria should be notified to the line supervisor immediately. It preserves the key instruction from the ground truth. The added note about stopping the line immediately is consistent with halt criteria and does not contradict the original answer. It omits the low/medium-severity routing and the cross-check note, but those are not needed to answer the question asked."
226,"For lower-severity alarms like underpower, HDF, or TWF, should I send it to the line supervisor or just put it in the normal maintenance queue?",c0ed104e40,good,"The AI answer correctly states that lower-severity alarms like underpower, HDF, and TWF should go to the standard/normal maintenance queue rather than the line supervisor. This matches the ground truth. It also correctly notes that only high-severity or halt-criteria incidents require immediate escalation. The extra explanation about TWF being a quality/downtime issue is not in the ground truth, but it does not contradict the answer. One minor omission is the final caution about cross-checking predicted failure probability against the actual computed derived feature before writing a root-cause report, but that was not part of the user’s direct question about escalation routing, so the core answer remains equivalent."
227,"Before I write up a root-cause report, do I need to compare the model’s failure prediction with the actual derived feature values like power, temp_diff, or strain_indicator?",c0ed104e40,good,"The AI answer captures the key instruction from the ground truth: you should cross-check the model prediction against the actual computed derived feature values before writing a root-cause report. It also correctly conveys that the prediction alone is insufficient. Although it adds some extra SOP-specific wording and examples, the core answer matches the ground truth and does not contradict it."
228,What’s the right escalation path when the incident looks serious enough to halt the machine?,c0ed104e40,good,"The AI answer matches the key escalation path: serious incidents that meet halt criteria should be halted immediately and escalated to the line supervisor right away. It also correctly includes the note about cross-checking predicted failure probability against the actual computed derived feature before stating a root cause. Although it adds extra halt criteria details not present in the ground truth, the core guidance is semantically consistent."
229,"If the prediction says one thing but the computed feature doesn’t match, what should I trust before documenting the failure cause?",c0ed104e40,good,"The AI answer captures the key idea that you should not document the failure cause based on the prediction alone when it disagrees with the computed feature, and that the computed/threshold-based evidence should be checked first. However, it introduces several details not present in the ground truth (specific threshold numbers, variant logic, and halt criteria examples) and omits the exact routing instruction about high-severity incidents going to the line supervisor and low/medium incidents going to the maintenance queue. Since the core advice about cross-checking prediction against computed features before asserting root cause is preserved, the answer is semantically aligned overall."
230,How is the severity rating different from the rule for stopping the line right away?,958fe04268,good,"The AI answer matches the ground truth. It correctly distinguishes severity as an urgency/triage measure and halt criteria as a separate stricter overlay. It includes the same three halt conditions, the same severity examples, and the key point that high severity alone does not automatically require a halt unless a halt condition is also met. The added recommendation is consistent and does not change meaning."
231,"If a failure mode shows up as high severity, does that always mean I have to halt the line?",958fe04268,good,"The AI answer correctly states that high severity does not automatically require halting the line and that halt criteria are separate and stricter. It also correctly lists the three halt conditions from the ground truth. However, it adds extra guidance about notifying the line supervisor and scheduling maintenance that is not supported by the original answer, though this does not contradict the main point. Overall the semantic answer is equivalent."
232,"What are the exact conditions that make me stop the line immediately, even if the triage severity looks lower?",958fe04268,good,"The AI answer captures the three exact stop-line conditions correctly: power > 9000 W, tool_wear × torque over variant threshold by more than 10%, or two or more failure conditions simultaneously. It also correctly states that these override the severity table. The extra recommendation about next maintenance window is not part of the ground truth, but it does not contradict the core answer."
233,"When I’m checking a fault, should I treat the severity table and the halt criteria as the same thing or separate checks?",958fe04268,good,"The AI answer correctly states that severity and halt criteria are separate checks, explains the urgency levels from the severity table, and lists the three halt conditions. It also correctly notes that high severity alone does not automatically require a line stop unless a halt condition is met. This matches the original answer’s key point."
234,"For predictive maintenance triage, how do I know whether a finding needs urgent investigation versus an actual line stop?",958fe04268,good,"The AI answer preserves the key distinction between urgency of investigation (severity) and actual line stop (halt criteria). It correctly lists the same severity buckets and all three halt conditions, and explicitly states that high severity alone does not require a stop. The extra recommendations about routing to a supervisor or maintenance queue are not in the ground truth, but they do not contradict it."
235,"Do I have to stop the line every time a failure condition shows up, or can I keep running until a real stop criterion is hit?",7f5a1e5a56,good,"The AI answer matches the ground truth. It correctly says the line does not need to stop for every failure condition, lists the same three halt criteria (power > 9000 W, tool_wear × torque over threshold by more than 10%, or two simultaneous failures), and states that otherwise the unit should be flagged for inspection at the next scheduled maintenance window. Extra advice about monitoring power is not contradictory to the original."
236,What exact conditions mean I should halt production immediately instead of just flagging the unit for the next maintenance window?,7f5a1e5a56,good,"The AI answer matches the ground truth on the key halt criteria: power over 9000 W, tool_wear × torque exceeding the variant threshold by more than 10%, or two or more failure conditions simultaneously. It also correctly states that otherwise the unit should be flagged for the next maintenance window. The added details about severity and line supervisor are extra but do not contradict the core answer."
237,"If the power draw goes over 9000 W, is that always a hard stop for the machine?",7f5a1e5a56,bad,"The AI answer captures the main point that power over 9000 W is a halt criterion and that it is not an unconditional hard stop in every situation. However, it misses the full ground-truth condition set: the original answer says only specific halt criteria justify stopping, including computed power over 9000 W, tool_wear × torque exceeding the variant threshold by more than 10%, or two or more failure conditions firing simultaneously. It also omits the important distinction that otherwise the unit should be flagged for inspection at the next scheduled maintenance window instead of halting. The answer’s extra statements about power failure bands and setpoint adjustments are not in the ground truth, but they do not directly contradict it. Because the key nuance about when to halt versus inspect is only partially conveyed, this should be marked incorrect."
238,How do I decide whether a wear and torque warning is serious enough to shut the line down right away?,7f5a1e5a56,bad,"The AI answer does not match the ground truth. The original answer gives explicit shutdown criteria: computed power over 9000 W, tool_wear × torque exceeding the variant threshold by more than 10%, or two or more failure conditions firing simultaneously; otherwise do not halt, just inspect at the next maintenance window. The AI instead discusses tool wear minutes, critical bands, and recommends priority inspection, which is unrelated to the stated criteria and misses the key threshold-based shutdown rule."
239,"When multiple failure signals appear at once, do I need to stop the equipment, or is it still okay to wait for scheduled maintenance?",7f5a1e5a56,good,"The AI answer correctly identifies that two or more failure conditions firing simultaneously is a specific halt criterion and that the equipment should be stopped rather than deferred to scheduled maintenance. This matches the key point of the ground truth. Although it omits the other two halt criteria and the note about flagging for inspection when no halt criteria are met, it preserves the core answer to the question."
240,"What does the product type label L, M, or H actually tell me on the machine?",117ffdb817,good,"The AI answer matches the ground truth: it correctly identifies L/M/H as the product quality variant (Low/Medium/High), states that it does not affect HDF/PWF/TWF calculations, and explains that it matters for Overstrain Failure with the correct variant-specific Tool wear × Torque thresholds. The added recommendation is consistent and does not change the meaning."
241,"Why is the Type field important if it doesn’t show up in the HDF, PWF, or TWF calculations?",117ffdb817,good,"The AI answer matches the ground truth: it explains that Type denotes the quality variant (L/M/H), does not affect HDF/PWF/TWF, but is important for Overstrain Failure because each variant has a different tool_wear × torque threshold. It also correctly notes that the same readings may be safe for one type and failure for another. Extra advice is consistent and not misleading."
242,"How does Low, Medium, or High product type change the overstrain failure limit?",117ffdb817,good,"The AI answer matches the ground truth: it correctly states that product type (Low/Medium/High) changes the overstrain failure threshold, gives the same approximate thresholds (11k/12k/13k min·Nm), and explains that the same sensor readings can be safe or failing depending on type. The extra procedural advice is consistent and does not alter the meaning."
243,Can the same torque and tool wear readings be okay for one type but a failure for another?,117ffdb817,good,"The AI answer correctly states that the same torque and tool wear readings can be acceptable for one product type and fail for another, because the Type-specific threshold differs for L, M, and H. It also correctly notes that this applies to Overstrain Failure. The extra note about Tool Wear Failure is not in the ground truth, but it does not contradict it and does not change the core answer."
244,"What threshold values should I watch for on L, M, and H parts when checking overstrain risk?",117ffdb817,good,"The AI answer correctly states the approximate Tool wear × Torque thresholds for each product type: L ≈ 11,000, M ≈ 12,000, H ≈ 13,000 min·Nm. It also correctly explains that overstrain risk depends on product type and that the same readings may be safe for one variant but not another. This matches the ground truth key points. Extra recommendations are not conflicting."
245,"What unit is the power feature in, and how is it calculated from torque and rpm?",ca8be638d6,good,"The AI answer correctly identifies that power is measured in watts and gives the correct formula from torque and rpm, including the 2π/60 factor. It also adds extra operational guidance that is not in the ground truth, but that does not conflict with the key answer. The part about thresholds is extra and not required for this question, but the core response is accurate and complete. Note: the ground truth also mentions strain_indicator, but the question asks only about power, so omission is acceptable."
246,"Does strain_indicator have a real physical unit, or is it just a derived index?",ca8be638d6,good,"The AI answer matches the ground truth on the essential point: strain_indicator is not a standard physical unit but a derived quantity defined as Tool wear [min] × Torque [Nm], expressed as min·Nm, and it is only meaningful relative to a variant-specific threshold. It also correctly preserves the idea that it is used for OSF detection. The added threshold values and recommendations are extra detail, but they do not contradict the original answer."
247,Why is strain_indicator shown as min·Nm instead of a standard engineering unit?,ca8be638d6,good,"The AI answer matches the ground truth on the key point: strain_indicator is not a standard engineering unit, but a derived product of Tool wear [min] and Torque [Nm], hence shown as min·Nm, and it is only meaningful relative to a variant-specific threshold. It adds some extra threshold details that are not in the original answer, but they do not contradict it and the core explanation is correct."
248,How do I interpret power in watts when the machine is running at a given torque and speed?,ca8be638d6,good,"The AI answer correctly gives the power formula in watts as torque times rotational speed, including the rpm-to-rad/s conversion factor. However, it adds extra content about a 'Power Failure' condition and a 3500–9000 W band that is not present in the ground truth and is not needed to answer the question. The core interpretation of power is still conveyed accurately. The mention of strain_indicator from the original answer is omitted, but the user’s question only asks about power, so this omission is acceptable."
249,"Is strain_indicator only useful compared with its threshold, rather than as an absolute value?",ca8be638d6,good,"The AI answer matches the ground truth: it states that strain_indicator is not a standard physical unit, is derived as Tool wear × Torque, and is only meaningful relative to a variant-specific threshold rather than as an absolute value. The extra threshold values and operational advice do not change the core meaning."
250,"With Type M at 298 K air temp, 308 K process temp, 1600 rpm, 30 Nm torque, and 215 min wear, does this point to tool wear fault or something else?",8c2f90045b,good,"The AI answer matches the ground truth: it identifies 215 min as within the TWF band, correctly notes HDF, PWF, and OSF are not triggered, and concludes this is a risk/inspection issue rather than a confirmed fault requiring an immediate halt. The extra wording about probabilistic risk is consistent with the original severity/next-window response."
251,What should I check first if the tool wear is 215 minutes but the speed and temperature readings don’t look like the other fault patterns?,8c2f90045b,good,"The AI answer conveys the key point that tool wear at 215 minutes is within the relevant failure band and should be prioritized for inspection/replacement soon, without requiring an immediate stop. It also correctly notes that speed/temperature may not be reliable leading indicators and that this alone is not a confirmed failure. This is semantically consistent with the ground truth, though it omits some of the detailed checks and severity/halt criteria."
252,"In this example, is the torque and speed combination high enough to explain the issue, or is it mainly a wear-only case?",8c2f90045b,good,"The AI answer preserves the core conclusion that this is mainly a wear-only case and not a torque/speed-driven failure. It also correctly notes that power must be computed rather than judging torque or speed alone. However, it misses some specifics from the ground truth: it does not explicitly confirm that the given conditions place tool wear in-band while HDF, PWF, and OSF are not met, and it introduces an unsupported statement that no computed power value is provided here, despite the original answer calculating power from the given torque and speed. Still, the main answer aligns semantically with the original conclusion: wear only, no immediate halt, schedule maintenance."
253,"Does this reading need the machine stopped right away, or can it wait for the next maintenance window?",8c2f90045b,good,"The AI answer preserves the core decision: no immediate stop is required unless specific halt criteria are met, and otherwise the issue can wait for the next maintenance window. Although it speaks more generally and asks for more data, it does not contradict the original conclusion for this case. It also correctly notes Tool Wear Failure as next-window severity and that immediate halt requires additional criteria."
254,How urgent is a Type M case when only the wear band is hit and the power and strain numbers stay below their limits?,8c2f90045b,good,"The AI answer matches the ground truth: it identifies the case as Tool Wear Failure only, notes that power and strain are below their thresholds so no PWF/OSF, assigns low–medium severity, and recommends next scheduled window rather than immediate halt. This is semantically equivalent and preserves the key conclusion that it is not urgent in the sense of requiring an immediate stop, but should be scheduled for inspection soon."
255,"For a Type L machine, how do I tell if a reading with air temp 295 K, process temp 300 K, speed 1200 rpm, torque 35 Nm, and tool wear 50 min points to HDF?",e581e4ba19,good,"The AI answer matches the ground truth on all key points: it identifies HDF, computes the same temperature difference and speed condition, notes the absence of TWF/PWF/OSF, and gives the same severity and action guidance. No important information is missing or incorrect."
256,"In that example with 5 K temp difference and 1200 rpm, why does it count as HDF but not the other fault modes?",e581e4ba19,good,"The AI answer matches the ground truth on the key point: HDF is diagnosed because both the temperature difference and speed conditions are met, and it correctly explains why TWF, PWF, and OSF do not apply. It also preserves the severity/response implication and the no-immediate-halt conclusion. Semantically equivalent."
257,"What should I check first when the numbers show HDF only and the severity is medium, not a stop-now issue?",e581e4ba19,good,"The AI answer matches the ground truth: it identifies HDF only, states Medium severity and same-shift response, notes that no immediate halt is required, and recommends checking the coolant/airflow system and possibly raising rotational speed. The extra explanation about halt rules is consistent with the original and does not change the meaning."
258,"If tool wear is only 50 min and the calculated power sits around 4398 W, does that rule out TWF, PWF, and OSF?",e581e4ba19,good,"The AI answer correctly states that tool wear of 50 min does not indicate TWF, calculated power around 4398 W does not indicate PWF, and OSF is not indicated because the strain indicator is below threshold. It also notes that HDF should still be checked, which matches the original context. This is semantically equivalent to the ground truth, though it is less explicit about the exact HDF conclusion and severity/halt details."
259,"For this diagnostic case, is it better to inspect the cooling or airflow path, and can I keep the line running while I do it?",e581e4ba19,bad,"The AI answer correctly identifies the case as HDF and recommends inspecting the cooling/airflow path, which matches the ground truth. However, it does not clearly answer the operational question about whether the line can keep running: the ground truth says an immediate halt is not required and implies the line can continue rather than stop outright, while the AI answer is more cautious and says not to assume continuous operation is safe. Because it misses the key point that no immediate halt is required, it is not fully semantically equivalent."
260,"How do I check if this Type H reading is an overpowered PWF: air temp 300 K, process temp 311 K, speed 1800 rpm, torque 55 Nm, and tool wear 30 min?",f28320728d,good,"The AI answer matches the ground truth: it correctly identifies the case as an overpowered PWF based on the computed power of about 10,367 W exceeding the 9000 W threshold, and it correctly notes the other checks do not trigger TWF, HDF, or OSF. It also includes the same severity and immediate halt recommendation."
261,Why would a machine at 1800 rpm and 55 Nm trigger a PWF alarm when the temps look normal and tool wear is only 30 minutes?,f28320728d,good,"The AI answer matches the ground truth. It correctly identifies that the calculated power at 1800 rpm and 55 Nm is about 10,367 W, which exceeds the 9000 W threshold and causes a PWF-overpower alarm. It also correctly states that tool wear and temperature do not explain the alarm, and it notes the immediate halt requirement/high severity. The extra wording does not change the meaning."
262,What calculation shows whether this setup is above the 9000 W limit and needs an immediate stop?,f28320728d,good,"The AI answer correctly identifies the relevant calculation (power = torque × rotational speed × 2π/60), computes the same example value (~10,367 W), and states that it exceeds the 9000 W threshold requiring immediate stop. This matches the ground truth conclusion about immediate halt due to overpowered PWF/high severity."
263,"Can you explain why this case is not TWF, HDF, or OSF, but still ends up as a high-severity PWF?",f28320728d,good,"The AI answer preserves the core classification: it says the case is PWF due to computed power and not TWF/HDF/OSF, and that overpower PWF is high severity. However, it introduces some threshold details that differ from the ground truth (e.g., TWF band 200–240 min and HDF requiring rotational speed <1380 rpm rather than the ground truth's temp_diff < 8.6 K, plus it omits the explicit halt threshold 9000 W immediate stop). Since the main conclusion matches and extra details are not fatal here, it is semantically equivalent enough."
264,"For a reading with 300 K air temp, 311 K process temp, 1800 rpm, 55 Nm torque, and 30 min wear, should I halt the machine right away or wait for the next window?",f28320728d,good,"The AI answer matches the ground truth on the key points: it identifies the condition as overpowered PWF, correctly computes power above 9000 W, notes that HDF/TWF/OSF are not triggered, and gives the same action to halt immediately rather than wait. This is semantically equivalent."
265,"For this reading with Type L, 296 K air temp, 307 K process temp, 1400 rpm, 60 Nm, and 195 min wear, is OSF actually the fault here?",dda4fe63ab,good,"The AI answer matches the ground truth: it correctly identifies OSF as confirmed for Type L because 195 × 60 = 11,700 exceeds the 11,000 threshold. It also correctly states that TWF, HDF, and PWF are not triggered, and it preserves the nuance that this is high severity but does not automatically mandate a full halt because the overage is under 10% and no other condition co-occurs."
266,Why does the strain indicator from 195 min and 60 Nm point to OSF even though the other values look normal?,dda4fe63ab,good,"The AI answer matches the ground truth on the key point: it correctly computes 195 × 60 = 11,700, identifies the Type L OSF threshold as ~11,000, and explains that this is why OSF is triggered even though the individual values may seem normal. It also preserves the severity/escalation and the note that a full halt is not automatically mandated unless the margin increases or another condition appears. No material mismatch."
267,"What checks would rule out TWF, HDF, and PWF before calling this OSF on the machine?",dda4fe63ab,bad,"The AI answer captures the general idea of checking and excluding TWF, HDF, and PWF before diagnosing OSF, and it correctly mentions the key HDF and PWF thresholds/patterns. However, it is not fully semantically equivalent to the ground truth because it gets the OSF threshold wrong: the original answer says OSF is confirmed when strain_indicator is above the L threshold of 11,000, while the AI answer says 'above 13,000' and refers to an 'OSF/H threshold range,' which is inconsistent. It also omits the specific example-based rulings out: tool wear 195 min is below the 200–240 TWF band, temp_diff = 11 K and speed 1400 rpm do not meet HDF, and power ≈8796 W is actually inside the PWF band, so PWF is not ruled out in the original logic. Because the AI response changes the decisive criterion and does not accurately reflect the original conclusion, it should be marked incorrect."
268,"Is 11,700 min·Nm enough to trigger an immediate stop, or just an operator escalation and inspection?",dda4fe63ab,good,"The AI answer matches the ground truth: it correctly identifies OSF (L) at 11,700 min·Nm above the 11,000 threshold, notes high severity, and states that this triggers escalation and inspection but not an automatic immediate stop because it is only ~6.4% over threshold and below the 10% halt criterion. This is semantically equivalent to the original answer."
269,"If the OSF threshold is 11,000, how close is this case to the automatic halt limit, and what would push it over?",dda4fe63ab,good,"The AI answer matches the ground truth on the key points: OSF is already confirmed at 11,700 vs 11,000, which is 700 over or about 6.4%, and it states that an automatic halt would be triggered only if it exceeded the threshold by more than 10% (about 12,100) or if another condition appeared. This preserves the semantic meaning of the original answer, including the distinction between high severity/immediate inspection and not automatically mandating a halt yet."
270,"How do I diagnose a Type H machine with air temp at 295 K, process temp at 300 K, speed 1200 rpm, torque 70 Nm, and tool wear 195 min?",9cfa8e5555,good,"The AI answer matches the ground truth on all key points: it identifies no TWF, confirms HDF from 5 K temp difference and 1200 rpm speed, finds no PWF because power is ~8796 W within the band, confirms OSF from strain indicator 13,650 exceeding 13,000, and concludes that simultaneous HDF + OSF requires an immediate halt. This is semantically equivalent to the original answer."
271,"With temp difference only 5 K and speed 1200 rpm, does that confirm a heat-delay fault on this reading?",9cfa8e5555,bad,"The AI answer correctly states that a 5 K temperature difference and 1200 rpm speed satisfy the HDF condition. However, it misses the important parts of the ground truth: the original answer also identifies OSF as confirmed, states the overall severity should be High/Immediate, and says the line should be halted immediately due to simultaneous failure conditions. The AI instead suggests a medium-severity same-shift response and does not mention the concurrent OSF or halt criteria, so it is not semantically equivalent."
272,"At 70 Nm and 1200 rpm, what power comes out to, and is it still in the normal range for this case?",9cfa8e5555,bad,"The AI answer correctly computes the power as approximately 8796 W and correctly states that this is within the normal 3500–9000 W band, so no Power Failure is triggered. However, it misses the second part of the original answer: in the full case, another condition (OSF, and also HDF) is active, making the overall conclusion a simultaneous multi-mode failure requiring an immediate halt. Since the question asks whether it is still in the normal range for this case, the AI’s answer only addresses the power condition and omits the broader case outcome that the original answer emphasizes."
273,Does 195 min of tool wear and 70 Nm torque trigger the overload strain condition here?,9cfa8e5555,bad,"The AI answer correctly identifies that 195×70 = 13,650 min·Nm exceeds the 13,000 OSF threshold, so OSF is triggered. However, the original answer also states that HDF is simultaneously confirmed and that the simultaneous occurrence of HDF + OSF satisfies the halt criteria, leading to an immediate line halt. The AI answer misses that key point and instead says this alone does not automatically force a halt unless another failure is present, which is incomplete and potentially misleading relative to the ground truth."
274,"If heat-delay and overload-strain both show up together, do I need to stop the line right away even if neither one is over its own halt limit?",9cfa8e5555,good,"The AI answer is internally contradictory at first, but its final conclusion matches the ground truth: simultaneous heat-delay and overload-strain is a multi-mode failure that triggers an immediate halt even if neither individual condition exceeds its own limit. It correctly states the simultaneous-conditions halt rule. The extra caveat about not being sure of the mapping is unnecessary but does not change the core answer."
275,"If my Type M machine is at 225 minutes of tool wear and everything else looks normal, should I count that as a TWF failure or just a warning?",59e3729860,good,"The AI answer matches the ground truth: 225 minutes on Type M is within the 200–240 minute TWF band, which is treated as an elevated-risk warning rather than a confirmed failure when no other conditions are present. It correctly advises inspection and proactive replacement without logging a TWF incident."
276,"For a running Type M unit with 298 K air temp, 308 K process temp, 1600 rpm, 30 Nm torque, and 225 min wear, is it actually failed yet?",59e3729860,good,"The AI answer matches the ground truth: it correctly identifies that the unit is not a confirmed failure yet, explains that 225 min wear is only a probabilistic TWF risk band, and correctly states that HDF, PWF, and OSF are not met. It also preserves the recommendation to flag for inspection and proactive replacement rather than log a failure."
277,"How do I judge this case: tool wear is in the 200–240 minute zone, but the machine is still operating fine—do I log a fault or just schedule it for inspection?",59e3729860,good,"The AI answer matches the ground truth: it correctly states that tool wear in the 200–240 minute band is a probabilistic risk marker, not a confirmed failure, and recommends priority inspection/proactive tool replacement rather than logging a fault. It preserves the core distinction that the machine can still operate normally in this band. Minor differences in wording and the omission of the specific calculations do not affect correctness."
278,"On a Type M machine, does 225 minutes of wear automatically mean TWF, or can it still be considered healthy if the rest of the readings are normal?",59e3729860,good,"The AI answer matches the ground truth: it says 225 minutes is in the TWF risk band but does not automatically confirm TWF, and that the unit can still be considered operating normally if other readings are normal. It also correctly recommends inspection/proactive replacement rather than logging a confirmed failure. This is semantically equivalent to the original answer."
279,"With 1600 rpm and 30 Nm giving about 5.0 kW, plus 225 minutes of wear, should I mark this unit as failed or just put it on the watch list?",59e3729860,good,"The AI answer matches the ground truth. It correctly classifies 225 min wear as an elevated-risk probabilistic TWF band, notes that 5.0 kW is within the normal power band so no PWF, and recommends watch-list/priority inspection plus proactive replacement rather than marking the unit as failed. This preserves the key conclusion not to report a confirmed failure."
280,What are the usual signs that a heat dissipation problem is happening on the machine?,ae1dcf3957,good,"The AI answer includes all of the ground-truth signs: abnormally high temperature, weaker cooling, temperature rise under sustained/heavy operation, and derate/alarm/shutdown. It adds extra diagnostic and corrective details, but they do not conflict with the original answer. However, it also introduces specific threshold conditions and rotational speed criteria that are not present in the ground truth; since the task is semantic equivalence, extra detail is acceptable as long as the core answer is preserved. The core answer is preserved, so this is correct."
281,How can I tell if the cooling system is not keeping the machine temperature under control?,ae1dcf3957,good,"The AI answer captures the core idea that the cooling system is not removing heat effectively and that temperature rises during sustained/heavy operation. It also mentions weaker-than-expected cooling performance and possible temperature alarms/shutdown indirectly via stop guidance. However, it adds many specific details not present in the ground truth, but these do not contradict the original answer. Overall, it is semantically equivalent in the key points asked."
282,Why does the machine temperature keep climbing during long or heavy runs?,ae1dcf3957,good,"The AI answer conveys the same core idea: during long or heavy operation the machine temperature rises because cooling/heat removal is insufficient, and it notes the possible consequences of derating, temperature alarm, or shutdown. It includes an extra diagnostic detail about HDF criteria, but that does not change the main answer and is not contradictory to the ground truth."
283,"Can a heat dissipation failure make the machine derate, alarm, or shut itself down?",ae1dcf3957,good,"The AI answer preserves the key outcome from the ground truth: heat dissipation failure can lead to derating, a temperature alarm, or shutdown. It also includes the supporting symptoms of high temperature, weaker cooling, and temperature rise during sustained/heavy operation. The extra threshold and speed details are not present in the original answer, but they do not contradict the core information asked. Therefore it is semantically equivalent."
284,What symptoms should I look for if I suspect poor heat removal in the process?,ae1dcf3957,bad,"The AI answer is not semantically equivalent to the ground truth. The original answer describes general symptoms of poor heat removal: abnormally high machine/process temperature, weaker-than-expected cooling, temperature rising during sustained/heavy operation, and possible derating/alarm/shutdown. The AI answer instead introduces a specific 'Heat Dissipation Failure (HDF)' pattern with numeric thresholds for temperature gap and rotational speed, which are not present in the original and change the meaning substantially. It misses the key symptoms asked for and adds unsupported specifics."
285,What usually causes Heat Dissipation Failure in a machine or process line?,b2a1fbed0a,bad,"The AI answer does not match the ground truth. The original answer lists common physical causes of heat dissipation failure such as blocked vents/filters, failed cooling components, low or contaminated coolant, excessive load/friction, and faulty temperature sensors. The AI instead gives a very specific operating-condition explanation about low rotational speed and a small temperature difference, which is not the same and omits the main listed causes. Therefore it is not semantically equivalent."
286,"Can blocked vents, dirty filters, or poor airflow lead to Heat Dissipation Failure?",b2a1fbed0a,good,"The AI answer directly affirms that blocked vents, dirty filters, or poor/restricted airflow can cause Heat Dissipation Failure, which matches the ground truth. It also includes the exact root cause from the original list and adds reasonable related corrective actions and explanations without contradicting the source. Since the question only asks about that specific cause, the answer is semantically equivalent and correct."
287,"Could a bad cooling fan, pump, heat exchanger, or coolant circuit be the root cause of Heat Dissipation Failure?",b2a1fbed0a,good,"The AI answer correctly confirms that a failed or degraded cooling fan, pump, heat exchanger, or coolant circuit can be a root cause of Heat Dissipation Failure. It preserves the key point from the ground truth and the added recommendations are consistent with the broader listed causes, even if more detailed than necessary."
288,How often does low or contaminated coolant or lubricant end up causing Heat Dissipation Failure?,b2a1fbed0a,good,"The AI answer preserves the key point from the ground truth: low, contaminated, or leaking coolant or lubricant is one possible cause of Heat Dissipation Failure. It also includes the other listed causes. Although it adds unsupported details about conditions and actions, these do not contradict the original answer. The core information is semantically equivalent."
289,Can a faulty temperature sensor or too much process load trigger Heat Dissipation Failure?,b2a1fbed0a,good,"The AI answer correctly says that both a faulty/poorly calibrated temperature sensor and excessive process load can be related to Heat Dissipation Failure. It also includes other ground-truth causes like blocked airflow and cooling system failures. Although it adds specific threshold conditions not present in the original answer, that extra detail does not conflict with the core point. Semantically, it preserves the key information."
290,What temperature pattern usually shows up when a heat dissipation failure is starting?,a4415efbd0,good,"The AI answer includes the core temperature pattern: rising component/process temperature and remaining elevated after load reduction, plus weaker cooling and unstable fan/flow/pressure. It also mentions the abnormal temperature gap versus air/cooling medium. The added rotational speed threshold is extra detail and does not contradict the ground truth. Overall, it conveys the same key information."
291,How can I tell if the temperature gap between the machine and its cooling medium is getting abnormal?,a4415efbd0,good,"The AI answer captures the core idea that an abnormal temperature gap between the machine/process and the cooling medium indicates a cooling/heat dissipation problem. However, it adds specific thresholds and a rotational speed condition that are not present in the ground truth, and it does not explicitly mention some original warning signs like temperature trending upward beyond baseline, remaining elevated after load reduction, or cooling-system status/flow/pressure being low or unstable. Still, the main semantic answer to the question—recognizing an abnormal process-to-cooling-medium temperature difference as a heat dissipation issue—is preserved."
292,Why would the temperature stay high even after I reduce the load?,a4415efbd0,good,"The AI answer conveys the same core idea as the ground truth: the temperature staying high after load reduction points to a heat dissipation/cooling issue, with abnormal temperature difference and possible low/unstable cooling-system status, fan speed, flow, or pressure. The added recommendations are extra but do not contradict the original answer."
293,"What cooling-system signs like fan speed, flow, or pressure should I watch for with this failure?",a4415efbd0,good,"The AI answer includes the key cooling-system signs from the ground truth: fan speed, flow, and pressure being low or unstable. It also correctly mentions the related temperature trends. The extra troubleshooting detail does not conflict with the original answer. Semantically equivalent."
294,What sensor readings point to a heat dissipation problem on the machine or process?,a4415efbd0,good,"The AI answer includes all core points from the ground truth: rising temperature trend above baseline, abnormal temperature difference versus cooling medium, elevated temperature persisting after load reduction, and low/unstable cooling-system indicators like fan speed, flow, or pressure. It adds extra specific threshold details and explanatory context, but those do not conflict with the original answer. The key information is preserved."
295,What should I do first when a heat dissipation failure shows up on the machine?,c98d530bd3,bad,"The AI answer does not match the ground truth. The original answer gives immediate practical actions: verify temperature, inspect/clean cooling components, check coolant, reduce load and cool down, then repair/replace faulty parts and recalibrate sensors. The AI instead invents specific threshold conditions and focuses on logging/escalating, without mentioning the key first steps like verifying the reading, cleaning filters/fans/vents, checking coolant, or reducing load. This misses the core maintenance instructions and adds unsupported details."
296,How do I check whether the temperature reading is actually correct during a cooling issue?,c98d530bd3,good,"The AI answer includes the key ground-truth action: verify the temperature reading with a trusted instrument when safe. It also includes all of the other recommended corrective checks and actions: cleaning airflow/heat transfer components, checking coolant conditions, reducing load for controlled cooling, and repairing/replacing cooling components plus recalibrating faulty sensors. The extra explanation about heat dissipation failure and temperature gaps is additional but does not contradict the original answer. Semantically it matches the ground truth."
297,What parts should I inspect and clean when the machine is overheating because of poor heat dissipation?,c98d530bd3,good,"The AI answer includes the key parts to inspect and clean: filters, vents, fans, cooling fins, and heat exchangers. It also correctly mentions checking coolant level, flow, pressure, leakage, and condition, and it includes the additional actions from the ground truth such as verifying temperature safely, reducing load, allowing controlled cooling, and repairing/replacing defective cooling components. It does not mention recalibrating faulty sensors explicitly, but the overall answer is semantically aligned and complete enough."
298,What coolant checks are needed if the cooling system seems weak or the machine is running too hot?,c98d530bd3,good,"The AI answer covers the key coolant checks from the ground truth: level, flow, pressure, leakage, and condition, and also mentions reducing load and controlled cooling. It does not explicitly mention verifying the temperature with a trusted instrument, cleaning filters/vents/fans/cooling fins/heat exchangers, or repairing/replacing defective components and recalibrating sensors, but it includes the core coolant-related checks and appropriate cooling action. The extra safety advice does not conflict with the original answer. Overall, it is semantically equivalent enough to count as correct."
299,"When a heat dissipation fault happens, should I cut the load or keep running until the machine cools down?",c98d530bd3,good,"The AI answer gives the correct direct guidance: reduce the load and allow controlled cooling, not keep running. It also includes the same supporting maintenance actions from the ground truth. Extra explanation about causes is not conflicting and does not change the answer."
300,"What should I do right away if a machine starts overheating or I notice smoke, odor, or leakage?",1fa2bd4467,good,"The AI answer captures all key instructions from the ground truth: stop the machine immediately on overheating, smoke, odor, or leakage; do not open a pressurized/hot cooling system until isolated and cooled; apply lockout/tagout before internal access; and escalate recurring overheating to maintenance. It adds extra troubleshooting steps, but they do not contradict the original answer and the core guidance is preserved."
301,When is it unsafe to open the cooling system during a heat dissipation problem?,1fa2bd4467,good,"The AI answer correctly states the key safety condition: do not open the cooling system if it is pressurized or still hot, and it includes the other core safety actions from the ground truth (stop the machine under abnormal heat/smoke/odor/leakage, isolate/cool before opening, and apply lockout/tagout). The extra inspection/repair advice is not contradictory and does not change the meaning."
302,"Do I need lockout/tagout before checking fans, pumps, or other internal parts after overheating?",1fa2bd4467,good,"The AI answer directly states that lockout/tagout is required before accessing fans, pumps, or internal components, which matches the ground truth. It also includes the other key safety points about stopping the machine, not opening a hot/pressurized cooling system until isolated and cooled, and escalating recurring overheating to maintenance/process engineering. Extra explanatory detail does not change the core answer."
303,Which signs mean I should shut the machine down because of heat dissipation failure?,1fa2bd4467,bad,"The AI answer includes some generally relevant shutdown signs like abnormal temperature and temperature alarms, but it misses key ground-truth indicators: smoke, odor, leakage, and rapid heating. It also introduces unrelated and unsupported threshold details (temperature-air difference and rpm) that are not in the original answer. Since the question asks which signs mean to shut down because of heat dissipation failure, the answer should focus on the explicit shutdown criteria from the source. The added content makes it semantically not equivalent."
304,"If the overheating keeps coming back, who should I report it to?",1fa2bd4467,good,"The AI answer correctly identifies that recurring overheating should be reported to maintenance and process engineering, which matches the ground truth. It also adds related safety guidance that is consistent with the original answer. No key point is missing or contradicted."
305,What signs usually show up when the machine is under too much load or torque and starts failing?,da179b1e6d,good,"The AI answer captures several core signs of overload: increased load/torque, reduced speed/output, increased vibration, tool wear, and overload alarms. It adds some extra framing and irrelevant details, but these do not contradict the ground truth. The key indicators are present and semantically equivalent."
306,How can I tell if overstrain is causing slower speed or worse process quality during operation?,da179b1e6d,good,"The AI answer correctly identifies the key symptoms from the ground truth: reduced speed, poor process quality, and difficulty completing the operation. It also includes the main related indicators from the original answer such as excessive mechanical load/torque/vibration/deformation and overload or torque-limit alarms. The additional explanation about accumulated mechanical strain and product-quality dependence is extra detail and does not contradict the original answer."
307,"What symptoms point to excessive vibration, deformation, or mechanical stress in a machine component?",da179b1e6d,good,"The AI answer includes all of the key symptoms from the ground truth: excessive load/torque/vibration/deformation, reduced speed or poor process quality, accelerated wear/cracking/bending/breakage, and overload or torque-limit alarms. The added explanatory and recommended-action text does not conflict with the original answer."
308,What kinds of damage should I watch for if a tool or part is being pushed past its limit?,da179b1e6d,good,"The AI answer captures the key damage indicators from the ground truth: excessive mechanical load/overstrain, deformation, accelerated wear, cracking, bending, breakage, and mentions reduced speed and poor process quality. It also stays semantically aligned with the idea that overload can cause equipment damage. Extra advice is added but does not contradict the original answer. One minor omission is the explicit mention of overload or torque-limit alarms, but this is not essential to the core question about kinds of damage to watch for."
309,"Can overstrain failure trigger alarms, and if so, what warning messages or faults might appear?",da179b1e6d,good,"The AI answer includes the key point that overstrain failure can trigger alarms and correctly names overload and torque-limit alarms, matching the ground truth. It also restates the main symptoms (excessive load, reduced speed, wear/breakage) without contradicting the original. Although it adds extra threshold details not present in the ground truth, this does not change the semantic equivalence of the core answer."
310,What usually causes an overstrain failure on the machine or tool?,6fda618d5b,bad,"The AI answer is not semantically equivalent to the ground truth. The original answer lists general causes of overstrain failure: excessive load beyond rating, worn/damaged tools needing more force, misalignment/jamming/improper feed/unsuitable material, incorrect operating parameters or tooling selection, and weak/fatigued/improperly installed components. The AI instead invents a specific formula involving tool wear times torque, threshold values, and variant types, which are not supported by the ground truth and do not answer the question correctly. It misses the key causes and adds irrelevant fabricated details."
311,"Can a worn or damaged tool lead to overstrain failure, and why does that happen?",6fda618d5b,good,"The AI answer correctly says that a worn or damaged tool can cause overstrain failure because it requires greater force to do the same work, and it also includes the main related causes from the ground truth (load exceeds capacity, misalignment/jamming, improper feed, wrong parameters, weak components). However, it adds unsupported specific formulas, thresholds, and recommended actions that are not in the original answer. Since the core question is answered correctly, the extra detail does not make it incorrect."
312,"How do misalignment, jamming, or wrong feed settings contribute to overstrain failure?",6fda618d5b,good,"The AI answer correctly explains that misalignment, jamming, and improper feed increase resistance and mechanical load, leading to overstrain. It also captures the core idea that the load can exceed the tool/component’s rated capacity. Although it adds extra troubleshooting advice not present in the ground truth, the key mechanism is conveyed accurately."
313,Could using the wrong operating parameters or tooling be the reason for an overstrain failure?,6fda618d5b,good,"The AI answer correctly states that incorrect operating parameters or tooling selection can cause an overstrain failure, which matches the ground truth. It also includes other listed causes. Extra details do not contradict the original answer, so it is semantically equivalent."
314,Which mechanical parts or installation issues can make an overstrain failure more likely?,6fda618d5b,bad,"The AI answer is not semantically equivalent to the ground truth. It focuses on a specific strain indicator formula, tool wear, torque, and variant thresholds, but misses several key causes from the original answer: operating load exceeding rated capacity, misalignment/jamming/improper feed/unsuitable work material, incorrect operating parameters or tooling selection, and weak/fatigued/improperly installed components. Those are central to the question about mechanical parts or installation issues, so the answer is incomplete and partly off-target."
315,What sensor readings usually show up when overstrain failure starts on a machine?,b2d23ef2a6,bad,"The AI answer is not semantically equivalent to the ground truth. The ground truth asks about typical sensor readings when overstrain failure starts: rising torque/force/strain/motor current above baseline, persistent high load with decreasing speed/output, increased vibration/acoustic emission, and deteriorating tool-wear/load measurements. The AI instead focuses on a specific derived strain indicator, thresholds by type, and tool wear × torque, which are not in the original answer and omits key signals like force, motor current, speed/output drop, vibration, and acoustic emission. It does not answer the general sensor-reading question correctly."
316,"How can I tell from torque, force, strain, or motor current that the machine is being overstrained?",b2d23ef2a6,good,"The AI answer includes all key points from the ground truth: load above baseline, persistent/increasing high load with reduced speed/output, increased vibration/acoustic emission under load, and tool-wear indicators worsening together with load measurements. The extra explanatory material does not contradict the original answer, so it is semantically equivalent."
317,What does it mean if load keeps going up while speed or output drops off?,b2d23ef2a6,good,"The AI answer conveys the same core meaning as the ground truth: load/torque/strain/current rises while speed or output drops, with possible increased vibration/acoustic emission and tool-wear/load deterioration. The added 'Overstrain Failure' label and recommendations do not conflict with the original content, even though they are more interpretive than the FAQ wording."
318,Can rising vibration or acoustic emission under load be a sign of overstrain failure?,b2d23ef2a6,good,"The AI answer directly states that rising vibration or acoustic emission under load can indicate overstrain failure, which matches the ground truth. It also includes the other listed supporting signs (increased torque/force/current, high load with reduced speed/output). Extra explanatory and procedural detail does not contradict the original answer."
319,What combination of tool-wear signs and load measurements points to overstrain failure?,b2d23ef2a6,good,"The AI answer captures the key signs: rising torque/force/strain/motor current above baseline, high load persisting while speed/output drops, and tool wear worsening together with load. It is semantically aligned with the original answer, though it adds extra context not present in the ground truth. The extra material does not contradict the original and the core answer is correct."
320,What should I do first when an overstrain failure shows up during operation?,e9380cebc6,good,"The AI answer includes the exact first action: stop or reduce the load according to the approved operating procedure. It also preserves all other key follow-up checks from the ground truth. Although it adds unrelated explanation about strain indicators and thresholds, this does not change the core answer. Semantically equivalent."
321,"How do I check the tool and loaded parts for wear, cracks, deformation, or looseness after an overstrain issue?",e9380cebc6,good,"The AI answer conveys the same core instructions as the ground truth: stop or reduce load, inspect for wear/cracks/deformation/looseness, check alignment/lubrication/feed/clamping/settings, replace damaged tooling/components, and verify ratings. The extra explanatory material does not contradict the original and is acceptable."
322,"What machine settings and conditions should I inspect when overstrain failure happens, like alignment, lubrication, feed, or clamping?",e9380cebc6,good,"The AI answer includes all key inspection points from the ground truth: alignment, lubrication, material feed, clamping, process settings, checking tool/components for wear/cracks/deformation/looseness, stopping or reducing load, replacing damaged tooling, and verifying ratings. It adds extra explanatory details, but they do not contradict the original answer. Semantically equivalent."
323,When should worn or damaged tooling and components be replaced after an overstrain failure?,e9380cebc6,good,"The AI answer conveys the key point that worn or damaged tooling/components should be replaced after inspection if they are found worn, cracked, deformed, loose, or end-of-life. It also includes the surrounding procedural steps from the ground truth. The extra explanation about overstrain and a formula is irrelevant, but it does not change the core meaning."
324,How can I verify that the machine and tool ratings are suitable for the job to avoid overstrain failure?,e9380cebc6,good,"The AI answer includes the key ground-truth points: verify equipment/tool ratings match intended operation, stop or reduce load per procedure, inspect for wear/cracks/deformation/looseness, and replace damaged tooling. It also adds extra explanation that is not in the original but does not conflict with it. Although it mentions some additional strain-threshold details, the core answer is semantically equivalent and correct."
325,"When should I stop the machine right away if I suspect overstrain, like cracking, heavy vibration, jamming, deformation, or parts about to break?",fc4efb8a87,good,"The AI answer preserves the key instruction to stop immediately when cracking, heavy/severe vibration, jamming, deformation, or imminent breakage is suspected. It also includes the safety steps about keeping personnel clear, isolating energy sources, and escalating repeated events, which match the original. Extra explanatory detail does not change the meaning."
326,What safety steps should I take to keep people clear of stored energy and possible flying fragments during an overstrain issue?,fc4efb8a87,good,"The AI answer captures all key safety steps from the ground truth: stop immediately on warning signs, keep people clear of stored-energy/fragment zones, isolate mechanical/hydraulic/pneumatic/electrical energy before inspection, and escalate repeated events to maintenance/reliability/process engineering. The added explanation does not conflict with the original and is acceptable extra detail."
327,"Do I need to isolate the mechanical, hydraulic, pneumatic, and electrical energy before checking an overstrain failure?",fc4efb8a87,good,"The AI answer includes the key instruction from the ground truth: isolate mechanical, hydraulic, pneumatic, and electrical energy before inspection/checking an overstrain failure. It also preserves the related safety actions (stop immediately, keep personnel clear, escalate repeated events). Although it adds extra explanatory text and an irrelevant formula, it does not contradict the original answer and conveys the same core guidance."
328,Who should I notify if the machine keeps having overstrain events?,fc4efb8a87,good,"The AI answer correctly identifies the key escalation targets: maintenance, reliability, and process engineering. It also includes the safety stop/isolation guidance from the original answer. The extra mention of line supervisor and the added formula are not in the ground truth, but they do not contradict the main answer. Overall, it preserves the core meaning."
329,"For overstrain failure, what escalation and safety precautions should the operator follow before inspection?",fc4efb8a87,good,"The AI answer preserves all key safety and escalation instructions from the ground truth: stop immediately for signs of cracking/vibration/jamming/deformation/imminent breakage, keep personnel clear of stored-energy and fragment-ejection zones, isolate mechanical/hydraulic/pneumatic/electrical energy before inspection, and escalate repeated events to maintenance, reliability, and process engineering. Extra context about tool wear, torque, and priority is not contradictory and does not change the meaning."
330,"What signs usually show up when there’s a power failure on the machine, like a sudden stop or it won’t start at all?",3bdafab7ad,good,"The AI answer includes all core signs from the ground truth: unexpected power loss, sudden stoppage or failure to start, unstable/insufficient motor speed or torque, and unusual power draw. It also mentions undervoltage, overcurrent, and overload alarms, which are consistent with the original. The extra threshold details and recommendations are additional but do not contradict the ground truth."
331,How can I tell if the motor is getting unstable speed or not enough torque because of a power issue?,3bdafab7ad,good,"The AI answer includes the key idea that unstable or insufficient motor speed/torque under load can indicate a power issue, but it adds unsupported specifics about power formulas, thresholds (3500–9000 W), and recommended actions that are not in the ground truth. However, these additions do not contradict the original answer. It also omits some original symptoms like unexpected loss of power, machine stoppage/failure to start, protection/overload/undervoltage/overcurrent alarms, and unusually high or low power draw. Since the core diagnostic point is present, this is semantically close enough."
332,"What kind of alarms should I expect during a power failure, such as overload, undervoltage, or overcurrent warnings?",3bdafab7ad,good,"The AI answer includes the core alarm types from the ground truth (overload, undervoltage, overcurrent) and also correctly mentions unexpected loss of power, stoppage/failure to start, unstable or insufficient motor speed/torque, and unusual power draw. The extra details do not contradict the original answer, though some added thresholds and recommendations are not in the source. Overall it is semantically equivalent."
333,"Could unusual power draw, either too high or too low, be a symptom of the machine losing power?",3bdafab7ad,good,"The AI answer states that unusual power draw, both too high and too low, can be a symptom of power failure/loss of power, which matches the ground truth. It also mentions related symptoms like stoppage, failure to start, unstable torque/speed, and alarms. Although it adds extra interpretation and thresholds not present in the original, the core meaning is preserved."
334,"When the machine has power failure, what symptoms should I check first before assuming a mechanical fault?",3bdafab7ad,good,"The AI answer includes all key symptoms from the ground truth: unexpected loss of power or stoppage, unstable/insufficient motor speed or torque, electrical protection alarms, and unusual power draw. It adds extra diagnostic and threshold details, but those do not conflict with the original answer and the core meaning is preserved."
335,What usually causes a power failure on this machine?,fa3303819e,bad,"The AI answer is not semantically equivalent to the ground truth. The question asks for usual causes of a power failure on the machine, and the original answer lists practical fault categories: supply interruption, electrical component faults, mechanical overload/binding, incorrect control commands/configuration, and faulty sensors. The AI instead invents threshold-based computed power limits (3500 W / 9000 W) and describes power as a derived metric, which is not present in the source and changes the meaning of the failure condition. It misses the actual causes and introduces unsupported specifics."
336,"Could this be from a supply interruption, voltage imbalance, or a loose connection?",fa3303819e,good,"The AI answer directly confirms the listed possibilities of supply interruption, voltage imbalance, and loose connection, and also includes damaged cable, which matches the ground truth. It adds extra plausible causes and actions, but does not contradict the original answer or miss the key point."
337,"What parts should I check first for a power-failure fault, like the motor, drive, inverter, or breaker?",fa3303819e,good,"The AI answer captures the key components to check for a power-failure fault: supply/cables, fuses/breakers, contactors, motor/drive/inverter, and power-supply components. It also aligns with the original list of possible causes, including electrical supply issues and mechanical overload, and adds reasonable diagnostic guidance. Although it is more verbose than the original, it does not contradict or miss the core information."
338,"Can mechanical issues like overload, binding, misalignment, or too much friction trigger this failure?",fa3303819e,good,"The AI answer correctly states that mechanical issues like overload, binding, misalignment, or excessive friction can trigger the failure, which matches one of the key root causes in the ground truth. It also includes extra context and recommendations, but they do not contradict the original answer. Although it adds unrelated specifics about power thresholds, the core answer is semantically equivalent."
339,Is a bad control command or a faulty sensor able to cause the power failure alarm?,fa3303819e,good,"The AI answer correctly states that an incorrect control command and faulty sensor can cause the Power Failure alarm, matching the ground truth. It also includes additional explanation and thresholds that are not in the original answer, but the core information is preserved and correct. The extra causes listed are also consistent with the original answer, so this is semantically equivalent."
340,How can I tell from the sensor data that a power failure is happening on the machine?,ed6de6dd8e,bad,"The AI answer does not match the ground truth. The original answer says a power failure can be inferred from deviations from normal load-dependent patterns: changes in voltage/current/power/torque/speed, persistent commanded vs measured speed mismatch, current or power rising while speed falls, and sudden voltage loss/fluctuation. The AI instead invents specific power thresholds (3500 W, 9000 W) and focuses on computed mechanical power being too low or too high, which are not in the source and miss the key diagnostic cues about voltage loss, commanded vs measured speed, and current/power increasing as speed falls."
341,"What kind of voltage, current, or speed pattern usually shows up right before a power failure?",ed6de6dd8e,good,"The AI answer includes the core indicators from the ground truth: deviation from normal load-dependent voltage/current/power/torque/speed patterns, persistent commanded-vs-measured speed mismatch, current/power rising while speed falls, and sudden voltage loss/fluctuation at the failure event. It adds extra diagnostic and recommended-action details, but these do not contradict the original answer. The mention of a 3500–9000 W range is extra context and not necessary, yet it does not alter the key pattern description asked in the question."
342,"If the commanded speed and the measured speed don't match, could that be a sign of power failure?",ed6de6dd8e,good,"The AI answer correctly identifies that a persistent mismatch between commanded and measured speed is an indicator of Power Failure, matching the ground truth. It also includes the other listed supporting symptoms (load-dependent deviations, current/power rising while speed falls, voltage fluctuation) and does not contradict the original answer. Extra troubleshooting advice is acceptable and does not change the core meaning."
343,What sensor changes should I look for when current or power goes up but the speed drops?,ed6de6dd8e,good,"The AI answer captures the key point that current or power rises while speed falls, indicating overload or mechanical resistance, and it also mentions checking commanded vs measured speed. However, it misses some specific sensor-change phrasing from the original, especially the broader deviation pattern involving voltage, current, power, torque, or rotational speed, and the sudden voltage loss/fluctuation coinciding with the failure event. Despite that, the core answer is substantially preserved."
344,Can a sudden dip or fluctuation in voltage be used to identify a power failure event?,ed6de6dd8e,good,"The AI answer correctly states that a sudden voltage loss or fluctuation can indicate a power failure event, which matches the ground truth key point. It also includes the same core condition that it coincides with the failure event. The extra troubleshooting guidance does not conflict with the original answer. Although it omits some other listed indicators, the question is specifically about voltage dip/fluctuation, so the essential answer is preserved."
345,What should I check first when I get a power failure alarm on this machine?,54e5187ac9,bad,"The AI answer does not match the ground truth. The original answer is a troubleshooting checklist for a power failure alarm: first check active alarms and electrical supply range, then inspect cables, connectors, fuses, breakers, contactors, motor/drive, compare commanded vs measured speed/torque/current/power, inspect driven equipment for binding/overload/misalignment, and correct faults before resetting. The AI instead invents a specific power threshold and claims the first check is derived power value, which is not in the original answer and omits the electrical/mechanical inspection steps. Therefore it is not semantically equivalent."
346,How do I tell if the incoming electrical supply is okay during a power failure fault?,54e5187ac9,good,"The AI answer includes the key point from the ground truth: check active alarms and confirm the electrical supply is within the approved range. It also correctly mentions inspecting cables, connectors, fuses, breakers, contactors, motor, and drive, and comparing commanded vs measured speed, torque, current, and power, as well as correcting the fault before resetting protection devices. Extra explanatory and safety details do not change the meaning."
347,Which parts should I inspect on the drive side when the machine trips on power failure?,54e5187ac9,good,"The AI answer includes the same core inspection items on the drive side (cables, connectors, fuses, breakers, contactors, motor, drive) and also preserves the key follow-up actions: check alarms, verify supply range, compare commanded vs measured values, inspect driven equipment, and correct the fault before resetting protection devices. The extra safety advice does not conflict with the ground truth."
348,"How can I compare commanded and actual speed, torque, current, and power to troubleshoot a power failure issue?",54e5187ac9,good,"The AI answer conveys the core troubleshooting step: compare commanded and measured speed, torque, current, and power, and it also includes the key surrounding actions from the ground truth such as checking alarms, supply, cables, drive components, and driven equipment for binding/overload/misalignment before resetting protections. Although it adds some extra numerical thresholds and explanatory material not present in the original, that does not change the main guidance and is not contradictory to the answer. Semantic content is equivalent."
349,"What mechanical problems like binding, overload, or misalignment can trigger a power failure fault, and what should I fix before resetting?",54e5187ac9,good,"The AI answer conveys the key mechanical triggers (binding, overload, misalignment) and correctly states that the driven equipment should be inspected and the fault corrected before resetting. It also includes some extra detail about excessive friction and electrical checks, which is consistent with the original answer and does not change the meaning."
350,When should I shut the equipment down immediately after a power failure or electrical fault?,78b97cfea6,good,"The AI answer preserves the key safety triggers for immediate shutdown: arcing, smoke, burning odor, exposed wiring, and repeated protection trips. It also correctly includes lockout/tagout, voltage verification, qualified personnel, and escalation of repeated/unexplained events. The extra discussion about underpowered/overpowered events is not in the ground truth, but it does not contradict the main answer and the core guidance remains correct."
351,Who is allowed to test energized electrical equipment during a power failure issue?,78b97cfea6,good,"The AI answer matches the key point of the ground truth: only qualified personnel may test energized electrical equipment. It also correctly includes the lockout/tagout and escalation guidance, without introducing conflicting information."
352,What lockout/tagout steps should I follow before opening up the machine after a power event?,78b97cfea6,good,"The AI answer preserves all key points from the ground truth: immediate isolation if warning signs are present, only qualified personnel test energized electrical equipment, apply lockout/tagout and verify absence of voltage before internal inspection, and escalate repeated or unexplained events to specialists. Extra context does not change the meaning."
353,How do I check that the equipment is truly de-energized before doing an internal inspection?,78b97cfea6,good,"The AI answer correctly states the key safety instruction: apply lockout/tagout and verify absence of voltage before internal inspection. It also includes isolation before inspection, which is consistent with the ground truth. It does not mention the extra escalation steps or the note about only qualified personnel testing energized equipment, but those are not essential to the direct question about how to ensure de-energization."
354,When should a repeated power trip or unexplained outage be escalated to electrical or maintenance support?,78b97cfea6,good,"The AI answer preserves the key instruction from the ground truth: repeated or unexplained power events should be escalated to electrical and maintenance specialists. It also includes the safety actions from the original answer (isolate on arcing/smoke/burning odor/exposed wiring/repeated trips, qualified personnel only, LOTO and verify absence of voltage). The added troubleshooting details do not conflict with the original."
