,question,document,score,reasoning
0,"How can I tell if a tool is approaching wear failure, especially if torque, temperature, and speed still look normal?",299b2d2994,good,"The AI answer preserves the key ground-truth point: wear failure is indicated by cumulative tool wear time entering a critical band around 200–240 minutes, and it can occur even when torque, temperature, and speed remain normal. It adds reasonable explanatory detail without changing the meaning."
1,Is there a typical time window where tool wear failure becomes likely during continuous use?,299b2d2994,good,"The AI answer matches the ground truth on the key point: tool wear failure becomes likely in a typical 200–240 minute continuous-use window, and failure can occur even when torque, temperature, and speed appear normal. The extra recommendation about inspection/replacement is additional but not contradictory."
2,Can tool wear failure happen without any obvious sensor warning beforehand?,299b2d2994,good,"The AI answer preserves the core meaning of the ground truth: tool wear failure can happen without prior obvious sensor warnings, it mentions the 200–240 minute critical band, and notes torque/temperature/speed may remain nominal until failure. The extra recommendation is not contradictory."
3,What signs should I watch for when a tool has been running for around 200 to 240 minutes?,299b2d2994,good,"The AI answer preserves the key point: around 200–240 minutes of continuous use, the tool enters a critical wear band where failure probability rises sharply and may occur even though torque, temperature, and rotational speed still look normal. The extra recommendation about inspection/replacement does not contradict the ground truth. Minor added wording about not logging a confirmed failure is extra but not incorrect in relation to the question."
4,Does tool wear failure usually show up as a sudden event even when the machine data looks nominal?,299b2d2994,good,"The AI answer preserves the key point: tool wear failure can occur suddenly even when machine data looks nominal, and it mentions the same critical band of 200–240 minutes with sharply rising failure probability and no sensor anomalies. The extra maintenance recommendation does not contradict the ground truth."
5,What usually causes tool wear failure on a cutting tool?,7735d88102,good,"The AI answer correctly identifies tool wear failure as progressive mechanical degradation of the cutting tool edge over time, leading to reduced cutting ability and possible fracture. The extra inspection/replacement timing details are not in the ground truth, but they do not contradict the core answer. The key distinction that it is wear-out/time-usage driven rather than load-driven is implied by 'over time,' though not explicitly stated. Overall semantically equivalent."
6,Is tool wear failure more about age and usage than overload?,7735d88102,good,"The AI answer correctly states that tool wear failure is mainly due to age and usage, describing progressive degradation rather than overload. It preserves the core distinction from stress-overload failure. The added inspection/replacement thresholds are extra detail not present in the ground truth, but they do not contradict the main point, so the semantic answer is equivalent."
7,How does progressive edge wear end up causing tool fracture or process failure?,7735d88102,good,"The AI answer captures the key idea that progressive edge wear is a wear-out mechanism: the cutting edge degrades over time/usage, reducing cutting performance and eventually causing fracture or process failure. It also correctly distinguishes this from load-driven stress overload. The added runtime estimate and maintenance advice are extra but do not contradict the original answer."
8,What is the main root cause behind a TWF event in predictive maintenance?,7735d88102,good,"The AI answer correctly identifies the root cause as progressive mechanical degradation of the cutting tool edge due to accumulated wear, and correctly notes that it is a wear-out, time/usage-driven failure rather than a stress-overload failure. The extra recommendation about monitoring a critical time band is additional detail and does not contradict the core answer."
9,Why do cutting tools fail from wear out instead of sudden stress overload?,7735d88102,good,"The AI answer captures the core idea: progressive mechanical degradation of the cutting edge, time/usage-driven wear, and eventual fracture or failure rather than sudden overload. The added recommendation about monitoring at 200–240 minutes is extra detail and does not contradict the ground truth."
10,"What reading range on tool wear usually points to a tool wear failure, and is it a hard cutoff?",e8a1fe10fc,good,"The AI answer correctly identifies the 200–240 minute tool wear range and correctly states it is not a hard cutoff, which matches the ground truth’s probabilistic interpretation. It does add an operational recommendation about priority inspection and replacement before 240 minutes, which is extra but not contradictory. It does not mention the torque/speed or temperature diagnostic distinctions, but the question asked specifically about the reading range and cutoff, so that omission is acceptable."
11,"If I see torque or spindle speed shifting, can I use that to spot tool wear failure early?",e8a1fe10fc,good,"The AI answer captures the key point that torque and spindle speed are not reliable leading indicators for tool wear failure and that tool wear time in the 200–240 minute band is the primary signal. It also correctly notes prioritizing inspection as tool wear approaches that range. However, it introduces a slight mismatch by implying tool wear greater than 200 minutes should be flagged, whereas the ground truth says the 200–240 range is a probabilistic band and not deterministic, with no air/process temperature anomaly expected. Despite the minor phrasing issue, the core meaning is preserved."
12,Does tool wear failure normally show any weird air or process temperature behavior?,e8a1fe10fc,bad,"The AI answer correctly states that tool wear failure does not typically show air or process temperature anomalies. However, it misses the key diagnostic detail that the primary indicator is Tool wear [min] in the 200–240 range and incorrectly refers to cumulative tool usage time rather than tool wear [min]. It also omits the important note that torque and rotational speed are not reliable leading indicators and the warning that in-band values are probabilistic, not deterministic. Since it changes the main indicator and leaves out important context, it is not semantically equivalent."
13,Why would a machine still be okay even when the tool wear value is in the 200 to 240 range?,e8a1fe10fc,good,"The AI answer captures the core idea that tool wear values in the 200–240 range are a probabilistic warning zone rather than a deterministic failure threshold, and that a machine can still be operational in that band. It also correctly notes not to call it a failure based on the band alone. However, it omits the specific diagnostic distinction that torque and rotational speed are not reliable leading indicators for TWF and that no air/process temperature anomaly is expected. Still, the main question is answered accurately."
14,What’s the main signal I should watch for tool wear failure instead of relying on torque or speed?,e8a1fe10fc,good,"The AI answer identifies Tool wear [min] in the 200–240 range as the main signal and correctly notes that torque and speed are not the key indicators. It also captures the probabilistic nature by saying risk increases rather than stating a deterministic failure. However, it adds some extra guidance about inspection/replacement that is not in the original, but this does not conflict with the ground truth."
15,What should I do with a unit once tool wear goes over 200 minutes?,157781c070,good,"The AI answer captures the key instructions: flag units over 200 minutes for priority inspection and schedule tool replacement before 240 minutes for long runs. It omits the note that this should be done regardless of other readings and does not mention not relying on torque spikes as an early warning, but these omissions do not change the core guidance requested by the question. Overall it is semantically equivalent."
16,"If a machine is due for a long production run, when should I replace the tool before it gets risky?",157781c070,good,"The AI answer correctly states the key threshold for long production runs: replace the tool before 240 minutes of cumulative wear. It also reflects the priority/heightened risk after 200 minutes. It does not mention the torque-spike warning, but that is an additional detail rather than the core answer to the question asked. Overall, it conveys the same essential guidance."
17,"Can I use torque spikes as an early sign of tool wear failure, or is that too late to trust?",157781c070,good,"The AI answer correctly states that torque spikes are not a reliable early warning and that by the time torque changes are seen, failure may already be underway. It also includes the operational guidance to monitor tool wear time around 200 minutes and schedule inspections/replacement, which matches the ground truth. It does not mention the exact 240-minute replacement threshold, but it preserves the key instructions and overall meaning."
18,"When tool wear is above 200 min, does it need priority inspection even if other readings look normal?",157781c070,good,"The AI answer correctly states that tool wear above 200 min should be flagged for priority/urgent inspection regardless of other readings, which matches the key point of the ground truth. It adds extra explanatory detail but does not contradict the original. It omits the additional note about scheduling replacement before 240 min and the warning about torque spikes not being an early warning, but those are supplementary rather than the core asked point."
19,What is the best maintenance action to prevent tool wear failure from catching us by surprise?,157781c070,good,"The AI answer captures the key guidance: monitor tool wear directly, flag the critical 200–240 min range, replace before 240 min for long runs, and do not rely on torque spikes as an early warning. This is semantically equivalent to the original answer, though it omits the explicit instruction to prioritize inspection for any unit over 200 min regardless of other readings. The core maintenance action is still correctly conveyed."
20,"Is Tool Wear Failure usually a safety problem, or is it more of a quality and downtime issue?",70791c7ac7,good,"The AI answer matches the ground truth: it states that Tool Wear Failure is mainly a quality/downtime issue, advises escalation to the line supervisor for scheduling, and says operations need not be halted unless tool fracture risk is confirmed. This is semantically equivalent, with only extra explanatory detail."
21,"When we see signs of TWF, should the machine be stopped right away or can it keep running?",70791c7ac7,bad,"The AI answer fails to convey the ground truth. The original says TWF is generally a quality/downtime issue, not an acute safety hazard, so the machine does not need to be stopped immediately unless visual inspection confirms tool fracture risk; instead, escalate to the line supervisor. The AI answer only says the context does not specify and gives no recommendation, missing the key operational guidance."
22,"Who should I report a Tool Wear Failure to on the line, and what’s the normal escalation path?",70791c7ac7,good,"The AI answer matches the ground truth on the key points: Tool Wear Failure should be reported to the line supervisor, it is generally a quality/downtime issue, and an immediate halt is not required unless visual inspection confirms fracture risk. The added severity-based escalation detail is extra but does not contradict the original answer."
23,"Do we only need to halt production if there’s actual risk of the tool breaking, or for any wear issue?",70791c7ac7,good,"The AI answer matches the key point of the ground truth: production does not need to be halted for any wear issue, only when tool fracture risk is confirmed by visual inspection. It also correctly frames wear as something to escalate/inspect rather than automatically stop production. Although it adds extra specifics not present in the original, the core answer is semantically equivalent."
24,What should the operator do after spotting tool wear so the right people can schedule the next step?,70791c7ac7,bad,"The AI answer does not match the ground truth. The correct response is to escalate the issue to the line supervisor for scheduling, and stopping the machine is not automatically required unless tool fracture risk is confirmed. The AI instead invents specific wear thresholds, inspection timing, and replacement scheduling criteria that are not in the original answer and misses the key instruction to escalate to the line supervisor."
25,What symptoms usually show up when heat dissipation failure happens during low-speed operation?,ae1dcf3957,good,"The AI answer includes all key symptoms from the ground truth: abnormally high temperature, weaker cooling, temperature rise under sustained/heavy operation, and possible derating/alarm/shutdown. The added explanation and recommendations are extra but do not contradict the original answer."
26,How can I tell if the process is in heat dissipation failure just from temperature and air temperature readings?,ae1dcf3957,bad,"The AI answer introduces a specific diagnostic rule involving temperature difference and rotational speed that is not present in the ground truth. The original answer says heat dissipation failure is indicated by abnormally high machine/process temperature, weaker-than-expected cooling, temperature rise under sustained/heavy load, and possible derating/alarm/shutdown. The AI answer does not convey these key indicators and instead gives an unrelated threshold-based criterion. Therefore it is not semantically equivalent."
27,"Does low rotational speed by itself mean HDF is happening, or do I need the temperature gap too?",ae1dcf3957,bad,"The AI answer addresses the user's question directly and correctly states that low rotational speed alone is not sufficient; the temperature gap is also required. However, the provided ground truth is actually a list of symptoms of HDF (abnormally high temperature, weak cooling performance, temperature rise during operation, derating/alarm/shutdown), not the specific low-speed/temperature-gap condition. Since the AI answer adds a specific threshold and condition not present in the original answer, it is not semantically equivalent to the ground truth as given."
28,What exact temperature difference and rpm limits define heat dissipation failure in this process?,ae1dcf3957,bad,"The AI answer introduces specific thresholds (8.6 K and 1380 rpm) that are not present in the ground truth. The original answer describes general symptoms of heat dissipation failure—abnormally high temperature, weaker cooling, rising temperature under load, and possible derating/alarm/shutdown—but does not define exact temperature difference or rpm limits. Since the AI answer does not match the provided reference and appears to invent specifics, it is not semantically equivalent."
29,When should I suspect HDF instead of just a normal cooling issue on the machine?,ae1dcf3957,bad,"The AI answer captures the core indicators from the ground truth: abnormally high machine/process temperature and weaker-than-expected cooling performance. It also adds plausible related symptoms and actions. However, it omits two key points from the original: temperature rising during sustained or heavy operation, and the possible outcomes of derate, temperature alarm, or shutdown. Since the main diagnostic criteria are mostly preserved, this is still semantically close, but because it misses important ground-truth symptoms, it should be marked bad under a strict equivalence check."
30,What usually causes Heat Dissipation Failure when the spindle is running slowly?,b2a1fbed0a,bad,"The AI answer does not match the ground truth. The original answer lists common causes such as blocked vents/dirty filters/restricted airflow, failed cooling components, low or leaking coolant/lubricant, excessive load/friction/prolonged low-airflow operation, and faulty temperature sensors. The AI instead gives a different explanation about temperature gradient close to ambient and suggests forced cooling or increasing speed, which is not equivalent and misses the key listed causes."
31,Why does cooling get worse if the process and ambient temperatures are already very close?,b2a1fbed0a,bad,"The AI answer explains reduced thermal gradient and low airflow, and includes corrective actions. However, it does not capture the main ground-truth causes such as blocked vents/dirty filters, failed or degraded cooling fan/pump/heat exchanger/coolant circuit, low/contaminated/leaking coolant or lubricant, excessive process load/friction, or faulty temperature sensor in a clear equivalent way. It only partially overlaps and adds a different explanation that is not the same as the listed cause categories."
32,How do low rotational speed and weak airflow lead to heat building up around the tool and workpiece?,b2a1fbed0a,bad,"The AI answer explains a plausible mechanism for heat buildup from low rotational speed and weak airflow, but it does not match the ground truth's key causes. The original answer lists specific equipment-related reasons such as blocked vents/dirty filters, failed cooling fan or coolant circuit, low or leaking coolant/lubricant, excessive process load, and faulty temperature sensor. The AI answer focuses on generic heat-transfer theory and recommended actions, missing those concrete causes. Therefore it is not semantically equivalent to the original answer."
33,What makes convective heat transfer too weak to remove process heat in a small thermal gradient situation?,b2a1fbed0a,bad,"The AI answer does not match the ground truth. The original answer lists practical causes of weak convective cooling such as blocked vents/dirty filters/restricted airflow, failed fan/pump/heat exchanger/coolant circuit, low or contaminated coolant/lubricant, excessive load/friction, and faulty temperature sensor. The AI instead gives a different explanation about low rotational speeds and a specific temperature difference threshold, which is not part of the source answer and misses the key failure modes."
34,"In a heat dissipation failure, why can local heat keep accumulating instead of being carried away?",b2a1fbed0a,bad,"The AI answer captures some relevant ideas like blocked vents and faulty cooling systems, but it introduces unsupported specifics about low rotational speed, mechanical agitation, and a <8.6 K temperature gap that are not in the ground truth. More importantly, it misses several key causes from the original answer: dirty filters, low/contaminated/leaking coolant or lubricant, excessive process load/friction/prolonged low-airflow operation, and faulty temperature sensor. Since the question asks why heat can keep accumulating, the answer should list the actual causes; this response is only partially aligned and includes irrelevant/incorrect details."
35,How do I spot the sensor pattern for heat dissipation failure in this machine?,a4415efbd0,good,"The AI answer matches the ground truth key indicators for heat dissipation failure: rising temperature above baseline, abnormal temperature difference versus cooling medium, temperature staying elevated after load reduction, and low/unstable cooling-system metrics such as fan speed, flow, or pressure. The extra recommended actions do not conflict with the original answer."
36,What should I calculate from process temperature and air temperature to detect HDF early?,a4415efbd0,bad,"The AI answer does not match the ground truth. The original answer says to watch for process/component temperature trending upward beyond baseline, an abnormal temperature difference between machine/process and cooling medium, elevated temperature after load reduction, and low/unstable cooling-system status. The AI answer invents a specific threshold and a rotational speed condition that are not in the original answer, and it omits the key points about baseline trend, persistence after load reduction, and cooling system status. Therefore it is not semantically equivalent."
37,"Is low rotational speed alone enough to call a heat dissipation failure, or do I need another condition too?",a4415efbd0,bad,"The AI answer captures the key point that low rotational speed alone is not sufficient and that another condition is needed. However, it incorrectly invents a specific threshold ('temperature gradient less than 8.6 K') and frames the condition too narrowly. The original answer lists broader indicators: rising process/component temperature, abnormal difference from cooling medium, temperature staying elevated after load reduction, and low/unstable cooling-system status. Since the AI answer does not match these criteria accurately, it is not semantically equivalent."
38,Which values or combination of readings usually point to heat dissipation failure risk?,a4415efbd0,bad,"The AI answer introduces specific thresholds (below 1380 rpm and temperature gap < 8.6 K) that are not in the ground truth, and it focuses mainly on rotational speed plus temperature gap. The original answer is broader and says risk is usually indicated by upward temperature trend beyond baseline, abnormal temperature difference between machine/process and cooling medium, elevated temperature after load reduction, and low or unstable cooling-system status such as fan speed, flow, or pressure. The AI answer does mention a small temperature gap and low rotational speed, which partially aligns with abnormal temperature difference and low fan speed, but it misses the other key indicators and adds unsupported numeric criteria. Since the question asks which values or combination of readings usually point to risk, the answer is not semantically equivalent enough."
39,Why can the temperatures look normal even when the machine is heading toward heat dissipation failure?,a4415efbd0,good,"The ground truth says temperatures may look normal because the important signs are an upward trend from baseline, an abnormal temperature difference between machine/process and cooling medium, elevated temperature after load reduction, and low/unstable cooling-system indicators such as fan speed, flow, or pressure. The AI answer captures the key idea that raw temperatures can appear normal and that an abnormal process-to-air temperature difference is the signal, but it introduces an unsupported specific threshold (8.6 K and 1380 rpm) and omits several ground-truth points like upward trend from baseline, persistence after load reduction, and cooling-system status details. However, the core explanation is semantically aligned enough: normal-looking temperatures can mask failure because the differential and cooling conditions matter more than individual readings."
40,What should I do when a unit is showing heat dissipation failure and the temperature keeps trending up?,c98d530bd3,bad,"The AI answer does not match the ground truth. The correct guidance is to verify the temperature, inspect and clean cooling components, check coolant status, reduce load and cool down, and repair or recalibrate faulty parts. Instead, the AI gives a very specific diagnosis about low rotational speed and thermal gradient, and suggests monitoring temperature differential and increasing rotational speed, which are not the key actions from the original answer. It misses most required troubleshooting steps and adds unsupported specifics."
41,Should I monitor a derived temperature difference feature instead of only looking at raw temperature readings for HDF?,c98d530bd3,bad,"The AI answer does not match the ground truth. The question asks whether to monitor a derived temperature difference feature instead of only raw temperature readings for HDF, but the original answer is about troubleshooting corrective actions: verify with a trusted instrument, inspect/clean cooling components, check coolant, reduce load, and repair/recalibrate. The AI answer introduces a feature-engineering recommendation about temp_diff and rotational speed, which is not contained in the ground truth and misses the actual key points entirely."
42,"If a machine stays below 1380 rpm for a long time, do I need to check the temperature gradient more closely?",c98d530bd3,bad,"The AI answer captures the core idea that prolonged low RPM operation requires closer temperature monitoring, and it mentions overheating risk due to reduced cooling. However, it adds a specific threshold (temp_diff < 8.6 K) and a diagnosis (Heat Dissipation Failure) that are not present in the ground truth, and it omits the key corrective actions from the original answer such as verifying the temperature reading, inspecting/cleaning cooling components, checking coolant, reducing load, and repairing/replacing faulty parts. Since it does not convey the full intended guidance, it is not semantically equivalent."
43,"Is low rotational speed always safe in heat dissipation failure cases, or should I verify cooling conditions too?",c98d530bd3,bad,"The AI answer captures the main point that low rotational speed is not automatically safe and that cooling conditions should also be verified. However, it invents an explanation about 'low speed combined with a small temperature difference' that is not in the ground truth and omits the concrete recommended actions from the original answer (checking temperature with a trusted instrument, inspecting cooling components, verifying coolant conditions, reducing load, repairing/replacing components). For semantic equivalence, the key warning is present, but the answer is incomplete and partially speculative."
44,"When both low speed and temperature trend are moving toward the limit, is forced cooling or higher rpm the better fix?",c98d530bd3,bad,"The AI answer does not match the ground truth. The original answer gives troubleshooting steps: verify temperature, inspect/clean cooling components, check coolant, reduce load and allow controlled cooling, and repair faulty parts. The AI answer instead speculates about Heat Dissipation Failure and suggests forced cooling or higher rpm as possible fixes, which is not the stated guidance and misses the key procedural actions."
45,How can I tell if a sustained low thermal gradient at low speed is pointing to an upstream coolant or airflow problem?,1fa2bd4467,bad,"The AI answer does not address the safety and procedural guidance in the original answer. The ground truth is about when to stop the machine and the required precautions/actions (isolate and cool before opening, lockout/tagout, escalate recurring overheating), while the AI answer mainly explains a possible cause and suggests a maintenance ticket. It misses the key points and adds unsupported diagnostic explanation."
46,Should I open a maintenance ticket if the machine has a low thermal gradient at low speed but hasn’t actually failed yet?,1fa2bd4467,good,"The AI answer says to open a maintenance ticket, which aligns with the ground truth's instruction to escalate recurring overheating to maintenance. Although it adds speculative detail about coolant or airflow issues, it does not conflict with the key point and answers the question appropriately."
47,Is low thermal gradient during slow operation an early warning for heat dissipation issues?,1fa2bd4467,bad,"The AI answer does not match the ground truth. The original answer is a safety/response instruction set: stop the machine on overtemperature or smoke/odor/leakage/rapid heating, avoid opening hot/pressurized cooling systems, use lockout/tagout before accessing components, and escalate recurring overheating. The AI answer instead asserts that low thermal gradient during slow operation is an early warning and recommends filing a maintenance ticket. That may be plausible, but it is not the same content and misses the key safety actions and escalation details from the original answer."
48,What upstream systems should I check first when I see a sustained low thermal gradient at low speed?,1fa2bd4467,bad,"The AI answer does not match the ground truth. The original answer is a safety procedure: stop the machine if limits are exceeded or if smoke/odor/leakage/rapid heating occurs, do not open hot/pressurized cooling systems until isolated and cooled, apply lockout/tagout before accessing components, and escalate recurring overheating to maintenance and process engineering. The AI response instead discusses likely coolant/airflow issues and recommends a maintenance ticket, but it omits the key safety instructions and escalation specifics. It is not semantically equivalent."
49,"How serious is it when the thermal gradient stays low at low speed, and what’s the next step?",1fa2bd4467,bad,"The AI answer captures the basic idea that a low thermal gradient at low speed may indicate a cooling/airflow problem and that maintenance should investigate it. However, it does not include the key safety guidance from the original answer: stop the machine if temperature exceeds limits or if smoke/odor/leakage/rapid heating occurs, do not open a hot/pressurized cooling system, and apply lockout/tagout before access. It also omits escalation to maintenance and process engineering for recurring overheating. Because the question asks how serious it is and the next step, the omission of the explicit stop/escalate safety actions makes it incomplete relative to the ground truth."
50,What signs should I look for if the machine is getting underpowered during the cut?,3bdafab7ac,good,"The AI answer correctly identifies the underpowered condition as computed mechanical power below 3500 W, explains the torque/speed relationship, and notes the risk of incomplete or stalled cutting. It also suggests checking power, torque, and speed. The original answer additionally mentions the overpowered threshold (>9000 W), but the question asks specifically about underpowered signs, so that omission is acceptable."
51,At what power level does a power failure start because the output is too low?,3bdafab7ac,good,"The AI answer correctly states that power failure starts when power is below 3500 W and explains the underpowered condition consistently with the ground truth. It also adds the safe range up to 9000 W, which is fine. Since the question asks only about the low-power failure threshold, the answer is semantically equivalent and correct."
52,How can I tell if the process is being overloaded by too much mechanical power?,3bdafab7ac,good,"The AI answer correctly captures the overpowered condition: power exceeding 9000 W indicates excessive mechanical power and potential overload. However, the original answer also says power failure is triggered when power is too low (<3500 W), which the AI answer omits. Since the user asked specifically about overload by too much power, the omission is acceptable and the core answer is equivalent."
53,What’s the upper power limit where the machine moves into a power failure condition?,3bdafab7ac,good,"The AI answer correctly identifies the upper power limit as 9000 W and explains that exceeding it causes an overpowered/mechanical overload condition. This matches the ground truth, and the extra recommendation does not conflict with it."
54,Why would a power failure happen when torque and speed are no longer in a safe range?,3bdafab7ac,good,"The AI answer captures the key idea that a power failure occurs when computed power is outside the safe 3500–9000 W range, including both too low and too high cases. It also correctly explains that torque and speed combinations can produce unsafe power even if each seems acceptable individually. This is semantically aligned with the ground truth, though it is a bit less explicit about the exact underpowered/overpowered consequences."
55,"What usually causes a power failure alarm on this machine, and how is power actually calculated?",fa3303819f,bad,"The AI answer correctly states that power is calculated as torque times rotational speed with the rpm-to-rad/s conversion factor, which matches the ground truth. However, it introduces unsupported alarm thresholds (3500 W and 9000 W) and claims the power failure alarm is usually caused by power falling outside that range. The original answer only says power is a derived quantity and gives the formula; it does not mention alarm causes or thresholds. Still, the core calculation is correct, but the added alarm explanation is not supported by the source and may be misleading. Since the main key point about how power is calculated is preserved, but the alarm cause is not grounded in the original, this is borderline; however, for semantic equivalence to the original answer, the extra threshold claim changes the meaning too much."
56,Why does the system show a power failure even though there’s no direct power sensor reading?,fa3303819f,good,"The AI answer correctly states that power is not directly measured and is derived from torque and rotational speed, which matches the ground truth. It also adds operational limits and recommendations, which are extra but not contradictory. The core explanation is preserved."
57,How do torque and rotational speed combine to give the power value in this fault case?,fa3303819f,good,"The AI answer states the correct relationship between torque and rotational speed and gives the same formula, including the rpm conversion factor. It also correctly identifies power as a derived/computed value rather than a directly measured sensor value. The added commentary about 3500 W and underpowered motor is extra but does not contradict the core answer."
58,Can you explain the formula used to derive power from torque and rpm during a power failure check?,fa3303819f,good,"The AI answer gives the same formula as the ground truth: power equals torque times rotational speed, with rpm converted to rad/s using 2π/60. The extra statements about safe operating bands are not in the original answer, but they do not contradict the formula. The core information matches."
59,"If I’m troubleshooting a PWF fault, what should I know about where the power value comes from?",fa3303819f,good,"The AI answer captures the key point that power is a derived quantity from torque and rotational speed, not a directly measured value. It also gives an essentially correct relationship, though it omits the explicit rpm-to-rad/s conversion shown in the original. The extra troubleshooting advice does not contradict the core statement. Semantically equivalent overall."
60,How do I spot a power failure from the sensor data without getting fooled by normal-looking torque or speed readings?,ed6de6dd8d,good,"The AI answer matches the ground truth: it says to compute derived power from torque and speed, not judge torque/speed alone, and identifies the compensatory high-torque/low-speed (or vice versa) pattern as the classic signature. The added safe range and troubleshooting suggestions are extra but do not contradict the core answer."
61,"What sensor pattern usually points to a power failure, especially when torque and rotational speed seem to offset each other?",ed6de6dd8d,good,"The AI answer matches the ground truth: it identifies the compensatory pattern of very high torque with very low rotational speed (or vice versa) as the classic power-failure signature, and it correctly emphasizes computing and monitoring derived power rather than judging torque or speed separately. The added numeric range is extra detail but does not contradict the core answer."
62,"Should I check torque and speed separately, or is there a derived power value I need to watch for power failure detection?",ed6de6dd8d,good,"The AI answer correctly states that the derived power value should be monitored rather than checking torque and speed separately, and it captures the key warning that each can look normal individually while their combination yields an abnormal power value. This matches the ground truth. The extra mention of specific thresholds and adjusting setpoints is not in the original answer, but it does not contradict the core guidance."
63,Can power failure still be present if torque or rotational speed looks in range on its own?,ed6de6dd8d,good,"The AI answer preserves the key point: torque or rotational speed being normal individually does not rule out power failure, and power should be computed from both values and checked directly. It also correctly notes that normal isolated readings can still yield abnormal power. It does not explicitly mention the classic compensatory pattern (high torque with low speed or vice versa), but that is supplementary rather than essential to the core answer."
64,What’s the usual signature of PWF in the readings when one signal is high and the other is low?,ed6de6dd8d,good,"The AI answer matches the ground truth: it identifies the classic compensatory pattern of very high torque with very low speed, or vice versa, and correctly notes that PWF should be assessed via computed power rather than torque or speed alone. It also captures the warning that individual readings may appear normal while power is out of range. The added safe range detail does not conflict with the original answer."
65,What should I do when a power failure condition starts trending toward the low or high limit in the process?,54e5187ac8,good,"The AI answer captures the main operational guidance: monitor power directly, and adjust torque or speed setpoints before the process reaches the 3500 W or 9000 W limits. It does not mention investigating drive/motor calibration if power drifts outside the band without a setpoint change, but that is an additional detail rather than the core answer. Overall it is semantically equivalent."
66,How can I use power monitoring in a real-time dashboard to catch a power failure early?,54e5187ac8,good,"The AI answer preserves all key points from the ground truth: monitor power as a derived feature rather than torque and speed separately, watch for approach to the 3500 W and 9000 W boundaries and adjust setpoints proactively, and investigate drive/motor calibration if power drifts without a setpoint change. It is semantically equivalent."
67,"If power drifts outside the normal band without any setpoint change, what should I check on the drive or motor?",54e5187ac8,good,"The AI answer includes the key point from the ground truth: investigate/check drive or motor calibration if power drifts outside the band without a setpoint change. It adds plausible troubleshooting examples, but these do not conflict with the original answer. The extra mention of supply interruption, loose connections, and mechanical issues is acceptable as supplemental detail."
68,"When power is moving toward 3500 W or 9000 W, is it better to adjust torque or speed first?",54e5187ac8,good,"The AI answer preserves the key point from the ground truth: when power approaches 3500 W or 9000 W, torque or speed setpoints should be adjusted before the limit is reached. It omits the extra points about monitoring computed power as a first-class feature and investigating calibration drift, but those are additional guidance rather than the core answer to the question."
69,What is the best operator action for preventing a power failure before the process hits the boundary?,54e5187ac8,good,"The AI answer matches the ground truth on the key operational guidance: monitor power as a derived real-time feature and adjust torque or speed setpoints when power approaches the 3500 W or 9000 W limits. It omits the calibration investigation note, but that is secondary and not required for the main answer to be correct."
70,"For a Power Failure issue, how should we handle escalation and what safety risks should we watch for?",78b97cfea5,good,"The AI answer captures the key point that overpower events above 9000 W have higher acute mechanical risk and should be escalated with higher priority. It also correctly mentions potential equipment damage. The extra mention of underpower events below 3500 W is not in the original answer, but it does not contradict the main point and the question asks about escalation and safety risks broadly. Overall, the core answer matches the ground truth."
71,Is overpower above 9000 W considered more urgent than underpower in a Power Failure case?,78b97cfea5,good,"The AI answer matches the ground truth: it says overpower above 9000 W is more urgent than underpower in a Power Failure case, because it carries higher acute mechanical risk and should be escalated with higher priority. This preserves the key meaning exactly."
72,"What’s the main mechanical risk during a PWF event, and does it need higher-priority escalation?",78b97cfea5,good,"The AI answer matches the ground truth: it identifies overpower events above 9000 W as posing higher acute mechanical risk due to potential equipment damage, and states they should be escalated with higher priority. This conveys the same key information, with only minor wording differences."
73,"When the machine hits an overpower condition, should we treat it as a higher-priority safety concern than low power?",78b97cfea5,good,The AI answer matches the ground truth: it says overpower should be treated as higher priority than low power and notes the >9000 W threshold and higher acute mechanical risk/equipment damage. Semantically equivalent.
74,"In a power failure scenario, does going over 9000 W mean more chance of equipment damage and faster escalation?",78b97cfea5,good,The AI answer matches the ground truth: it states that overpower events above 9000 W increase equipment damage risk and should be escalated faster/higher priority due to higher acute mechanical risk. This is semantically equivalent.
75,"How do I know if this overstrain failure is happening on the machine, and what should I look for in the torque and tool-wear data?",da179b1e6d,bad,"The AI answer is not semantically equivalent to the ground truth. The original answer describes observable signs of overstrain failure on the machine: excessive load, vibration, deformation, reduced speed, poor quality, difficulty completing the operation, accelerated wear/cracking/breakage, and possible overload or torque-limit alarms. The AI answer instead introduces a specific formula and threshold-based indicator that is not present in the source answer and does not mention the key machine symptoms or alarms. It therefore misses the core diagnostic signs asked for and adds unsupported details."
76,Why would the same wear and torque readings be fine on one product variant but trip a failure on another one?,da179b1e6d,good,"The AI answer captures the core idea that different product variants can have different thresholds, so the same wear/torque readings may be acceptable for one and fail on another. However, it adds specific threshold values and a quality-type explanation that are not present in the ground truth. This is extra detail, but it does not contradict the key point. The original answer mainly lists possible consequences of excessive load/torque/vibration and resulting wear or alarms; the AI answer is not a verbatim match, but it is semantically aligned with the question asked."
77,"What strain indicator value should I treat as the limit for low, medium, and high quality parts before overstrain kicks in?",da179b1e6d,bad,"The AI answer is not semantically equivalent to the ground truth. The original answer describes symptoms and consequences of excessive mechanical load/overstrain (mechanical load, torque, vibration, deformation, reduced speed, poor quality, tool wear/breakage, alarms). The AI instead invents specific strain indicator thresholds for low/medium/high quality parts and discusses 'Overstrain Failure,' which are not present in the ground truth. It misses the actual key points entirely."
78,"Does overstrain failure come from just high torque, or is it the combination of torque and tool wear that matters here?",da179b1e6d,good,"The AI answer captures the central idea that overstrain failure is not just from high torque alone and that tool wear also matters. However, it adds an unsupported formula and threshold procedure that is not in the ground truth. Still, the core answer matches: the combination of load/torque and wear is relevant, along with associated symptoms like overload."
79,"If I’m monitoring predictive maintenance, how do I compare the strain indicator against the variant-specific threshold to catch this failure early?",da179b1e6d,good,"The AI answer gives a concrete method for comparing a strain indicator against variant-specific thresholds and identifies the failure as overstrain-related. It includes the key threshold values per variant and the action to take if exceeded. This is semantically aligned with the original answer’s predictive-maintenance context and early detection of overload/torque-related damage, even though it adds implementation detail not present in the ground truth."
80,What usually causes an overstrain failure in predictive maintenance terms?,6fda618d5b,bad,"The AI answer captures the general idea that overstrain failure is related to excessive mechanical strain and mentions tool wear and applied torque. However, it misses several key causes from the ground truth such as overload beyond rated capacity, misalignment/jamming/improper feed/unsuitable material, incorrect operating parameters/tooling selection, and weak/fatigued/improperly installed components. It also shifts into recommendations not present in the original. Since it only partially matches the core causes, it is not fully equivalent."
81,How do tool wear and applied torque combine to create the strain indicator?,6fda618d5b,bad,"The AI answer does not match the ground truth. The original answer lists causes of strain such as operating load exceeding rated capacity, worn/damaged tools needing more force, misalignment/jamming/improper feed, incorrect parameters, and weak or improperly installed components. The AI answer instead invents a specific formula for strain indicator, threshold values, and an OSF mechanism that are not present in the ground truth. It misses the key listed causes and adds unsupported details, so it is not semantically equivalent."
82,Is there a simple formula for estimating overstrain risk from wear and torque?,6fda618d5b,bad,"The original answer does not give a formula. It lists general causes of overstrain risk: overload, wear/damage increasing force, misalignment/jamming/feed/material issues, incorrect parameters/tooling, and weak or improperly installed components. The AI answer invents a specific wear×torque formula and threshold values, which are not present in the ground truth and change the meaning substantially. Therefore it is not semantically equivalent."
83,Can overstrain failure be explained as a buildup of strain from a worn tool under load?,6fda618d5b,good,"The AI answer captures the core idea that a worn tool under load can contribute to overstrain failure, but it adds unsupported specifics (a formula, torque-based strain indicator, and variant-specific threshold) that are not in the ground truth. However, it does not contradict the main points: overstrain can result from a worn tool requiring greater force under load, which aligns with the original answer. The extra details are irrelevant but the semantic answer is substantially correct."
84,What factors should I check first when trying to trace the root cause of OSF?,6fda618d5b,bad,"The AI answer only partially matches the ground truth. It mentions tool wear and applied torque/load, which relate to worn tools and operating load, but it omits several key first-check factors: misalignment/jamming/improper feed/unsuitable material, incorrect operating parameters or tooling selection, and weak/fatigued/improperly installed components. It also adds unsupported formula/threshold details that are not in the original answer. Because it misses major items and introduces fabricated specifics, it is not semantically equivalent."
85,"How do I tell if an OSF case is really there from the sensor data, and which fields do I need to look at?",b2d23ef2a6,bad,"The AI answer does not match the ground truth. The original answer says an OSF case is indicated by generic sensor-pattern signs: torque/force/strain/motor current rising above baseline, persistent or increasing high load while speed/output decreases, vibration/acoustic emission increasing under load, and tool-wear indicators worsening together with load measurements. The AI answer instead invents a specific derived feature `strain_indicator`, specific required fields (Type, Tool wear, Torque), and a threshold-based rule. Those details are not present in the original answer and it misses several of the key sensor patterns asked for."
86,"For Overstrain Failure, should I be checking tool wear and torque separately, or is there some combined value that matters more?",b2d23ef2a6,bad,"The AI answer is not semantically equivalent to the ground truth. The original answer describes Overstrain Failure symptoms/signals: rising torque/force/strain/motor current above baseline, increasing load with decreasing speed/output, rising vibration/acoustic emission under load, and tool-wear indicators deteriorating together with load measurements. It does not mention a specific combined formula of tool wear times torque, nor say that tool wear and torque should not be checked separately. The AI introduces an unsupported 'strain_indicator' product and threshold logic, which is not present in the original answer and changes the meaning."
87,"Do the OSF limits change by machine type, or is there one threshold that works for every variant?",b2d23ef2a6,good,"The AI answer directly addresses the user's question about whether OSF limits vary by machine type, stating that each product variant has its own specific threshold and that a single threshold should not be used. This is consistent with the expected answer's implication that different conditions/limits apply rather than one universal threshold. It preserves the core point, even though it adds implementation detail about Type (L/M/H)."
88,"Can a worn tool at moderate torque and a new tool at high torque both end up as OSF, or is only one of those actually a failure?",b2d23ef2a6,good,"The AI answer preserves the key idea that OSF can occur from a combination of tool wear and torque, and that neither factor alone determines failure. However, it introduces a specific formula (wear × torque) and threshold logic that are not present in the ground truth. The original answer describes OSF symptoms/criteria in terms of torque, force, strain, motor current rising above baseline, persistent/increasing load with decreasing speed/output, and correlated worsening of wear indicators and load measurements. Since the AI answer’s core claim is broadly consistent but not an exact restatement of the ground truth, it is acceptable as semantically equivalent for the yes/no question asked."
89,"What usually goes wrong when people diagnose OSF, especially if they use the same limit for all variants?",b2d23ef2a6,bad,"The AI answer does not match the ground truth. The original answer lists the usual OSF symptoms/signs: rising torque/force/strain/motor current above baseline, load staying high while speed/output falls, increased vibration or acoustic emission, and tool-wear indicators worsening with load. The AI instead discusses false positives/false negatives from using a single threshold across variants and recommends including product type. That may be plausible, but it misses the key diagnostic indicators asked for and is not semantically equivalent."
90,What should I do when an OSF alarm shows up on the machine?,e9380cebc6,bad,"The AI answer does not match the ground truth. The correct response is to stop or reduce load, inspect tooling/components, check alignment/lubrication/feed/clamping/settings, replace damaged parts, and verify ratings. The AI instead says to notify a supervisor and describes severity, but omits the required corrective actions and is not semantically equivalent."
91,"Do I need to include the product type, like L, M, or H, when checking for overstrain failure risk?",e9380cebc6,bad,"The AI answer is not semantically equivalent to the ground truth. The original answer is a troubleshooting checklist: stop/reduce load, inspect tooling and components, check alignment/lubrication/feed/clamping/settings, replace damaged tooling, and verify ratings match the operation. It does not mention product types L, M, or H or variant-specific overstrain thresholds. The AI answer introduces unsupported and unrelated information, so it misses the key point."
92,"For long runs on the high-end variant, should I watch just the current torque or the wear multiplied by torque over time?",e9380cebc6,bad,"The AI answer does not match the ground truth. The original answer gives operational corrective actions: stop or reduce load per procedure, inspect for wear/cracks/deformation/looseness, check alignment/lubrication/feed/clamping/settings, replace damaged or end-of-life tooling, and verify ratings. The AI instead asserts a specific monitoring metric (wear×torque over time) and discusses thresholding and torque setpoint reduction, which are not in the original answer. It misses the key point that the response is about inspection and corrective actions rather than choosing between metrics."
93,"If the batch is close to the OSF threshold, is it better to lower the torque setting or change the tool sooner?",e9380cebc6,good,"The AI answer directly addresses the question by recommending lowering the torque setpoint or replacing the tool earlier when approaching the threshold. This is consistent with the ground truth’s guidance to reduce load and replace worn/end-of-life tooling, even though it adds some terminology not present in the original. The core meaning is preserved."
94,Can a simple threshold check without variant info misread the overstrain failure risk?,e9380cebc6,bad,"The AI answer directly addresses the user's question about whether a simple threshold check without variant info can misread overstrain failure risk, and correctly says yes. However, it does not match the original answer's actionable maintenance guidance: stop/reduce load, inspect tooling/components, check alignment/lubrication/feed/clamping/settings, replace damaged parts, and verify ratings. The AI instead provides a different explanation about variant-specific thresholds and product types, which is not present in the ground truth. Since the key operational advice is missing and the AI introduces unsupported details, it is not semantically equivalent to the original answer."
95,"What should I do when an overstrain threshold gets breached, and is it more urgent than TWF alone?",fc4efb8a87,bad,"The AI answer does not match the ground truth. It incorrectly talks about product type (L/M/H), OSF checks, torque setpoints, and tool replacement, none of which address the required safety actions. It misses the key instructions: stop immediately when cracking/vibration/jamming/deformation/breakage is suspected, keep people clear of hazard zones, isolate all energy sources before inspection, and escalate repeated events to maintenance/reliability/process engineering. It does mention higher priority than TWF alone, but the rest is largely wrong and incomplete."
96,How serious is OSF in terms of actual mechanical damage or failure risk?,fc4efb8a87,bad,"The original answer says OSF should be treated as serious enough to stop immediately when cracking, severe vibration, jamming, deformation, or imminent breakage is suspected, keep people clear of hazard zones, isolate all energy sources before inspection, and escalate repeated events. The AI answer captures that OSF is a real mechanical failure risk and recommends inspection and reducing strain, but it misses the key operational safety instructions about immediate stop, personnel clearance, energy isolation, and escalation. It also adds specifics about thresholds/strain_indicator that are not in the ground truth. Because the core safety guidance is incomplete, it is not semantically equivalent."
97,Can OSF lead to tool breakage or workpiece failure during operation?,fc4efb8a87,good,"The AI answer captures the core idea that OSF/overstrain can lead to tool breakage or component/workpiece failure and advises stopping/reducing load and inspecting for damage. It is semantically aligned with the ground truth’s warning to stop immediately if cracking, vibration, jamming, deformation, or imminent breakage is suspected. It omits some specifics such as keeping personnel clear of fragment-ejection zones, isolating energy sources, and escalating repeated events, but those are supporting safety actions rather than the main answer to the question."
98,Why is a threshold breach under overstrain failure treated as a higher-priority alarm?,fc4efb8a87,bad,"The AI answer captures the main idea that an overstrain threshold breach indicates a serious mechanical risk requiring immediate attention and escalation. However, it misses several key points from the ground truth: stopping immediately if cracking, vibration, jamming, deformation, or breakage is suspected; keeping personnel clear of stored-energy/fragment-ejection zones; isolating all energy sources before inspection; and escalating repeated events to maintenance/reliability/process engineering. It instead adds some generic quality-related wording that is not part of the original answer. Since the core rationale is preserved but the specific prescribed actions are omitted, this is not fully equivalent."
99,What safety response is recommended when OSF shows up on predictive maintenance monitoring?,fc4efb8a87,bad,"The AI answer does not match the safety response in the ground truth. The ground truth recommends immediate stop if cracking, severe vibration, jamming, deformation, or imminent breakage is suspected; keeping personnel clear; isolating all energies before inspection; and escalating repeated events. The AI instead talks about joining product type into an OSF check, monitoring wear×torque trends, and adjusting torque setpoints/scheduling replacements, which are not the requested safety actions and miss the core stop/clear/isolate/escalate guidance."
100,"How can I tell if a random failure is happening when there’s no torque, temperature, speed, or wear pattern showing up?",5a9b380c35,good,"The AI answer matches the ground truth: it says random failure occurs independently of sensor readings, with no torque/temperature/speed/wear signature and as a low-probability background risk. The extra maintenance advice does not contradict the core answer."
101,"Does RNF show any sensor signature at all, or is it just a background failure that can happen in any machine state?",5a9b380c35,good,"The AI answer matches the ground truth: it states RNF has no sensor signature, occurs independently of process state, and is not correlated with torque, temperature, speed, or tool wear. The extra recommendation about tracking incidents and general reliability practices does not contradict the original answer."
102,What should I expect from a random failure if it doesn’t depend on the readings from the machine?,5a9b380c35,good,"The AI answer matches the key idea: a random failure is independent of sensor readings and has no warning signs. It also correctly describes it as an unpredictable low-probability risk. The mention of a ~0.1% rate and specific causes is extra detail not present in the ground truth, but it does not conflict with the core meaning. The answer preserves the essential point that there is no torque, temperature, speed, or wear signature tied to the failure."
103,"Is there any way to predict RNF from process data, or does it happen independently of all sensor inputs?",5a9b380c35,good,The AI answer matches the ground truth: RNF is described as independent of sensor inputs/process data and as a low-probability background failure with no correlating signature. The extra recommendations do not contradict the original answer.
104,"Why would a random failure occur even when torque, temperature, speed, and wear all look normal?",5a9b380c35,good,"The AI answer matches the ground truth: it says random failure occurs independently of sensor readings, has no torque/temperature/speed/wear signature, and is a low-probability background risk regardless of process state. The added maintenance advice does not change the core meaning."
105,What usually causes a Random Failure when none of the other failure mechanisms fit?,b4c5d8e838,good,"The AI answer captures the core meaning of Random Failure: it covers unmodeled defects, unexpected external events, and residual inherent risk, with a low probability around 0.1%. The extra recommendations do not conflict with the ground truth. It is semantically equivalent."
106,"In predictive maintenance, why would a machine still have a small chance of random failure?",b4c5d8e838,good,"The AI answer conveys the same core idea as the ground truth: there is an irreducible low-probability random failure risk (~0.1%) due to unmodeled defects or unexpected external events, independent of sensor readings. It also mentions the constant background risk, which matches the source. The extra recommendation about detection/containment does not conflict with the original."
107,What kinds of issues are counted as random failures instead of the other modeled failure modes?,b4c5d8e838,good,"The AI answer captures the core idea of random failures: unmodeled component defects, unexpected external events, and inherent residual risk. It also correctly implies these are unpredictable and not tied to the other modeled failure modes. The extra notes about sensor signatures, tracking, and recommended action are not in the ground truth, but they do not contradict it. The only omission is the specific modeling detail that a small constant probability (~0.1%) is applied to every process instance regardless of conditions, but the question asks what kinds of issues are counted, so that detail is secondary. Overall, semantically equivalent."
108,How is the residual failure risk handled for each process instance in the source dataset?,b4c5d8e838,good,"The AI answer matches the ground truth: it states that residual failure risk is modeled as a small constant probability of about 0.1% applied to every process instance, and it correctly notes that it covers failures not captured by other mechanisms such as unmodeled defects or unexpected external events. No key information is missing or incorrect."
109,Why does the model apply about a 0.1% failure probability even when the machine looks normal?,b4c5d8e838,bad,"The AI answer is not semantically equivalent to the ground truth. The original says the ~0.1% failure probability is a small constant residual risk applied to every instance to capture failures not explained by the other mechanisms (unmodeled defects, external events, inherent risk). The AI instead attributes it to Tool Wear Failure and runtime-based wear after 200–240 minutes, which is a different mechanism and does not address the constant background failure probability. This changes the meaning substantially."
110,"Is there any sensor pattern or signature that can reliably point to an RNF event, or is it basically random by design?",540eb89eaa,good,"The AI answer matches the ground truth: it says there is no reliable sensor pattern for RNF, that it is uncorrelated with temperature, speed, torque, and tool wear, and that sensor-based prediction is not meaningful. It also preserves the caution that any apparent pattern is not reliable, though it adds extra operational advice not present in the original. The core meaning is equivalent."
111,"Can we predict RNF from machine sensors like air temp, process temp, speed, torque, or tool wear, or does that usually fail?",540eb89eaa,good,"The AI answer matches the ground truth: it says RNF cannot be meaningfully predicted from the listed sensor signals, notes no correlation, and warns that apparent predictions are likely overfitting/coincidental rather than causal. This preserves the key point and the skepticism about sensor-based explanations."
112,"If a model says it found a strong sensor-based cause for an RNF failure, should I trust that result or assume it may be overfitting?",540eb89eaa,good,"The AI answer matches the ground truth: it says RNF has no sensor correlation, advises skepticism toward strong sensor-based explanations, and identifies such findings as likely overfitting. The extra phrasing about irreducible background risk does not change the core meaning."
113,What should I expect from any rule or predictive model when it tries to forecast RNF using sensor features?,540eb89eaa,good,"The AI answer preserves the key point that RNF is not meaningfully predictable from sensor features, has no correlation with the listed sensor variables, and that apparent explanations are likely overfitting to coincidence. It adds extra operational advice, but that does not conflict with the ground truth. Semantically equivalent."
114,"Does RNF have any real correlation with operating conditions, or should we treat it as having no sensor linkage at all?",540eb89eaa,good,The AI answer matches the ground truth: it states RNF has no correlation with operating conditions or sensor readings and should not be treated as having sensor linkage. It also captures the idea that predictive models should not be expected to work meaningfully. The extra suggestion about mitigation is additional but not contradictory.
115,"What should we do when a random failure shows up, and is there any point in trying to build sensor-based warning rules for it?",82793c924f,good,"The AI answer matches the ground truth: it says not to build sensor-based warning rules for RNF, treats RNF as irreducible background risk, recommends tracking RNF incidents separately, and points to general reliability practices like redundancy, spare parts, and rapid-response maintenance. This conveys the same core guidance."
116,How should RNF incidents be handled in maintenance reporting so they don’t get mixed up with other failure causes?,82793c924f,good,"The AI answer correctly states that RNF incidents should be tracked separately in maintenance reporting to avoid misattribution to other failure mechanisms. It also captures the idea that RNF is an irreducible background risk and should not be predicted. However, it does not explicitly mention the ground-truth point about relying on general reliability practices like redundancy, spare parts, and rapid-response crews to mitigate RNF impact, though this omission does not change the core answer to the question asked."
117,"If RNF is just background risk, what kind of reliability measures actually help reduce its impact?",82793c924f,good,"The AI answer captures the main point that RNF is background/irreducible risk and that general reliability practices like redundancy, spare parts, and rapid-response crews are the useful mitigations. It also correctly notes that RNF does not have predictive sensor signatures. However, it misses the specific instruction to track RNF-labeled incidents separately in reporting so they are not misattributed during root-cause review. Since the key mitigation point is present and the omission is minor, the answer is largely equivalent."
118,"Should random failures be included in predictive-maintenance alarm logic, or is that the wrong approach?",82793c924f,good,"The AI answer captures the main idea that random failures should not be used in predictive-maintenance alarm logic and that redundancy/spares are better mitigations. However, it omits the separate reporting/root-cause tracking point for RNF-labeled incidents, which is part of the original answer, but the core guidance is preserved."
119,What are the best practical steps for dealing with RNF events on the plant floor?,82793c924f,good,"The AI answer matches the ground truth on the main points: RNF should not be targeted with sensor-based early-warning rules, it should be tracked separately in reporting, and mitigation should rely on general reliability practices such as redundancy, spare parts, and rapid-response maintenance. The added wording about rapid detection and containment is extra but does not contradict the original answer."
120,How should we handle a random failure event when it can’t really be predicted ahead of time?,2d6db8473b,good,"The AI answer conveys the same core idea as the ground truth: random failure is unpredictable, so the response should emphasize rapid detection and containment rather than prevention. It adds some extra explanation but does not contradict the original answer."
121,What’s the best response approach for RNF if prevention isn’t realistic?,2d6db8473b,good,"The AI answer preserves the core point of the ground truth: when RNF cannot be prevented, the response should emphasize rapid detection after the fact and containment rather than prevention. The added details about tracking incidents and mitigation practices are compatible and do not contradict the original answer."
122,"When a random failure happens, should the priority be catching it fast and containing it instead of trying to prevent it?",2d6db8473b,good,The AI answer matches the ground truth: it states that random failures are unpredictable and that the priority should be rapid detection and containment rather than prevention. The extra detail about response crews and spare parts is consistent and does not change the meaning.
123,What escalation steps make sense for unpredictable failures like RNF?,2d6db8473b,good,"The AI answer captures the core point of the ground truth: for unpredictable failures like RNF, the focus should be on rapid detection after the fact and containment rather than prevention. It adds extra suggestions that are not in the original, but they do not contradict the key message."
124,"For random failures, is the main focus on quick detection after the fact and limiting the damage?",2d6db8473b,good,"The AI answer matches the ground truth: it states that random failures are unpredictable, so the focus should be on rapid detection after the fact and containment rather than prevention. It preserves the key meaning accurately."
125,How can I tell which condition actually triggered the maintenance incident before I write the report?,31933c9da0,good,"The AI answer preserves the core idea that you should identify which derived condition fired by comparing measured values to thresholds before writing the report. It references the same kinds of conditions (tool wear, temperature difference/rotational speed, computed power, torque thresholds) and mentions severity classification afterward. However, it omits the specific trigger conditions and the distinction that if no condition is met but failure is flagged, it is likely RNF. It also does not reproduce the severity table, but that is secondary to the main question. Overall it is semantically equivalent enough to the ground truth."
126,"What exact checks should I use to classify this as TWF, HDF, PWF, OSF, or RNF?",31933c9da0,good,"The AI answer captures the same core classification checks as the ground truth: TWF from the 200–240 min tool wear band, HDF from temp_diff < 8.6 K and rotational speed < 1380 rpm, PWF from power outside 3500–9000 W, OSF from tool_wear × torque over a threshold, and RNF when no condition is met but failure is flagged. It also broadly preserves the severity/action guidance, though it is slightly less detailed about PWF underpower vs overpower and the exact response windows. The key classification criteria are all present and correct."
127,"If the computed power is outside 3500 to 9000 W, how urgent is the response and what severity should I assign?",31933c9da0,good,"The AI answer matches the ground truth on the key point: computed power outside 3500–9000 W indicates PWF, with underpower being medium severity and same-shift response, and overpower being high severity with immediate response. The extra monitoring/action advice does not contradict the original answer."
128,"When tool wear and torque cross the variant threshold, do I treat it as OSF and escalate immediately?",31933c9da0,good,"The AI answer correctly identifies that tool wear × torque crossing the variant threshold indicates OSF and that it should be escalated immediately. This matches the ground truth severity classification. It adds extra explanation about accumulated mechanical strain and product quality, which is acceptable and does not change the meaning."
129,"If a failure is flagged but none of the rules fired, how should I handle the severity and review process?",31933c9da0,good,"The AI answer matches the ground truth on the key point: if failure is flagged with no rules firing, it is likely RNF, with variable severity and case-by-case post-hoc review. The extra note about tracking separately and general reliability practices does not contradict the original answer."
130,What exact conditions mean I should stop the production line right away during an incident?,811e19f510,good,"The AI answer matches the ground truth on all three halt criteria: power over 9000 W, tool_wear × torque above threshold by more than 10%, or two or more failure conditions simultaneously. It preserves the key instruction to stop immediately when any of these occur. The extra safety explanation does not change the meaning."
131,"If the computed power goes above 9000 W, do I need to halt the machine immediately?",811e19f510,good,"The AI answer correctly states that computed power above 9000 W requires an immediate halt, matching the ground truth halt criterion. It does not mention the other halt conditions, but the user asked specifically about the 9000 W case, so the key point is preserved."
132,When does tool wear multiplied by torque require an instant stop instead of waiting for maintenance?,811e19f510,good,"The AI answer correctly states the key halt criterion for tool wear × torque: it must exceed the variant-specific threshold by more than 10% to require an immediate stop. It does not mention the other halt conditions or the maintenance-window alternative, but the question specifically asks about this one condition, so the core answer is correct. The added OSF explanation is extra but not conflicting."
133,"If two failure conditions happen at the same time, should I shut the line down even if the issue seems minor?",811e19f510,good,"The AI answer correctly captures the key point: two or more failure conditions occurring at the same time require an immediate shutdown, regardless of how minor the issue seems. It preserves the meaning of the halt criterion. The extra mention of a specific SOP name is not in the ground truth, but it does not change the core answer."
134,When can I just flag the issue for the next maintenance window instead of stopping production?,811e19f510,good,"The AI answer preserves the core decision rule: only flag for the next maintenance window when none of the immediate-halt criteria are triggered, and it correctly lists the three halt triggers in equivalent form. It also mentions avoiding unnecessary production cost, matching the original rationale."
135,"What needs to go into an incident report, and how do I decide if it goes straight to the line supervisor or just into maintenance queue?",bc2c341df0,good,"The AI answer matches the ground truth on the required incident report contents and the escalation rule: high-severity goes immediately to the line supervisor, low/medium to the maintenance queue. It also adds plausible examples of incident types, which do not conflict with the original answer. The caution about model confidence is omitted, but the question asked specifically about report contents and routing, so that omission does not change the semantic equivalence of the core answer."
136,"When I’m writing up an alarm or fault, what details should I include about the triggered condition, severity, and corrective action?",bc2c341df0,good,"The AI answer matches the ground truth on the required report contents: triggered conditions with measured values vs. threshold, severity and response window, corrective action from the failure-mode document, and whether an immediate halt is required. It omits the escalation contacts and the caution about model confidence, but the question asked specifically about details to include about the triggered condition, severity, and corrective action, so the core answer is preserved."
137,"How do I tell whether a predicted failure is real enough to report as the actual root cause, or do I need to verify the derived feature first?",bc2c341df0,good,"The AI answer captures the key caution from the ground truth: a predicted failure is not a confirmed condition and must be cross-checked against the actual computed derived feature before reporting it as the root cause. It mentions the relevant examples of derived features and preserves the main semantic meaning. It omits the report content and escalation details, but those are not necessary to answer the user's specific question."
138,"For a high-severity incident, who do I escalate it to right away, and what should be mentioned in the report?",bc2c341df0,good,"The AI answer matches the ground truth on the escalation path for high-severity incidents (line supervisor immediately) and includes all required report contents: fired conditions with measured values vs. threshold, severity classification and response window, corrective action from the failure-mode document, and whether an immediate halt is required. It omits the caution about model confidence, but that is supplementary and not necessary to answer the question."
139,"If the system flags a condition, what’s the proper way to document it so the report covers thresholds, response timing, and whether the machine must stop?",bc2c341df0,good,"The AI answer captures all key points from the ground truth: it says to document the triggered conditions and measured values versus threshold, include severity and response timing, specify corrective action from the failure-mode document, and note whether immediate halt is required per the Halt Criteria. It omits the escalation contacts and the caution about model confidence, but those are extra details not required by the user’s question. Overall it is semantically equivalent for the asked documentation guidance."
140,"What raw sensor and process fields are included in the AI4I dataset, and what does each one represent?",0bfeee1a18,good,"The AI answer lists the same fields as the ground truth and correctly explains what each represents, including units and the process-temperature relationship. The extra closing sentence does not change the meaning."
141,"Does the AI4I data record product type along with temperature, speed, torque, and tool wear values?",0bfeee1a18,good,"The AI answer correctly states that the AI4I dataset includes product type along with temperature, speed, torque, and tool wear. This matches the ground truth that the 'Type' field is included as a product quality variant. The extra note about failure thresholds is not essential but does not contradict the original answer."
142,"Which measurements in the AI4I dataset are taken in Kelvin, and which one is given in rpm or Nm?",0bfeee1a18,good,The AI answer correctly identifies the two measurements in Kelvin (air temperature and process temperature) and the ones in rpm and Nm (rotational speed and torque). This matches the ground truth.
143,"What does the process temperature field mean in the AI4I dataset, and how is it different from air temperature?",0bfeee1a18,good,"The AI answer correctly states that process temperature is the temperature of the process itself, typically air temperature plus about 10K and noise, and contrasts it with ambient air temperature. This matches the ground truth key point."
144,"How is tool wear tracked in the AI4I dataset, and what unit is used for it?",0bfeee1a18,good,"The AI answer correctly states that tool wear is recorded as cumulative tool usage time and that the unit is minutes (min), which matches the ground truth."
145,"What derived values do I need to calculate before trying to diagnose the failure modes, and what raw sensor fields feed into each one?",a6e115a7d3,good,"The AI answer correctly identifies all three derived values and their formulas, and it maps each to the relevant raw sensor fields. It also captures the key point that these derived features should be computed before diagnosing the failure modes. It omits the extra note about TWF/RNF and the explanation of why derived features matter, but those omissions do not change the core correctness of the answer to the question asked."
146,"For HDF, PWF, and OSF, which measurements should I look at first, and are any of them just simple combinations instead of raw readings?",a6e115a7d3,good,"The AI answer matches the ground truth: it identifies the correct derived features for HDF, PWF, and OSF and explains that they are combinations of raw sensor readings rather than raw readings themselves. No key information is missing or incorrect for the asked question."
147,Can you give me a quick mapping of each failure mode to the exact fields I need to check on the machine?,a6e115a7d3,bad,"The AI answer is not semantically equivalent to the ground truth. The ground truth provides a concrete mapping from each failure mode to the required machine fields: TWF -> Tool wear; HDF -> Air temperature, Process temperature, Rotational speed; PWF -> Torque, Rotational speed; OSF -> Type, Tool wear, Torque; RNF -> None. The AI instead says it cannot provide the mapping and gives no usable information, so it misses the key point entirely."
148,"Which fault can be detected directly from tool wear, and which ones need more than one input to work out the root cause?",a6e115a7d3,good,"The AI answer correctly identifies TWF as directly detectable from tool wear and OSF as requiring more than one input (tool wear and torque). However, it omits the other failure modes mentioned in the ground truth (HDF and PWF) that also require multiple inputs, and it does not mention RNF. Since the question asks which fault can be detected directly from tool wear and which ones need more than one input to work out the root cause, the core distinction is mostly preserved, but the answer is incomplete relative to the full set of fault modes in the source. Still, the key requested comparison is correct."
149,"When I'm setting up a diagnostic check, what should I compute from temperature, torque, speed, and tool wear before classifying the fault?",a6e115a7d3,bad,"The AI answer does not answer the question asked. The question asks what to compute from temperature, torque, speed, and tool wear before classifying the fault. The ground truth says to derive temp_diff = process temperature − air temperature for HDF, power = torque × speed × (2π/60) for PWF, and strain_indicator = tool wear × torque for OSF, with tool wear used directly only for TWF. The AI answer focuses only on tool wear and gives an incorrect specific range, missing the required derived features and the need to compute them before classification."
150,How long can a tool run before wear starts becoming a real concern even if everything else looks normal?,6974169956,good,"The AI answer captures the key point: tool wear is time-based and becomes a serious concern around 200 minutes, with failure risk rising sharply near 240 minutes even if other indicators look normal. It also correctly notes that torque readings are not reliable early warnings. Minor differences in wording and added explanatory detail do not change the meaning."
151,"If torque, temperature, and speed all stay normal, can the tool still be close to failing from wear?",6974169956,good,"The AI answer preserves the core point: tool wear can be imminent even when torque, temperature, and speed are normal, because it is time-based rather than stress-based, and it cites the same 200–240 minute window. The added maintenance recommendation does not contradict the ground truth."
152,Is long uninterrupted runtime by itself a warning sign for tool wear failure?,6974169956,good,"The AI answer matches the ground truth: it says long uninterrupted runtime is a warning sign, identifies tool wear as time-based, and includes the 200–240 minute threshold with rising failure probability even when other readings are normal. The added recommendation is consistent and does not contradict the original."
153,Does this wear mode depend more on elapsed running time than on load or stress?,6974169956,good,"The AI answer preserves the key point: this wear mode is time/usage-driven rather than load/stress-driven, and it correctly cites the 200–240 minute threshold where failure probability rises sharply. It also aligns with the idea that monitoring runtime is important. The extra maintenance suggestion is not contradictory and does not change the meaning."
154,Around what runtime should I start expecting the chance of tool wear failure to rise fast?,6974169956,good,"The AI answer matches the ground truth: it identifies tool wear as time-based and gives the same 200–240 minute window where failure probability rises sharply, even with normal torque and temperature. The added maintenance advice does not contradict the original answer."
155,Can I rely on torque to tell me the tool is wearing out before it actually fails?,c8b352cdce,good,"The AI answer preserves the core message: torque and speed are not reliable leading indicators for Tool Wear Failure, and tool wear minutes should be monitored directly instead of waiting for a torque spike. The added guidance about 200 and 240 minutes is extra detail and does not contradict the main answer."
156,"Is rotational speed a good early warning for tool wear failure, or should I watch something else?",c8b352cdce,good,"The AI answer correctly states that rotational speed is not a good early warning for Tool Wear Failure and that tool wear should be monitored directly. It also captures the idea that torque/speed may not show abnormalities until failure is underway. However, it adds specific thresholds (200 and 240 minutes) that are not in the ground truth and could be misleading, but this does not change the core semantic equivalence. The key point is preserved."
157,"For tool wear failure, what should I monitor instead of torque and speed readings?",c8b352cdce,good,"The AI answer correctly identifies that for Tool Wear Failure you should monitor Tool wear [min] directly rather than torque and speed, and it correctly notes that torque spikes are not reliable early warnings. The extra operational thresholds are not in the ground truth, but they do not contradict the key point. Overall semantically equivalent."
158,Why don't torque spikes give me a dependable heads-up for tool wear problems?,c8b352cdce,good,"The AI answer captures the core idea that torque spikes are not reliable early indicators for tool wear and that tool wear should be monitored directly. It also mentions that torque changes may occur only once failure is already underway, which matches the ground truth. However, it adds specific thresholds (200 minutes, 240 minutes) that are not present in the original answer. These additions are extra but do not contradict the main point. Overall, the answer is semantically equivalent in the key information."
159,What's the best indicator to track if I want to catch tool wear before it turns into a failure?,c8b352cdce,good,The AI answer matches the ground truth: it correctly says torque and rotational speed are not reliable leading indicators for Tool Wear Failure and recommends monitoring `Tool wear [min]` directly. The added 200–240 range is extra detail but does not contradict the main point.
160,"At around 230 minutes of tool wear, does that mean the machine has already failed, or is it still just a warning zone?",6fe5c2d247,good,"The AI answer preserves the core meaning of the ground truth: 230 minutes is a warning/high-risk zone, not proof of failure; it should prompt inspection and replacement planning, and only be logged as a failure if there is an actual halt or defect. This is semantically equivalent to the original answer."
161,"If the tool wear reading is in the 200–240 minute range, should I treat it as a failure or only a high-risk condition?",6fe5c2d247,good,"The AI answer matches the ground truth: it says 200–240 minutes is a high-risk probabilistic zone, not a failure, and recommends prioritizing inspection and scheduling replacement rather than logging a failure. It preserves the key distinction that failure requires corroboration by an actual halt or defect. Extra detail about scheduling before 240 minutes is consistent and not contradictory."
162,"Can a unit still keep running normally when tool wear is around 230 minutes, or does that usually mean it’s done for?",6fe5c2d247,good,"The AI answer preserves the key meaning of the original: 230 minutes is not a deterministic failure threshold, units may still run normally, and it should prompt inspection/replacement rather than be logged as a failure without corroboration. The wording is semantically equivalent."
163,"Should I log 230 minutes of tool wear as an actual failure, or only note it for inspection and planned replacement?",6fe5c2d247,good,"The AI answer matches the ground truth: it says 230 minutes should be noted for inspection and planned replacement, not logged as an actual failure, and correctly characterizes the range as a probabilistic risk zone rather than a confirmed failure. It preserves the key nuance that failure should only be reported if corroborated by an actual halt or defect, though it omits that last explicit caveat. The core meaning is still equivalent."
164,"When tool wear gets near 230 minutes, is it better to schedule a tool change right away instead of assuming the machine has broken down?",6fe5c2d247,good,"The AI answer preserves the key meaning: 230 minutes is a heightened-risk zone, not proof of failure, and it recommends inspection and scheduling replacement rather than assuming breakdown. It omits the specific note about incident logs and the exact 200–240 minute probabilistic framing, but that does not change the core answer."
165,Why does my machine start overheating and slowing down when it’s running at low speed?,b10299f726,good,"The AI answer matches the ground truth: it identifies Heat Dissipation Failure, explains that low rotational speed reduces airflow/mechanical agitation, and correctly states the combined condition of rotational speed below 1380 RPM and process-air temperature difference below 8.6 K. It also notes that both conditions together are needed, which preserves the key point. Extra maintenance advice does not change the meaning."
166,Could a small gap between process temperature and air temperature be the reason the heat isn’t leaving the machine?,b10299f726,good,"The AI answer matches the ground truth. It correctly identifies the heat dissipation failure pattern, states the key threshold of Process temperature minus Air temperature < 8.6 K, includes the low rotational speed condition below 1380 rpm, and notes that both conditions together are needed rather than either alone. Extra recommendations do not change the meaning."
167,What should I check if the rotor is below about 1380 rpm and the unit seems to trap heat?,b10299f726,good,"The AI answer conveys the same core diagnosis: low rotor speed below 1380 rpm can cause heat dissipation failure, and the key confirming condition is a small process-to-air temperature gap of less than 8.6 K. It also correctly notes that both conditions should be checked together. The extra recommendation about forced cooling is not in the original but does not contradict it."
168,Is heat dissipation failure likely when airflow drops and the machine isn’t stirring things up enough?,b10299f726,bad,"The AI answer captures the core idea that reduced airflow/mechanical agitation can lead to heat dissipation failure and heat buildup, especially when process and ambient temperatures are close. However, it misses the specific diagnostic condition from the ground truth: the low rotational speed threshold (< 1380 rpm) and the temperature gap criterion (Process temperature − Air temperature < 8.6 K) that together indicate the classic HDF pattern. It also adds generic troubleshooting not present in the original. Since the key quantitative condition is omitted, the answer is not fully equivalent."
169,How do I tell if this is a heat dissipation problem and not just a simple speed issue?,b10299f726,good,"The AI answer preserves the key diagnostic rule from the ground truth: HDF is indicated by low rotational speed (<1380 rpm) together with a small process-to-air temperature difference (<8.6 K), and neither condition alone is sufficient. It also correctly explains the mechanism as reduced airflow and reduced thermal gradient. The extra recommendation about cooling is not in the original but does not contradict it."
170,"Is low RPM by itself enough to cause a heat dissipation failure, or does something else have to happen too?",dab0941fe4,good,"The AI answer matches the ground truth: it states that low RPM alone is not sufficient, and that HDF requires both low speed below 1380 rpm and a small temperature gradient below 8.6 K simultaneously. It also correctly emphasizes evaluating both conditions together. The added recommendation to monitor both is extra but not contradictory."
171,"When I see the machine running slow, should I worry about HDF right away or check another condition first?",dab0941fe4,good,"The AI answer captures the core point: slow speed alone is not enough to conclude HDF, and HDF depends on the joint condition of rotational speed below 1380 rpm and temperature difference below 8.6 K. It also correctly implies that if those conditions are not both present, other causes should be investigated. This is semantically equivalent to the ground truth."
172,What combination of speed and temperature difference actually points to HDF in this machine?,dab0941fe4,good,The AI answer matches the ground truth: it states HDF is indicated only when rotational speed is below 1380 rpm and temperature difference is below 8.6 K simultaneously. It also correctly frames this as a joint condition rather than a single-factor diagnosis. The extra recommendation does not contradict the original.
173,"Can a machine be running under 1380 rpm and still be fine, or is that always a bad sign?",dab0941fe4,good,"The AI answer preserves the key point: rotational speed under 1380 rpm alone is not necessarily bad, and the relevant condition is the combination of low speed with temperature difference below 8.6 K. It also correctly advises checking both factors together. The extra suggestion about increasing speed or forced cooling is not in the original, but it does not conflict with the core answer."
174,Why is it risky to diagnose HDF from rotational speed alone instead of looking at the temperature gradient too?,dab0941fe4,good,"The AI answer preserves the key point that HDF is only indicated by the combination of low rotational speed and small temperature gradient, and that speed alone is insufficient. It correctly mentions the threshold values and recommends checking both factors together. Although it phrases the consequence somewhat awkwardly, it does not contradict the ground truth and conveys the same essential meaning."
175,How can I spot an early heat dissipation issue before the machine actually fails?,ed04edaa26,good,"The AI answer preserves the key rule from the ground truth: use temp_diff = Process temperature − Air temperature, and watch for it dropping below 8.6 K together with rotational speed below 1380 rpm. It also correctly notes that raw temperatures may appear normal while the gap matters. The extra maintenance-ticket advice is additional but not contradictory."
176,Should I be tracking the temperature gap instead of just the raw air and process temperatures?,ed04edaa26,good,"The AI answer matches the ground truth: it identifies temp_diff as Process temperature minus Air temperature, explains that raw temperatures can appear normal while the gap signals risk, and includes the threshold of below 8.6 K along with rotational speed below 1380 rpm. This preserves the core guidance to track the gap and speed together rather than raw sensor values alone."
177,What combo of readings should I watch when I want to catch this failure mode sooner?,ed04edaa26,good,"The AI answer preserves the key guidance from the ground truth: compute and monitor temp_diff as Process temperature minus Air temperature, and watch for the paired condition of temp_diff below 8.6 K with rotational speed below 1380 rpm. It also correctly notes that individual temperature readings may look normal while the gap indicates risk. Semantically equivalent."
178,Is there a specific temp difference and spindle speed range that points to heat dissipation trouble?,ed04edaa26,good,"The AI answer matches the ground truth: it identifies the same temperature difference threshold (temp gap below 8.6 K, i.e., process temperature within 8.6 K of air temperature) and the same spindle speed threshold (below 1380 rpm). It also preserves the key point that the gap and speed should be tracked together. The extra explanation and recommended action do not change the core meaning."
179,Why would the machine look normal on both temperatures but still be at risk of heat dissipation failure?,ed04edaa26,good,"The AI answer captures the key point: individual process and air temperatures can appear normal, but the risk is indicated by a low temperature difference (below 8.6 K) combined with rotational speed below 1380 rpm. It also correctly emphasizes monitoring the gap and speed together rather than raw values alone. Extra recommended actions do not contradict the ground truth."
180,Why would the motor seem weak even if the torque reading looks okay?,4598d51056,good,"The AI answer captures the core point: motor weakness can occur even when torque looks okay because computed mechanical power depends on both torque and rotational speed, and underpowering is flagged below 3500 W. It also correctly advises checking derived power rather than torque alone. The extra mention of the 9000 W limit is not inconsistent with the ground truth and does not change the main answer."
181,What does it mean when the calculated mechanical power drops below 3500 W during a cut?,4598d51056,good,"The AI answer captures the core meaning: below 3500 W indicates underpowering due to torque being too low relative to speed, risking an incomplete or stalled process. It does not mention the explicit power formula or the point that power is derived rather than measured directly, but that is additional context rather than the main answer. The recommended action is extra, not contradictory."
182,Can low rotational speed make the machine feel underpowered even with decent torque?,4598d51056,good,"The AI answer preserves the key idea: low rotational speed can still yield underpowering even if torque looks adequate, because the derived power can fall below 3500 W and power should be monitored rather than torque alone. It also mentions the power range and computed power from torque and speed, which is consistent with the ground truth. No important information is missing or contradicted."
183,"How do I check whether the power issue is coming from torque, speed, or both?",4598d51056,bad,"The AI answer captures the key idea that power is derived from torque and rotational speed, and that you should evaluate computed power rather than torque alone. However, it alters the threshold/range: the ground truth says underpowering occurs when computed power falls below 3500 W, not that a safe range is 3500–9000 W. It also introduces an upper limit and 'power failure' language not present in the source. Since the main diagnostic point is mostly preserved but the threshold is misstated, this is not fully equivalent."
184,"Is the actual power value something the system measures directly, or is it calculated from torque and rpm?",4598d51056,good,"The AI answer matches the ground truth: it states that power is not directly measured but calculated from torque and rpm, and it provides the same formula. It also preserves the advice to check computed power rather than torque alone/separately. No key information is missing or incorrect."
185,"Can very high torque with very low rpm be a sign of Power Failure, even if each value looks okay by itself?",d2e0f66011,good,"The AI answer matches the ground truth: it identifies the compensatory pattern of very high torque with very low rpm as a Power Failure signature, explains that the computed power can fall outside the safe 3500–9000 W band even if individual values seem acceptable, and advises evaluating power rather than torque or speed alone. It preserves the key idea and adds harmless extra guidance."
186,"If the machine shows low speed but torque is unusually high, should I worry about a PWF condition?",d2e0f66011,good,"The AI answer matches the ground truth: it identifies low speed with unusually high torque as a classic Power Failure (PWF) signature, explains that this can push computed power outside the safe 3500–9000 W band, and correctly emphasizes calculating power rather than relying on torque or speed alone. The extra recommendation does not change the core meaning."
187,Is it normal to ignore torque or speed on their own and just check the calculated power for Power Failure?,d2e0f66011,good,"The AI answer matches the ground truth: it states that checking calculated power is the correct approach, explains that torque and speed together determine power, and notes the 3500–9000 W safe range. It also captures the key idea that extreme opposing torque/speed values can cause a power failure even if each individual reading seems normal. The added phrasing is consistent with the original."
188,Can a big mismatch between rotational speed and torque push power outside the safe range during predictive maintenance?,d2e0f66011,good,"The AI answer matches the ground truth: it states that extreme mismatches between torque and rotational speed can push computed power outside the safe 3500–9000 W band, explains that power depends on both variables, and advises evaluating computed power rather than torque or speed alone. The extra recommendation to regularly check power is consistent and does not change the meaning."
189,Why would very high speed with very low torque still point to a Power Failure issue?,d2e0f66011,good,"The AI answer captures the core idea that very high speed with very low torque can still indicate a Power Failure issue because the derived power may fall outside the safe band, and it correctly emphasizes evaluating computed power rather than torque or speed alone. However, it is somewhat incomplete/inaccurate in that the ground truth says the compensatory pattern can push power outside the safe 3500–9000 W band in either direction, while the AI answer focuses only on power below 3500 W and omits the symmetric case. It also omits the exact rotational-speed factor in the power formula, but that does not change the semantic core. Overall, it is close enough and conveys the main point."
190,How do I work out machine power from torque and rpm in practice?,556fd12d0f,good,The AI answer states the same power-from-torque-and-rpm formula as the ground truth and includes the same underpowered/overpowered thresholds of 3500 W and 9000 W. It also correctly emphasizes monitoring the computed power value. This is semantically equivalent to the original answer.
191,What’s the formula for calculating power from torque and rotational speed?,556fd12d0f,good,"The AI answer gives the correct power formula in terms of torque and rotational speed in rpm, matching the ground truth’s converted form. It also correctly notes that the derived power value should be monitored. However, it omits the specific underpowered/overpowered thresholds, which are additional operational details but not essential to the core formula asked in the question. The key information is preserved."
192,"If my speed reading is in rpm, how do I convert it when checking power from torque?",556fd12d0f,good,The AI answer gives the same conversion formula from rpm to power using torque and correctly states the acceptable power range of 3500–9000 W. It matches the ground truth and preserves the key instruction to compute power from torque and speed using the conversion factor 2π/60.
193,At what calculated power level does a power failure get flagged as underpowered or overpowered?,556fd12d0f,good,"The AI answer matches the ground truth: it states the same underpowered threshold (<3500 W) and overpowered threshold (>9000 W), and gives the same derived power formula using torque and rpm converted by 2π/60. The extra advisory text does not change the meaning."
194,"Should I monitor torque and speed separately, or track the derived power value for this fault?",556fd12d0f,good,"The AI answer matches the ground truth: it recommends tracking the derived power value instead of monitoring torque and speed separately, and it preserves the threshold logic of below 3500 W or above 9000 W. It omits the explicit formula, but that is not required for semantic equivalence."
195,Can the same tool wear and torque be fine on one product variant but still trip an overstrain failure on another?,d87b9c0dfa,good,"The AI answer preserves the core point: overstrain thresholds depend on product variant/quality, so the same tool wear and torque can be acceptable for one variant and fail on another. It also correctly advises using variant-specific thresholds and checking the product type. It does not mention the specific threshold values or the explicit false positive/false negative consequence, but that is not necessary for semantic equivalence."
196,Why does one global overstrain threshold give false alarms on low-quality parts and miss issues on high-quality ones?,d87b9c0dfa,good,"The AI answer matches the ground truth: it explains that thresholds depend on product quality, that a single global threshold can cause false positives on low-quality parts and false negatives on high-quality parts, and it correctly recommends checking the product Type (L/M/H) with the strain calculation. It preserves the key point without contradiction."
197,Do I need to check the product type before judging whether Tool wear × Torque is too high?,d87b9c0dfa,good,"The AI answer matches the ground truth: it says product type must be checked before judging Tool wear × Torque, explains that thresholds differ by Low/Medium/High variants, and warns that ignoring type can misclassify Overstrain Failure risk. It preserves the key point that a global threshold is inappropriate."
198,"What are the separate overstrain limits for Low, Medium, and High quality variants?",d87b9c0dfa,good,"The AI answer correctly lists the separate overstrain thresholds for Low, Medium, and High quality variants as approximately 11,000, 12,000, and 13,000 min·Nm, respectively. It also preserves the key point that these limits are product-quality-dependent and that product type must be checked alongside the strain calculation. This is semantically equivalent to the ground truth."
199,"If two jobs have the same wear and torque, why can one pass and the other fail depending on the variant?",d87b9c0dfa,good,"The AI answer captures the core point: Overstrain Failure depends on the product quality variant, so identical wear and torque can pass on one variant and fail on another because thresholds differ by variant. It also correctly states that variant-specific thresholds should be used. Although it omits the exact threshold values and the false positive/negative detail, the key meaning is preserved."
200,"What exactly is the strain indicator, and how is it calculated from tool wear and torque?",433090e42a,good,"The AI answer correctly states the formula for the strain indicator as tool wear times torque and explains that it represents accumulated mechanical strain. It also correctly notes that Overstrain Failure occurs when the value exceeds variant-specific thresholds. The extra recommendation is fine and does not change the meaning. Although it omits the exact threshold values and the example that neither variable alone is sufficient, the core answer is preserved."
201,Why do we use strain indicator instead of looking at tool wear or torque by themselves when checking OSF risk?,433090e42a,good,"The AI answer matches the ground truth: it explains that the strain indicator combines tool wear and torque into a single accumulated mechanical strain metric, and that neither wear nor torque alone is sufficient because different combinations can still cause OSF. It preserves the key concept and the example relationship, even though it omits the exact formula and thresholds, which are not necessary for semantic equivalence here."
202,"At what strain indicator value does overstrain failure usually happen for the L, M, and H variants?",433090e42a,good,"The AI answer correctly identifies the variant-specific overstrain failure thresholds for L, M, and H (about 11,000, 12,000, and 13,000 min·Nm, respectively) and preserves the key idea that the strain indicator combines tool wear and torque. It is semantically equivalent to the ground truth, with only minor extra advice added."
203,Can a tool with only moderate wear still cause overstrain failure if the torque gets too high?,433090e42a,good,"The AI answer correctly states that moderate wear can still lead to overstrain failure if torque is high enough, and it explains the strain indicator as tool wear multiplied by torque with a threshold-based failure condition. This matches the ground truth. It omits the specific threshold values and the explicit point that neither wear nor torque alone is sufficient, but the core meaning is preserved."
204,How can I tell if my machine is close to an OSF event using the combined wear-and-torque value?,433090e42a,good,"The AI answer preserves the key concept and formula: strain_indicator = tool wear × torque, and correctly states that OSF risk is determined by comparing the combined value against variant-specific thresholds (L, M, H) with the same approximate values. It also correctly implies that exceeding the threshold indicates risk of Overstrain Failure. The extra recommendation is not in the ground truth, but it does not conflict with it."
205,"Can a brand-new tool still hit overstrain if the torque gets high enough, or is low wear always safe?",72e90335be,good,"The AI answer matches the ground truth: it correctly states that a brand-new tool can still overstrain if torque is high enough, explains the wear × torque relationship, and notes that the threshold depends on the tool's type/variant rather than low wear being inherently safe. No key information is missing or incorrect."
206,How do I check whether tool wear and torque together are enough to trigger overstrain on a given type?,72e90335be,good,"The AI answer matches the ground truth: it explains that overstrain is determined by the product of tool wear and torque, that this must be compared to the variant-specific threshold for the product type (L/M/H), and that low wear alone does not guarantee safety because high torque can still trigger overstrain. The extra threshold numbers and recommendations do not contradict the original answer."
207,"If a tool is barely worn, does that automatically mean it won’t fail from strain under heavy load?",72e90335be,good,"The AI answer preserves the key point: low wear alone does not guarantee safety, because high torque can still cause overstrain. It correctly states the strain_indicator formula and notes comparing against the type-specific threshold (L/M/H). This is semantically equivalent to the ground truth."
208,"What should I compare against the overstrain limit for an L, M, or H tool type?",72e90335be,good,"The AI answer correctly states that for L/M/H tool types you should compare the product of tool wear and torque against a variant-specific threshold. It also captures the key idea that overstrain depends on the interaction of both factors. This is semantically equivalent to the ground truth, though it omits the explicit example that a fresh tool can still overstrain if torque is high enough."
209,"Is the strain check based on wear alone, or do I need to multiply wear by torque before judging safety?",72e90335be,good,"The AI answer correctly states that strain depends on both wear and torque and that wear alone is insufficient. It also mentions multiplying wear by torque to assess safety. However, it omits the key nuance that the comparison should be made against the variant-specific threshold based on the product Type (L/M/H), but the core question is still answered correctly."
210,"Why would a machine still fail even when torque, temperature, speed, and tool wear all look normal?",50acea25e7,bad,"The ground truth says this case should be treated as RNF (Random Failure), an irreducible background failure with no sensor signature, when none of the TWF/HDF/PWF/OSF trigger conditions are met. The AI answer instead attributes the failure to HDF or TWF and gives trigger conditions for those specific failure modes. That is not semantically equivalent and misses the key point that the failure can occur independently of the sensors as RNF."
211,"If none of the usual failure triggers show up, should I still try to explain the breakdown from sensor data?",50acea25e7,good,"The AI answer captures the key point: if no trigger conditions are met, the event is an RNF/background failure with no sensor signature, and it should not be forced into a sensor-based explanation. It also preserves the idea of irreducible background risk. Minor added wording about detection and containment does not change the meaning."
212,"In a predictive maintenance setup, is there a type of failure that happens basically as background risk with no clear sensor signature?",50acea25e7,good,"The AI answer captures the key point: the failure is RNF (Random Failure), occurring as background risk with no clear sensor signature, independent of the listed sensor variables, and modeled as a small constant probability. The added recommendation does not contradict the ground truth and the core meaning is preserved."
213,"How do I classify a breakdown when every reading seems fine and no TWF, HDF, PWF, or OSF condition was met?",50acea25e7,bad,"The AI answer identifies RNF but expands it incorrectly as 'Reported Not Found' and adds unsupported guidance about severity, priority inspection, and case-by-case assessment. The ground truth says RNF means Random Failure, a background failure with no sensor signature, and it should be treated as irreducible background risk. The core classification is wrong in meaning even though the label RNF is mentioned."
214,Is it normal to see a rare machine failure that doesn’t seem tied to any operating condition or wear pattern?,50acea25e7,bad,"The AI answer is not semantically equivalent. The ground truth says such an event should be treated as a random/background failure (RNF) with no sensor signature, occurring independently of operating conditions or wear, and not to force a sensor-based explanation if no trigger conditions apply. The AI answer only says there is insufficient information and does not identify RNF or the key classification/behavior."
215,Can I really build a predictive model for RNF failures if they don’t line up with any sensor readings?,cb2d1a82cd,good,"The AI answer preserves the key point that RNF failures do not correlate with sensor readings and therefore sensor-based predictive modeling is not meaningful. It also matches the recommended mitigation strategy of relying on redundancy and rapid response rather than prediction. This is semantically equivalent to the ground truth, though it omits the skepticism warning about spurious confident explanations and overfitting."
216,Why would a sensor-based model be a bad fit for random failures like RNF?,cb2d1a82cd,good,"The AI answer preserves the key points from the ground truth: RNF has no correlation with sensor variables, sensor-based prediction should not beat the base rate, such models risk overfitting, and mitigation should focus on redundancy and response crews rather than prediction. It is semantically equivalent."
217,"If a report says it can predict an RNF event from temperature, speed, torque, or tool wear, should I trust it?",cb2d1a82cd,good,"The AI answer matches the ground truth: it says not to trust the report, states RNF has no correlation with the listed sensor variables, warns such a model is likely overfitting/coincidental, and advises skepticism. It omits the note about redundancy/spare parts/response crews as better mitigation, but that is extra detail rather than a key requirement for the question."
218,What’s the best way to reduce the impact of RNF failures if prediction won’t work well?,cb2d1a82cd,good,"The AI answer matches the ground truth: it says RNFs are not meaningfully predictable from sensor data and recommends redundancy, spare parts, and rapid-response maintenance crews as the best mitigation. It preserves the core message and adds no incorrect claim."
219,Is it normal for this type of failure to show no clear correlation with machine sensors?,cb2d1a82cd,good,"The AI answer captures the key idea that this type of failure is not meaningfully correlated with machine sensors and is unpredictable. However, it slightly weakens the original by saying 'random failures' in general rather than specifically noting that this class of failure (RNF) has no correlation with specific sensor variables and that sensor-based models shouldn't be expected to outperform base rate. It also omits the caution about skeptical treatment of confident sensor-driven explanations and the mitigation emphasis on redundancy/spare parts/response crews. Still, the core answer to the question—yes, it is normal for such failures to show no clear sensor correlation—is correct."
220,"How should I log an incident when there’s no clear cause, instead of grouping it with TWF, HDF, PWF, or OSF stats?",13359538bd,good,"The AI answer preserves the core guidance: do not lump unclear-cause incidents into TWF/HDF/PWF/OSF stats, track them separately to avoid distorting data, and focus on detection/containment rather than prevention. It adds the label RNF (Random Failure), which is not in the original answer, but this does not contradict the key point. Overall semantically equivalent."
221,"Should random failures be counted in the same root-cause reports as the other failure modes, or kept separate?",13359538bd,good,"The AI answer matches the ground truth: it says random failures should be tracked separately rather than included in TWF/HDF/PWF/OSF statistics, and that the focus should be on rapid detection and containment rather than prevention/prediction. The extra wording about unmodeled defects is compatible and does not change the meaning."
222,"For an uncaused failure, what’s the right response: try to prevent it, or focus on finding it fast and containing it?",13359538bd,good,"The AI answer captures the core point: uncaused/random failures are unpredictable, so the proper response is rapid detection-after-the-fact and containment rather than prevention. It omits the reporting note about tracking them separately instead of folding them into TWF/HDF/PWF/OSF root-cause statistics, but that is additional context rather than the main answer to the question asked."
223,"If a machine event can’t be tied to any known mechanism, how should I handle it in predictive maintenance reporting?",13359538bd,good,"The AI answer matches the ground truth on the key points: uncaused events should be tracked separately rather than included in TWF/HDF/PWF/OSF root-cause stats, because doing so would distort the data. It also correctly notes that the response should focus on rapid detection/containment rather than prevention. The extra labeling as RNF is not contradictory and still semantically aligned."
224,"What’s the best way to deal with random, unpredictable failures so they don’t mess up the failure data?",13359538bd,good,"The AI answer matches the key points of the ground truth: random/unpredictable failures should be tracked separately in reporting rather than attributed to root-cause categories, and the response should focus on rapid detection/containment after the fact rather than prevention. The extra suggestions about redundancy, spare parts, and response crews do not contradict the main answer."
225,"Who do I notify right away if we get a high-severity machine event like overpower, OSF, or anything that meets stop criteria?",c0ed104e40,good,"The AI answer correctly states that high-severity events such as overpower, OSF, or anything meeting halt/stop criteria should be notified immediately to the line supervisor. It preserves the core instruction from the ground truth. It omits the additional guidance about low/medium severity incidents and cross-checking predicted failure probability, but the question only asks who to notify right away for high-severity events, so the omission does not affect correctness."
226,"For lower-severity alarms like underpower, HDF, or TWF, should I send it to the line supervisor or just put it in the normal maintenance queue?",c0ed104e40,good,"The AI answer matches the ground truth on the key point: lower-severity alarms such as underpower, HDF, and TWF should go to the standard maintenance queue rather than the line supervisor. It omits the extra instruction about cross-checking predicted failure probability against derived features, but that detail is not needed to answer the question asked."
227,"Before I write up a root-cause report, do I need to compare the model’s failure prediction with the actual derived feature values like power, temp_diff, or strain_indicator?",c0ed104e40,good,"The AI answer captures the key requirement from the ground truth: always cross-check the model’s predicted failure probability against the actual computed derived features before writing a report. It omits the routing guidance for high-severity vs low-/medium-severity incidents, but the user’s question only asks about whether this comparison is needed. The core answer is therefore semantically equivalent."
228,What’s the right escalation path when the incident looks serious enough to halt the machine?,c0ed104e40,bad,"The AI answer correctly identifies that serious incidents meeting halt criteria should be escalated immediately to the line supervisor. However, it adds specific halt criteria not present in the ground truth and omits the important distinction that low- and medium-severity incidents go to the standard maintenance queue, as well as the instruction to cross-check predicted failure probability against the computed derived feature before asserting root cause. Since it does not fully convey the original answer's key guidance, it is incomplete."
229,"If the prediction says one thing but the computed feature doesn’t match, what should I trust before documenting the failure cause?",c0ed104e40,good,"The AI answer captures the key instruction: when the prediction and computed feature conflict, trust the computed feature before documenting the failure cause. It preserves the main idea of cross-checking the model prediction against actual derived features before writing the report. It omits the incident-routing details (high-severity to line supervisor, low/medium to maintenance queue), but those are extra context rather than the direct answer to the asked question."
230,How is the severity rating different from the rule for stopping the line right away?,958fe04268,good,"The AI answer captures the main distinction: severity is about investigation urgency, while halt criteria are separate and require immediate stop only under specific thresholds. It also correctly mentions that high severity alone doesn't automatically force a halt and gives one example threshold (power > 9000 W). However, it omits two of the explicit halt conditions from the ground truth: tool_wear × torque exceeding the variant threshold by more than 10% and two or more failure conditions occurring at once. Since the core distinction is preserved and the answer is directionally correct, it is semantically equivalent despite lacking some details."
231,"If a failure mode shows up as high severity, does that always mean I have to halt the line?",958fe04268,good,"The AI answer matches the ground truth: it correctly states that high severity alone does not require halting, and that halting depends on separate criteria such as power threshold exceedance or multiple failure conditions. It preserves the key distinction between severity and halt criteria, with no contradiction."
232,"What are the exact conditions that make me stop the line immediately, even if the triage severity looks lower?",958fe04268,good,"The AI answer matches the ground truth on the key point: the halt criteria are a separate, stricter overlay from severity, and immediate stop is required for computed power > 9000 W, tool_wear × torque exceeding the variant threshold by more than 10%, or two or more failure conditions at once. It also correctly notes that severity alone is not the deciding factor. The extra statement about flagging for next scheduled maintenance window is not identical to the original, but it does not contradict the core answer and the ground truth mentions non-halt cases may be next window depending on severity. Overall semantically equivalent."
233,"When I’m checking a fault, should I treat the severity table and the halt criteria as the same thing or separate checks?",958fe04268,good,"The AI answer correctly states that the severity table and halt criteria are separate checks and captures the key distinction: severity is about urgency, while halt criteria define when to stop the line immediately regardless of severity. It omits the specific examples and exact halt thresholds, but those are additional details rather than the core point. It also preserves the important idea that a high severity does not automatically imply a halt."
234,"For predictive maintenance triage, how do I know whether a finding needs urgent investigation versus an actual line stop?",958fe04268,good,"The AI answer captures the core distinction between severity/urgent investigation and the separate, stricter halt criteria. It correctly lists the three stop conditions and notes that high severity alone does not mandate a line stop. However, it slightly weakens the urgency mapping by implying inspection at the next scheduled maintenance window if none of the halt conditions are met, whereas the original says severity determines urgency (e.g., High/Immediate, Medium/Same-shift, Low–Medium/Next window). Still, the main semantic point is preserved."
235,"Do I have to stop the line every time a failure condition shows up, or can I keep running until a real stop criterion is hit?",7f5a1e5a56,good,"The AI answer preserves the core instruction: do not stop for every failure condition, only stop when one of the specified halt criteria is met, and otherwise flag for later inspection. It includes the same three halt criteria and the same fallback action. The extra mention of continuing to run is consistent with the original meaning."
236,What exact conditions mean I should halt production immediately instead of just flagging the unit for the next maintenance window?,7f5a1e5a56,good,"The AI answer matches the ground truth on the specific halt criteria: power over 9000 W, tool_wear × torque exceeding the variant threshold by more than 10%, or two or more failure conditions simultaneously. It omits the note that otherwise the unit should be flagged for the next maintenance window and the comment about unnecessary halts carrying production cost, but that does not change the core answer to the question asked."
237,"If the power draw goes over 9000 W, is that always a hard stop for the machine?",7f5a1e5a56,bad,"The AI answer captures the main point that exceeding 9000 W does not always cause a hard stop and that a hard stop only occurs under specific criteria. However, it omits the other precise halt criteria from the ground truth (tool_wear × torque exceeding the threshold by more than 10%, or two or more failure conditions simultaneously) and instead introduces unsupported guidance about adjusting torque or speed setpoints. It also misses the instruction to flag the unit for inspection at the next maintenance window rather than halting when criteria are not met. Because the core answer is only partially represented and includes some inaccurate extrapolation, it is not semantically equivalent."
238,How do I decide whether a wear and torque warning is serious enough to shut the line down right away?,7f5a1e5a56,bad,"The AI answer does not match the ground truth. The correct answer says to shut the line down only for specific halt criteria: computed power over 9000 W, tool_wear × torque exceeding the variant threshold by more than 10%, or two or more failure conditions simultaneously; otherwise inspect at the next maintenance window. The AI answer instead talks about ignoring torque, using wear time thresholds, and heat dissipation symptoms, which are unrelated and omit the actual halt criteria."
239,"When multiple failure signals appear at once, do I need to stop the equipment, or is it still okay to wait for scheduled maintenance?",7f5a1e5a56,good,"The AI answer matches the key point: two or more failure conditions firing simultaneously is a halt criterion, so the equipment should be stopped rather than deferred to scheduled maintenance. It omits the other halt criteria and the note about inspection at the next maintenance window when the criteria are not met, but that does not change the answer to this specific question."
240,"What does the product type label L, M, or H actually tell me on the machine?",117ffdb817,good,"The AI answer correctly states that L/M/H denotes the product's quality variant and that each variant has a different Tool wear × Torque threshold for Overstrain Failure, including the approximate threshold values. This matches the ground truth. It omits the note that Type does not appear in HDF/PWF/TWF calculations, but that omission does not change the core answer to the question."
241,"Why is the Type field important if it doesn’t show up in the HDF, PWF, or TWF calculations?",117ffdb817,good,"The AI answer correctly states that Type identifies the quality variant and is not used in HDF, PWF, or TWF calculations. It also correctly explains that it matters for Overstrain Failure because different variants have different thresholds, so the same readings can mean different outcomes. This matches the ground truth semantically, though it is a bit less specific about the exact threshold values."
242,"How does Low, Medium, or High product type change the overstrain failure limit?",117ffdb817,good,"The AI answer matches the ground truth: it correctly states that product type only affects the Overstrain Failure threshold, gives the correct approximate thresholds for L, M, and H, and explains that the same sensor readings may be safe for one variant but fail on another. The extra recommendation does not contradict the original answer."
243,Can the same torque and tool wear readings be okay for one type but a failure for another?,117ffdb817,good,"The AI answer matches the ground truth: it says the same torque and tool wear readings can be safe for one type but fail for another, due to type-specific Tool wear × Torque thresholds for Low/Medium/High. It also preserves the key point that Type matters for overstrain failure. The added recommendation is extra but not contradictory."
244,"What threshold values should I watch for on L, M, and H parts when checking overstrain risk?",117ffdb817,good,"The AI answer matches the ground truth on the key point: the overstrain failure thresholds differ by product quality variant, approximately 11,000 for L, 12,000 for M, and 13,000 min·Nm for H. The extra note about `strain_indicator` and mitigation is not in the original, but it does not contradict the core answer. It preserves the essential information needed to answer the question."
245,"What unit is the power feature in, and how is it calculated from torque and rpm?",ca8be638d6,good,"The AI answer correctly states that power is measured in watts and gives the exact calculation from torque and rotational speed using the (2π/60) factor. The extra discussion about power limits and setpoints is not in the ground truth, but it does not contradict the core answer. It omits the strain_indicator note, but the question asks only about the power feature, so this omission is acceptable."
246,"Does strain_indicator have a real physical unit, or is it just a derived index?",ca8be638d6,good,"The AI answer matches the ground truth: it says strain_indicator has no standard physical unit, is derived as tool wear times torque, expressed as min·Nm, and is only meaningful relative to thresholds rather than as an absolute physical quantity. This preserves the key point and is semantically equivalent."
247,Why is strain_indicator shown as min·Nm instead of a standard engineering unit?,ca8be638d6,good,"The AI answer matches the ground truth: it explains that strain_indicator is a derived value equal to tool wear in minutes times torque in Nm, that min·Nm is not a standard engineering unit, and that it is only meaningful relative to variant-specific thresholds. The added risk-monitoring language is consistent and does not conflict with the original answer."
248,How do I interpret power in watts when the machine is running at a given torque and speed?,ca8be638d6,good,"The AI answer correctly gives the power formula in watts from torque and rotational speed, matching the ground truth on the key point. It adds extra operational guidance and a threshold range that are not in the original answer, but this does not conflict with the core formula-based interpretation. The original answer also mentions strain_indicator, which the user did not ask about and the AI omits; that omission is acceptable since the question is specifically about power in watts."
249,"Is strain_indicator only useful compared with its threshold, rather than as an absolute value?",ca8be638d6,good,The AI answer matches the ground truth on the key point: strain_indicator is not an absolute physical quantity and is only meaningful relative to a variant-specific threshold. It also correctly notes that it combines tool wear and torque. The extra mention of Overstrain Failure is not conflicting with the original answer.
250,"With Type M at 298 K air temp, 308 K process temp, 1600 rpm, 30 Nm torque, and 215 min wear, does this point to tool wear fault or something else?",8c2f90045b,good,"The AI answer matches the ground truth: it identifies TWF as the only in-band fault, notes that HDF/PWF/OSF are not met, assigns Low–Medium severity, and recommends priority inspection and scheduling tool replacement without stopping the line. It conveys the same key conclusion and action."
251,What should I check first if the tool wear is 215 minutes but the speed and temperature readings don’t look like the other fault patterns?,8c2f90045b,good,"The AI answer matches the core conclusion of the ground truth: 215 minutes falls in the TWF band, other fault patterns are not indicated, and the appropriate action is to prioritize inspection and schedule tool replacement without stopping the line. It omits the detailed checks and severity/halt logic, but the essential advice is preserved."
252,"In this example, is the torque and speed combination high enough to explain the issue, or is it mainly a wear-only case?",8c2f90045b,bad,"The AI answer is incorrect because the original answer does provide a definite conclusion: the case is mainly wear-only (tool wear in-band) with no HDF/PWF/OSF triggered, so the issue should be flagged for inspection and scheduled replacement, not a torque-speed-driven halt. Saying there is not enough information misses the key point and contradicts the ground truth."
253,"Does this reading need the machine stopped right away, or can it wait for the next maintenance window?",8c2f90045b,good,"The AI answer matches the ground truth conclusion: no immediate stop is required and the issue can wait until the next maintenance window. It also correctly mentions the key halt conditions in a generalized form. Although it omits some specifics (like the exact TWF low-medium classification and priority inspection queue), it preserves the core meaning and decision."
254,How urgent is a Type M case when only the wear band is hit and the power and strain numbers stay below their limits?,8c2f90045b,good,"The AI answer matches the ground truth: only tool wear is in-band, power and strain are not triggering, severity is low/medium with next-scheduled-window response, and no immediate stop is required. It conveys the same urgency and recommended action."
255,"For a Type L machine, how do I tell if a reading with air temp 295 K, process temp 300 K, speed 1200 rpm, torque 35 Nm, and tool wear 50 min points to HDF?",e581e4ba19,good,"The AI answer matches the ground truth on the key points: it correctly identifies HDF based on temperature difference < 8.6 K and speed < 1380 rpm, notes tool wear is not TWF, states no other failure conditions are met, and gives the correct medium severity/same-shift response plus the same recommended action. It omits the explicit power and strain calculations and the halt-check detail, but these are not necessary to preserve the core answer."
256,"In that example with 5 K temp difference and 1200 rpm, why does it count as HDF but not the other fault modes?",e581e4ba19,good,"The AI answer correctly identifies that HDF applies because both required conditions are met: temperature difference below 8.6 K and speed below 1380 rpm. It also correctly states that the other fault modes are not met, and preserves the recommended action. While it omits some specific calculations and severity/halt details, the core diagnosis and rationale match the ground truth."
257,"What should I check first when the numbers show HDF only and the severity is medium, not a stop-now issue?",e581e4ba19,good,"The AI answer matches the ground truth: it identifies HDF as the only condition, notes medium severity and no immediate halt, and recommends investigating the coolant/airflow system while considering increasing rotational speed rather than stopping production. It omits some numeric checks but preserves the key conclusion and action."
258,"If tool wear is only 50 min and the calculated power sits around 4398 W, does that rule out TWF, PWF, and OSF?",e581e4ba19,good,"The AI answer correctly rules out TWF, PWF, and OSF based on the given tool wear, power, and strain values, and it also correctly notes HDF as the remaining concern with a recommendation to investigate coolant/airflow without stopping production. This matches the ground truth conclusion and key details."
259,"For this diagnostic case, is it better to inspect the cooling or airflow path, and can I keep the line running while I do it?",e581e4ba19,bad,"The ground truth says this case is HDF and specifically recommends investigating the coolant/airflow system while noting that an immediate halt is not required, so production need not be stopped outright. The AI answer correctly identifies cooling/airflow as the area to inspect, but it does not clearly answer the operational question about keeping the line running. Instead, it gives a vague suggestion to reduce load and allow controlled cooling, which is not the same as stating that the line can keep running. It misses the key point that no immediate halt is required."
260,"How do I check if this Type H reading is an overpowered PWF: air temp 300 K, process temp 311 K, speed 1800 rpm, torque 55 Nm, and tool wear 30 min?",f28320728d,good,"The AI answer matches the ground truth on the key points: it identifies an overpower PWF, gives the same calculated power (~10,367 W), notes it exceeds the 9000 W threshold, and concludes that immediate halting is required. It omits the intermediate checks for TWF/HDF/OSF and severity wording, but those are not necessary for semantic equivalence."
261,Why would a machine at 1800 rpm and 55 Nm trigger a PWF alarm when the temps look normal and tool wear is only 30 minutes?,f28320728d,good,"The AI answer matches the ground truth: it identifies the PWF as an overpower condition caused by calculated power of 10,367 W exceeding the 9000 W threshold, and correctly states that immediate halt is required. It preserves the key conclusion that normal temperature and only 30 minutes of tool wear do not prevent a PWF because the power threshold is exceeded."
262,What calculation shows whether this setup is above the 9000 W limit and needs an immediate stop?,f28320728d,good,"The AI answer identifies the same key calculation: computed power is about 10,367 W, which is above the 9000 W threshold, and concludes that an immediate stop/halt is required. This matches the ground truth, including the PWF/overpower interpretation and urgency. Minor differences in wording do not change the meaning."
263,"Can you explain why this case is not TWF, HDF, or OSF, but still ends up as a high-severity PWF?",f28320728d,bad,"The AI answer captures the core conclusion that the case is a high-severity PWF and not TWF, HDF, or OSF, but it is incomplete and slightly imprecise. It does not explain the specific derived reason from the ground truth: the calculated power is about 10,367 W, which exceeds the 9000 W threshold, making it an overpower PWF and requiring immediate halt/stop-the-line action. Instead, it vaguely says it falls within computed power thresholds and recommends routing to a supervisor, which is weaker than the original immediate halt requirement. Because it misses the key threshold-based explanation and the immediate stop instruction, it is not fully equivalent."
264,"For a reading with 300 K air temp, 311 K process temp, 1800 rpm, 55 Nm torque, and 30 min wear, should I halt the machine right away or wait for the next window?",f28320728d,good,"The AI answer matches the ground truth: it identifies the overpower PWF condition from the computed power of 10,367 W exceeding the 9000 W threshold, notes high severity/immediate attention, and concludes the machine should be halted right away rather than waiting for the next window. No key information is missing or incorrect."
265,"For this reading with Type L, 296 K air temp, 307 K process temp, 1400 rpm, 60 Nm, and 195 min wear, is OSF actually the fault here?",dda4fe63ab,good,"The AI answer matches the ground truth: it identifies OSF as confirmed because 11,700 exceeds the L threshold of 11,000, notes high severity, and states that immediate inspection/escalation is needed without an automatic full halt unless the margin worsens or another fault co-occurs. This preserves the key conclusion and operational guidance."
266,Why does the strain indicator from 195 min and 60 Nm point to OSF even though the other values look normal?,dda4fe63ab,good,"The AI answer matches the ground truth on the key point: 195 × 60 = 11,700, which is above the 11,000 threshold and therefore confirms OSF. It also correctly notes escalation for immediate inspection and that a halt is not automatically mandated. It omits some supporting checks and the specific 10% halt-margin detail, but that is extra nuance rather than required core information."
267,"What checks would rule out TWF, HDF, and PWF before calling this OSF on the machine?",dda4fe63ab,bad,"The AI answer captures the general idea of checking TWF, HDF, and PWF before concluding OSF, and it mentions the key thresholds for HDF and PWF. However, it is incomplete and slightly inaccurate on TWF: the ground truth specifically says tool wear at 195 min is just below the 200–240 TWF band, so TWF is ruled out because it is not in the band, not because 'tool wear should be above the threshold.' The answer also omits the specific computed values and the exact conclusion that OSF is confirmed because the strain indicator exceeds the L threshold. Still, the core pre-check logic is mostly preserved, so it is semantically close."
268,"Is 11,700 min·Nm enough to trigger an immediate stop, or just an operator escalation and inspection?",dda4fe63ab,good,"The AI answer matches the ground truth: 11,700 min·Nm confirms OSF as high severity, but it does not trigger the automatic halt criterion because it is under the 10% over-threshold margin. It correctly concludes escalation/inspection rather than an immediate stop."
269,"If the OSF threshold is 11,000, how close is this case to the automatic halt limit, and what would push it over?",dda4fe63ab,good,"The AI answer matches the key points of the ground truth: it identifies the strain indicator as 11,700 vs. the 11,000 OSF threshold, states the ~6.4% overage, notes the automatic halt limit at 10% over threshold (11,100), and concludes that a full halt is not automatically mandated yet. It also preserves the recommended escalation. Minor wording differences aside, the meaning is equivalent."
270,"How do I diagnose a Type H machine with air temp at 295 K, process temp at 300 K, speed 1200 rpm, torque 70 Nm, and tool wear 195 min?",9cfa8e5555,good,"The AI answer matches the ground truth conclusion: HDF and OSF are both confirmed, and the machine should be halted immediately due to simultaneous failure conditions. It omits the detailed calculations and mentions a generic reasoning summary, but the core diagnosis and action are the same."
271,"With temp difference only 5 K and speed 1200 rpm, does that confirm a heat-delay fault on this reading?",9cfa8e5555,bad,"The AI answer correctly identifies HDF from temp difference 5 K and speed 1200 rpm, but it misses the rest of the ground truth: OSF is also confirmed, and the key conclusion is that simultaneous HDF + OSF triggers an immediate halt. Instead, it incorrectly says production should not be stopped outright. Because it omits the multi-mode failure and gives the wrong action, it is not semantically equivalent."
272,"At 70 Nm and 1200 rpm, what power comes out to, and is it still in the normal range for this case?",9cfa8e5555,good,"The AI answer correctly computes the power as about 8796 W and correctly states that this is within the normal 3500–9000 W range, so no PWF is indicated. It also preserves the key conclusion that, despite the normal power range, HDF and OSF are both confirmed and the line should be halted immediately due to multi-mode failure. This is semantically equivalent to the ground truth."
273,Does 195 min of tool wear and 70 Nm torque trigger the overload strain condition here?,9cfa8e5555,good,"The AI answer matches the ground truth on the key point: 195 min tool wear and 70 Nm torque produce a strain indicator of 13,650, which exceeds the 13,000 threshold and confirms OSF. It also correctly notes that HDF is simultaneously present and that the line should be halted immediately. Minor omission of the intermediate checks is acceptable because the core conclusion is the same."
274,"If heat-delay and overload-strain both show up together, do I need to stop the line right away even if neither one is over its own halt limit?",9cfa8e5555,bad,"The ground truth says that if heat-delay and overload-strain are both confirmed simultaneously, that alone triggers the halt criteria and the line should be stopped immediately, even if neither one individually exceeds its own halt limit. The AI answer says the opposite: it says you do not need to stop the line immediately and only monitor closely. This reverses the key conclusion, so it is not semantically equivalent."
275,"If my Type M machine is at 225 minutes of tool wear and everything else looks normal, should I count that as a TWF failure or just a warning?",59e3729860,good,"The AI answer matches the ground truth: 225 minutes falls in the TWF probabilistic band, not a confirmed failure, and with all other conditions normal it should be treated as a warning/elevated-risk unit, with priority inspection and proactive replacement scheduling."
276,"For a running Type M unit with 298 K air temp, 308 K process temp, 1600 rpm, 30 Nm torque, and 225 min wear, is it actually failed yet?",59e3729860,good,"The AI answer matches the ground truth. It correctly states the unit is not yet failed, notes that 225 min wear is in the probabilistic TWF band, and correctly says no HDF, PWF, or OSF conditions are met. It also gives the same recommended action: priority inspection and proactive replacement, not a confirmed failure."
277,"How do I judge this case: tool wear is in the 200–240 minute zone, but the machine is still operating fine—do I log a fault or just schedule it for inspection?",59e3729860,good,"The AI answer matches the ground truth: it recognizes that 200–240 minutes is a probabilistic risk zone, says the machine is not yet a confirmed fault, and recommends inspection/prioritized scheduling rather than logging a failure. The slight difference in exact minute value (230 vs 225) does not change the semantics."
278,"On a Type M machine, does 225 minutes of wear automatically mean TWF, or can it still be considered healthy if the rest of the readings are normal?",59e3729860,good,"The AI answer matches the ground truth: it correctly states that 225 minutes is within the TWF risk band but is not automatically a confirmed failure, and that if other readings are normal the machine should be monitored/inspected rather than logged as TWF. It also includes the correct recommendation to flag for priority inspection and proactive replacement without reporting a confirmed TWF incident."
279,"With 1600 rpm and 30 Nm giving about 5.0 kW, plus 225 minutes of wear, should I mark this unit as failed or just put it on the watch list?",59e3729860,good,"The AI answer matches the ground truth: 225 minutes is in the TWF risk band, but no other failure conditions are met, so it should not be marked as failed. Instead, it should be placed on the watch list / priority inspection with proactive replacement. This preserves the key conclusion and intent."
280,What are the usual signs that a heat dissipation problem is happening on the machine?,ae1dcf3957,good,"The AI answer includes the main warning signs from the ground truth: abnormally high temperature, weak cooling performance, and possible shutdowns. It also adds some plausible causes and recommended actions, but those do not contradict the original. It does omit the specific point that temperature rises during sustained or heavy operation, and it doesn’t mention derating or temperature alarms explicitly. However, the core signs are conveyed accurately enough."
281,How can I tell if the cooling system is not keeping the machine temperature under control?,ae1dcf3957,good,"The AI answer captures the key indicators from the ground truth: abnormally high temperature, weaker cooling performance, and temperature rising during heavy/heavy operation. It omits the specific note that the machine may derate, trigger a temperature alarm, or shut down, but that omission does not change the core answer. The added troubleshooting steps are extra but not contradictory."
282,Why does the machine temperature keep climbing during long or heavy runs?,ae1dcf3957,good,"The AI answer captures the main idea that temperature rises during sustained or heavy operation because cooling performance is insufficient. It matches the ground truth on abnormal high temperature and weaker-than-expected cooling. However, it omits the key consequence that the machine may derate, trigger a temperature alarm, or shut down. Since the question asks why it keeps climbing and the core cause is still correctly stated, this is still semantically equivalent."
283,"Can a heat dissipation failure make the machine derate, alarm, or shut itself down?",ae1dcf3957,good,"The AI answer matches the ground truth: it says heat dissipation failure can lead to derating, temperature alarms, or shutdown, and it includes the key causes of abnormally high temperature and inadequate cooling performance. The extra explanation about airflow and monitoring is acceptable and does not contradict the original."
284,What symptoms should I look for if I suspect poor heat removal in the process?,ae1dcf3957,bad,"The AI answer does not match the ground truth. The original answer asks for observable symptoms of poor heat removal: abnormally high temperature, weak cooling performance, temperature rising under sustained/heavy load, and possible derating/alarm/shutdown. The AI instead gives specific diagnostic thresholds for process temperature minus air temperature and rotational speed, which are not the same symptoms and omit the listed operational signs and consequences."
285,What usually causes Heat Dissipation Failure in a machine or process line?,b2a1fbed0a,bad,"The AI answer does not match the ground truth. The original answer lists common causes of heat dissipation failure such as blocked vents, dirty filters, failed cooling components, low/leaking coolant, excessive load/friction, and faulty sensors. The AI instead discusses low rotational speed, a specific temperature gap threshold, and a recommended speed, which are not in the original answer and do not address the usual causes asked for. It misses the key points."
286,"Can blocked vents, dirty filters, or poor airflow lead to Heat Dissipation Failure?",b2a1fbed0a,good,"The AI answer correctly states that blocked vents, dirty filters, or poor airflow can lead to Heat Dissipation Failure and explains the mechanism. It matches one of the key points in the ground truth. Although it omits the other listed possible causes, the question specifically asks about blocked vents, dirty filters, or poor airflow, so the answer is semantically correct and complete for that question."
287,"Could a bad cooling fan, pump, heat exchanger, or coolant circuit be the root cause of Heat Dissipation Failure?",b2a1fbed0a,good,"The AI answer correctly states that a failed or degraded cooling fan, pump, heat exchanger, or coolant circuit can be a root cause of Heat Dissipation Failure. It also adds sensible related actions. While it does not mention every possible cause from the ground truth, the question specifically asks about whether those cooling components could be the root cause, and the answer is semantically correct and on point."
288,How often does low or contaminated coolant or lubricant end up causing Heat Dissipation Failure?,b2a1fbed0a,good,"The question asks how often low or contaminated coolant or lubricant ends up causing Heat Dissipation Failure. The ground truth lists low, contaminated, or leaking coolant/lubricant as one of several common causes. The AI answer correctly identifies low or contaminated coolant or lubricant as a cause of Heat Dissipation Failure and gives sensible corrective action. It does not mention frequency explicitly, but it preserves the key semantic point that such coolant/lubricant issues are a valid cause."
289,Can a faulty temperature sensor or too much process load trigger Heat Dissipation Failure?,b2a1fbed0a,good,"The AI answer correctly states that a faulty temperature sensor and excessive process load can contribute to Heat Dissipation Failure. This matches the ground truth, which lists both as causes. The extra recommendations do not contradict the original answer."
290,What temperature pattern usually shows up when a heat dissipation failure is starting?,a4415efbd0,bad,"The AI answer is not semantically equivalent to the ground truth. The original answer describes a general early warning pattern: rising temperature above baseline, abnormal temperature difference between machine/process and cooling medium, temperature staying elevated after load reduction, and possibly low/unstable cooling-system indicators. The AI answer instead gives a very specific rule about process temperature minus air temperature being less than 8.6 K and rotational speed below 1380 rpm, which is not present in the original and misses key points like upward trend, persistence after load reduction, and cooling-system instability. It may be related, but it does not convey the same answer."
291,How can I tell if the temperature gap between the machine and its cooling medium is getting abnormal?,a4415efbd0,bad,"The AI answer captures the general idea that an abnormal temperature gap indicates a cooling problem and recommends monitoring cooling performance. However, it adds specific thresholds (8.6 K, 1380 rpm) and a rotational-speed condition that are not present in the ground truth. More importantly, it misses several key indicators from the original answer: upward temperature trend beyond baseline, temperature remaining elevated after load reduction, and low/unstable cooling-system status such as fan speed, flow, or pressure. Since the response is not semantically equivalent to the source and introduces unsupported specifics, it should be marked bad."
292,Why would the temperature stay high even after I reduce the load?,a4415efbd0,good,"The AI answer preserves the core idea: temperature stays elevated after load reduction because heat removal/cooling is inadequate, mentioning low coolant flow or pressure and defective cooling components. This matches the ground truth’s points about abnormal elevated temperature, persistent temperature after load reduction, and low/unstable cooling-system status, fan speed, flow, or pressure. Extra recommended actions do not conflict with the original answer."
293,"What cooling-system signs like fan speed, flow, or pressure should I watch for with this failure?",a4415efbd0,good,"The AI answer captures the key signs from the ground truth: rising process/component temperature beyond baseline, abnormal temperature difference between machine and cooling medium, and low or unstable cooling-system indicators such as fan speed, flow, or pressure. It also adds some extra recommended actions, which are not incorrect and do not change the core meaning. It omits the detail that temperature remains elevated after load is reduced, but the main signs asked about are still covered sufficiently."
294,What sensor readings point to a heat dissipation problem on the machine or process?,a4415efbd0,good,"The AI answer captures all core sensor-reading indicators from the ground truth: rising process/component temperature, abnormal temperature difference with the cooling medium, temperature remaining elevated after load reduction, and low/unstable cooling-system status such as fan speed or flow. The added specific threshold and recommended actions do not conflict with the original answer, though the threshold is extra and not part of the ground truth. Overall it is semantically equivalent."
295,What should I do first when a heat dissipation failure shows up on the machine?,c98d530bd3,bad,"The AI answer does not match the ground truth. The original answer gives immediate troubleshooting steps: verify temperature with a trusted instrument, inspect/clean cooling components, check coolant conditions, reduce load for controlled cooling, and repair/replace faulty parts. The AI response instead explains a cause and suggests creating a maintenance ticket, but it omits the specific first actions and key corrective steps."
296,How do I check whether the temperature reading is actually correct during a cooling issue?,c98d530bd3,good,"The AI answer includes the key instruction from the ground truth: verify the temperature reading with a trusted instrument when safe to do so. It omits the other troubleshooting steps, but the question specifically asks how to check whether the temperature reading is actually correct, so the core answer is present and semantically equivalent."
297,What parts should I inspect and clean when the machine is overheating because of poor heat dissipation?,c98d530bd3,good,"The AI answer correctly identifies the parts to inspect and clean: filters, vents, fans, cooling fins, and heat exchangers. It also includes checking coolant level, flow, pressure, leakage, and condition, which matches the ground truth. It omits some additional guidance from the original answer (verify temperature with a trusted instrument, reduce load/controlled cooling, repair or replace defective components, recalibrate faulty sensors), but the core requested information about what to inspect and clean is present and accurate."
298,What coolant checks are needed if the cooling system seems weak or the machine is running too hot?,c98d530bd3,good,"The AI answer covers the main coolant/system checks: coolant level, flow, pressure, condition; inspection and cleaning of filters, vents, and fans; reducing load and allowing controlled cooling; and repairing defective cooling components. It also mentions contamination and leaks, which are consistent with the ground truth. However, it omits verifying the temperature reading with a trusted instrument and specifically mentions heat exchangers and sensor recalibration less explicitly, though the core answer is still substantially the same. Overall it conveys the required key information."
299,"When a heat dissipation fault happens, should I cut the load or keep running until the machine cools down?",c98d530bd3,good,"The AI answer directly addresses the user's question and matches the key instruction from the ground truth: reduce the machine load and allow controlled cooling according to procedure. It does not include the other maintenance steps, but those are supplementary and not necessary for semantic equivalence to the specific question asked."
300,"What should I do right away if a machine starts overheating or I notice smoke, odor, or leakage?",1fa2bd4467,good,"The AI answer matches the key instructions: stop the machine immediately, avoid opening hot/pressurized cooling systems until isolated and cooled, use lockout/tagout before accessing components, and escalate recurring overheating. It adds explanatory context but does not change the meaning."
301,When is it unsafe to open the cooling system during a heat dissipation problem?,1fa2bd4467,good,"The AI answer captures the key safety point: do not open the cooling system if it is pressurized or hot, and it correctly mentions isolating/cooling it first and using lockout/tagout before access. It omits the extra guidance about stopping the machine for smoke/odor/leakage/rapid heating and escalating recurring overheating, but those are additional details rather than the core answer to the question asked."
302,"Do I need lockout/tagout before checking fans, pumps, or other internal parts after overheating?",1fa2bd4467,good,"The AI answer correctly states that lockout/tagout is required before checking fans, pumps, or other internal parts after overheating. This matches the key point in the ground truth, though it omits additional context about stopping the machine, avoiding opening hot/pressurized cooling systems, and escalating recurring overheating. Those omissions do not change the core answer to the question asked."
303,Which signs mean I should shut the machine down because of heat dissipation failure?,1fa2bd4467,bad,"The AI answer captures the general idea that abnormal overheating should trigger shutdown, but it misses several key signs from the ground truth: smoke, odor, leakage, and rapid heating. It also adds speculative causes (insufficient airflow, low rotational speed) that are not in the original answer. It does not mention the safety cautions about pressurized/hot cooling systems, lockout/tagout, or escalation of recurring overheating. Since the question asks which signs mean to shut the machine down, the core trigger signs are only partially covered, so it is not semantically equivalent."
304,"If the overheating keeps coming back, who should I report it to?",1fa2bd4467,good,"The AI answer correctly identifies maintenance and process engineering as the groups to report recurring overheating to, which matches the ground truth's escalation instruction. The additional wording about heat dissipation failure is extra but does not conflict with the key answer."
305,What signs usually show up when the machine is under too much load or torque and starts failing?,da179b1e6d,good,"The AI answer matches the ground truth well. It includes excessive load/torque, vibration, reduced speed/output, and worsening tool wear/load indicators, which correspond to the original points about overload signs. It also implies potential damage and inspection actions. It omits some specific examples such as deformation, cracking, bending, breakage, and overload/torque-limit alarms, but the core signs are preserved."
306,How can I tell if overstrain is causing slower speed or worse process quality during operation?,da179b1e6d,good,"The AI answer captures several key signs of overstrain from the ground truth, including excessive mechanical load, increased torque, and vibration, and it implies reduced performance. However, it introduces unsupported specifics about a `strain_indicator` and variant-specific thresholds that are not present in the original answer. It also omits some ground-truth indicators such as deformation, accelerated wear/cracking/bending/breakage, and overload or torque-limit alarms. Since the core idea is mostly preserved but with extra ungrounded details and some omissions, it is still semantically close, but the evaluation should hinge on whether the essential answer is conveyed. The key point is that overstrain can be identified by excessive load/torque/vibration and resulting reduced speed or quality; the AI does include that, so it is acceptable."
307,"What symptoms point to excessive vibration, deformation, or mechanical stress in a machine component?",da179b1e6d,good,"The AI answer includes the main symptoms from the ground truth: excessive load/torque/vibration/deformation, reduced speed/poor quality, and cracking/bending/breakage. It omits the specific point about difficulty completing the operation and the overload or torque-limit alarms, but the core meaning is preserved. The added safety recommendation does not contradict the original answer."
308,What kinds of damage should I watch for if a tool or part is being pushed past its limit?,da179b1e6d,good,"The AI answer includes the same key damage indicators as the ground truth: excessive load/torque/vibration/deformation, reduced speed/poor quality/difficulty completing the operation, accelerated wear/cracking/bending/breakage, and mentions overload or torque-limit alarms. The extra phrasing about 'Overstrain Failure' and recommended action is not in the original, but it does not contradict the core answer."
309,"Can overstrain failure trigger alarms, and if so, what warning messages or faults might appear?",da179b1e6d,good,"The AI answer correctly states that overstrain failure can trigger overload or torque-limit alarms, which matches the ground truth. It also references excessive mechanical load/torque and possible tool/component failure. The extra mention of threshold priority is acceptable and does not conflict with the original answer. It omits some ground-truth symptoms like reduced speed or poor process quality, but the key point about alarms and warning messages is present."
310,What usually causes an overstrain failure on the machine or tool?,6fda618d5b,bad,"The AI answer does not match the ground truth. The original answer lists common causes of overstrain failure as overload, worn/damaged tools needing more force, misalignment/jamming/improper feed/unsuitable material, incorrect parameters/tooling selection, and weak or improperly installed components. The AI answer instead introduces an unrelated formula involving a strain_indicator, tool wear, torque, and thresholds, which is not supported by the original answer. It misses the main causes and adds incorrect specifics."
311,"Can a worn or damaged tool lead to overstrain failure, and why does that happen?",6fda618d5b,good,"The AI answer captures the key point that a worn or damaged tool requires greater force and can contribute to overstrain failure. However, it adds an unsupported specific formula and threshold mechanism that are not in the original answer. The core cause is still correctly conveyed, so it is semantically equivalent enough."
312,"How do misalignment, jamming, or wrong feed settings contribute to overstrain failure?",6fda618d5b,good,"The AI answer correctly captures the key point that misalignment, jamming, and wrong feed settings can cause the operating load to exceed the tool or component's rated capacity, leading to overstrain failure. It also aligns with the implied mechanism of increased resistance/force. Extra recommended actions are fine and do not conflict with the ground truth."
313,Could using the wrong operating parameters or tooling be the reason for an overstrain failure?,6fda618d5b,good,"The AI answer correctly states that incorrect operating parameters or tooling can cause overstrain failure by causing loads to exceed rated capacity. It also aligns with the original answer’s point about incorrect tooling selection. The extra recommendations do not contradict the ground truth and are reasonable. It does not explicitly mention all other causes listed, but it answers the asked question accurately and preserves the key point."
314,Which mechanical parts or installation issues can make an overstrain failure more likely?,6fda618d5b,bad,"The ground truth lists several specific causes of overstrain failure, including worn/damaged tools, misalignment, jamming, improper feed, unsuitable work material, incorrect operating parameters/tooling selection, and weak/fatigued/improperly installed components. The AI answer incorrectly says the context does not provide specific issues and therefore misses the key content."
315,What sensor readings usually show up when overstrain failure starts on a machine?,b2d23ef2a6,bad,"The original answer says overstrain failure is usually indicated by rising torque, force, strain, or motor current above baseline, with high load persisting or increasing while speed/output decreases, plus increased vibration/acoustic emission and deteriorating tool-wear/load measurements together. The AI answer only mentions tool wear and torque, and introduces a specific 'strain_indicator' formula and thresholds that are not in the ground truth. It misses most of the key sensor-reading behaviors and is not semantically equivalent."
316,"How can I tell from torque, force, strain, or motor current that the machine is being overstrained?",b2d23ef2a6,good,"The AI answer captures the key point that overstrain is indicated when torque, force, strain, or motor current rise above the normal baseline, and it also includes the associated symptom of decreasing speed or output under increasing load. It adds relevant mention of rising vibration/strain and maintenance actions. It does not mention all original items explicitly (force, acoustic emission, tool-wear indicators), but the core meaning is preserved."
317,What does it mean if load keeps going up while speed or output drops off?,b2d23ef2a6,good,"The AI answer captures the core meaning: load increasing while speed/output drops indicates an overstrain-type condition with torque/force/motor current above normal baseline, and mentions vibration/acoustic emissions as related indicators. It is semantically aligned with the ground truth, though it adds a label and recommended action that are not in the original. The key concept is preserved."
318,Can rising vibration or acoustic emission under load be a sign of overstrain failure?,b2d23ef2a6,good,"The AI answer correctly states that rising vibration or acoustic emission under load can be a sign of overstrain failure. This matches one of the key indicators in the ground truth. Although it adds extra advice about stopping operation and inspection, that does not conflict with the original answer and the core point is preserved."
319,What combination of tool-wear signs and load measurements points to overstrain failure?,b2d23ef2a6,good,"The AI answer captures the key point: overstrain failure is indicated when tool-wear signs and load measurements worsen together. It also correctly mentions rising torque/force/strain/motor current and persistent/increasing load with decreasing speed/output. It adds extra explanatory material, but nothing contradicts the ground truth. It omits vibration/acoustic emission specifically, but the question asks for the combination of signs and measurements pointing to overstrain, and the main relationship is preserved."
320,What should I do first when an overstrain failure shows up during operation?,e9380cebc6,good,"The AI answer conveys the same key actions as the ground truth: stop or reduce load first, inspect for wear/cracks/deformation, check alignment/lubrication/process settings, replace damaged tooling/components, and verify ratings match the operation. It is semantically equivalent, with only minor rewording and no substantive omissions."
321,"How do I check the tool and loaded parts for wear, cracks, deformation, or looseness after an overstrain issue?",e9380cebc6,good,"The AI answer preserves the key instructions from the ground truth: inspect for wear/cracks/deformation/looseness, check alignment/lubrication/clamping, and replace damaged tooling/components. It omits explicit mention of stopping or reducing load per approved procedure, material feed, and verifying equipment/tool ratings, but the core answer to the question is still conveyed sufficiently. The extra explanation does not contradict the original."
322,"What machine settings and conditions should I inspect when overstrain failure happens, like alignment, lubrication, feed, or clamping?",e9380cebc6,good,"The AI answer covers the key inspection items (alignment, lubrication, feed, clamping, process settings) and the response actions to stop/reduce load and replace worn/damaged tooling/components. It also adds a plausible explanation. The only omission is the explicit instruction to verify equipment and tool ratings match the intended operation, but the core answer is otherwise preserved. This is close enough semantically."
323,When should worn or damaged tooling and components be replaced after an overstrain failure?,e9380cebc6,good,"The AI answer preserves the key point that worn or damaged tooling and components should be replaced after an overstrain failure, and it also includes the related actions to stop/reduce load, inspect for damage, and verify ratings. It adds some extra explanation about root cause, but that does not change the meaning. The only minor difference is that the original says to replace damaged or end-of-life tooling and components, while the AI says immediately after an overstrain failure; this is consistent with the intent."
324,How can I verify that the machine and tool ratings are suitable for the job to avoid overstrain failure?,e9380cebc6,good,"The AI answer includes the key idea from the ground truth: verify that equipment and tool ratings match the intended operation, and it also mentions stopping/reducing load and inspecting the tool/components. However, it adds a specific formula and thresholds that are not present in the original answer, which may be unsupported. Since the core guidance is still conveyed, this is acceptable."
325,"When should I stop the machine right away if I suspect overstrain, like cracking, heavy vibration, jamming, deformation, or parts about to break?",fc4efb8a87,good,"The AI answer matches the ground truth on the key instruction to stop immediately when overstrain is suspected, and it includes the main example symptoms. It also preserves the safety steps of keeping personnel clear and isolating energy sources before inspection. It omits the recommendation to escalate repeated overstrain events to maintenance, reliability, and process engineering, but that is an additional detail rather than the core answer. Overall semantically equivalent."
326,What safety steps should I take to keep people clear of stored energy and possible flying fragments during an overstrain issue?,fc4efb8a87,good,"The AI answer matches the ground truth well. It includes the immediate stop condition signs, keeping personnel clear of stored-energy and fragment-ejection zones, isolating mechanical/hydraulic/pneumatic/electrical energy before inspection, and escalating repeated overstrain events to maintenance/engineering. The only minor difference is that it omits the specific term 'reliability' and says 'engineering teams,' but this does not change the core meaning."
327,"Do I need to isolate the mechanical, hydraulic, pneumatic, and electrical energy before checking an overstrain failure?",fc4efb8a87,good,"The AI answer directly states that mechanical, hydraulic, pneumatic, and electrical energy should be isolated before checking an overstrain failure, which matches the key point in the ground truth. It is semantically equivalent, though it omits the additional cautions about stopping immediately, keeping personnel clear, and escalating repeated events. Those omissions do not change the core answer to the question."
328,Who should I notify if the machine keeps having overstrain events?,fc4efb8a87,good,"The AI answer directly matches the key instruction in the ground truth: repeated overstrain events should be escalated to maintenance, reliability, and process engineering. It omits the additional safety precautions, but those are not needed to answer the specific question asked about who to notify."
329,"For overstrain failure, what escalation and safety precautions should the operator follow before inspection?",fc4efb8a87,good,"The AI answer preserves all key points from the ground truth: stop immediately on warning signs, keep personnel clear of stored-energy/fragment-ejection zones, isolate mechanical/hydraulic/pneumatic/electrical energy before inspection, and escalate repeated events to maintenance/reliability/process engineering. It is semantically equivalent."
330,"What signs usually show up when there’s a power failure on the machine, like a sudden stop or it won’t start at all?",3bdafab7ad,good,"The AI answer matches the ground truth on the key symptoms: unexpected loss of power, stoppage, failure to start, unstable/insufficient motor speed or torque, and protection alarms. It also mentions monitoring power levels, which is consistent with unusually high or low power draw, although the specific 3500 W to 9000 W range is extra and not in the original. The core meaning is preserved."
331,How can I tell if the motor is getting unstable speed or not enough torque because of a power issue?,3bdafab7ad,bad,"The AI answer captures the general idea that a power issue can cause unstable speed or insufficient torque, but it adds an unsupported specific power range (3500 W to 9000 W) and focuses on computed power/derivation rather than the original indicators. The original answer lists observable symptoms: unexpected loss of power, stoppage or failure to start, unstable/insufficient speed or torque, protection/alarm activation, and unusual high or low power draw. The AI answer misses several of these key signs and introduces details not present in the ground truth. It is not semantically equivalent enough."
332,"What kind of alarms should I expect during a power failure, such as overload, undervoltage, or overcurrent warnings?",3bdafab7ad,good,"The AI answer includes the key point that electrical protection alarms such as overload, undervoltage, and overcurrent can occur during a power failure. It also mentions unstable or insufficient motor speed/torque, which aligns with the source. However, it adds unsupported specifics about power being outside a safe operating range (under 3500 W or over 9000 W), which are not in the ground truth and may be misleading. Still, the core answer matches the original question."
333,"Could unusual power draw, either too high or too low, be a symptom of the machine losing power?",3bdafab7ad,good,"The AI answer correctly affirms that unusual power draw can be a symptom of the machine losing power, matching the ground truth. However, it adds an unsupported specific power range (3500–9000 W) and recommendations not present in the original answer. These extras do not contradict the core answer, and the main symptom statement is preserved."
334,"When the machine has power failure, what symptoms should I check first before assuming a mechanical fault?",3bdafab7ad,good,"The AI answer preserves all key symptoms from the ground truth: unexpected loss of power/stoppage/failure to start, unstable or insufficient motor speed/torque, protection alarms, and abnormal power draw. It also correctly frames these as signs pointing to an electrical issue rather than a mechanical fault. The extra recommended actions do not contradict the original and are acceptable."
335,What usually causes a power failure on this machine?,fa3303819e,bad,"The AI answer does not convey the actual causes listed in the ground truth. It incorrectly says the context does not specify the causes, while the original answer explicitly lists them: supply/voltage/connection/cable issues, component faults, mechanical overload/binding, incorrect control/configuration, and faulty sensors. This misses the key information, so it is not semantically equivalent."
336,"Could this be from a supply interruption, voltage imbalance, or a loose connection?",fa3303819e,good,"The AI answer includes the exact possibilities asked about: supply interruption, voltage imbalance, and loose connection. It also adds related electrical checks, which are consistent with the ground truth. It does not mention all other possible causes from the original answer, but the question specifically asks about those causes, so the core response is correct and semantically equivalent."
337,"What parts should I check first for a power-failure fault, like the motor, drive, inverter, or breaker?",fa3303819e,good,"The AI answer covers the key first checks for a power-failure fault: cables/connectors, fuses/breakers/contactors, motor, and drive. It also includes supply interruption, loose connection, and damaged cable, which match the ground truth. Although it does not explicitly mention inverter, power-supply fault, mechanical overload, control command/configuration, or sensors, the question asks what parts should be checked first, and the answer addresses the relevant components well enough."
338,"Can mechanical issues like overload, binding, misalignment, or too much friction trigger this failure?",fa3303819e,good,"The AI answer correctly states that mechanical issues such as overload, binding, misalignment, and excessive friction can trigger the failure. This matches one of the listed causes in the ground truth. It adds extra explanatory detail, but does not contradict the original answer."
339,Is a bad control command or a faulty sensor able to cause the power failure alarm?,fa3303819e,good,"The AI answer correctly states that an incorrect control command and a faulty sensor can cause the power failure alarm. This matches the ground truth item list, which includes incorrect control command or drive configuration and faulty voltage/current/torque/speed sensor. The added explanation is not contradictory, so it is semantically equivalent."
340,How can I tell from the sensor data that a power failure is happening on the machine?,ed6de6dd8e,bad,"The AI answer is not semantically equivalent to the ground truth. The original answer describes detecting a power failure through deviations in voltage/current/power/torque/speed patterns, mismatch between commanded and measured speed, current or power rising while speed falls, and sudden voltage loss/fluctuation. The AI answer instead invents fixed numeric thresholds for power (3500 W and 9000 W) and does not mention the key diagnostic relationships or voltage/current/speed pattern changes. This is materially different and potentially misleading."
341,"What kind of voltage, current, or speed pattern usually shows up right before a power failure?",ed6de6dd8e,good,"The AI answer captures the key ground-truth points: deviation from normal load-dependent patterns, current/power rising while speed falls, and sudden voltage loss or fluctuation at the failure event. It also adds plausible extra details without contradicting the original. The only slightly less explicit point is the persistent mismatch between commanded and measured speed, but the answer still conveys the overall pre-failure pattern correctly."
342,"If the commanded speed and the measured speed don't match, could that be a sign of power failure?",ed6de6dd8e,good,"The AI answer correctly states that a persistent mismatch between commanded and measured speed can indicate a power failure-related issue, and it aligns with the ground truth by mentioning overload, mechanical resistance, and electrical issues. It also adds reasonable troubleshooting steps that do not conflict with the original answer. While it is more expanded than the FAQ, it preserves the key point that the mismatch is a relevant sign. "
343,What sensor changes should I look for when current or power goes up but the speed drops?,ed6de6dd8e,good,"The AI answer captures the key point that rising current/power with falling speed suggests overload or mechanical resistance, which matches the ground truth. However, it adds specific categorization as Power Failure (PWF) and recommended actions that are not in the original. The core sensor-change pattern is still conveyed correctly, including the compensatory torque/speed relationship. It does not mention some of the other listed indicators like persistent commanded-vs-measured speed deviation or voltage fluctuation, but the main asked condition is addressed."
344,Can a sudden dip or fluctuation in voltage be used to identify a power failure event?,ed6de6dd8e,good,The AI answer directly addresses the question and preserves the key point from the ground truth: sudden voltage loss or fluctuation coinciding with the failure event can be used to identify a power failure event. The added recommendation about isolating the equipment is extra but not contradictory.
345,What should I check first when I get a power failure alarm on this machine?,54e5187ac9,bad,"The AI answer does not match the ground truth. The original guidance is to first check active alarms and verify electrical supply, then inspect electrical/mechanical components and compare commanded vs measured values. The AI instead focuses on a computed power range of 3500–9000 W, which is not present in the source and omits the key checks. This changes the meaning of the troubleshooting step."
346,How do I tell if the incoming electrical supply is okay during a power failure fault?,54e5187ac9,good,"The AI answer includes the key steps from the ground truth: check active alarms, verify the electrical supply is within the approved range, inspect cables/connectors/fuses/breakers/contactors, and correct faults before resetting protection devices. It adds some general wording and omits specific mentions of motor/drive, commanded vs measured speed/torque/current/power, and driven equipment binding/overload/misalignment, but it still preserves the core guidance relevant to the question about assessing incoming supply during a power failure fault."
347,Which parts should I inspect on the drive side when the machine trips on power failure?,54e5187ac9,good,"The AI answer correctly lists the drive-side parts to inspect: cables, connectors, fuses, breakers, contactors, motor, and drive. It also preserves the instruction to correct faults before resetting protection devices. However, it omits other key ground-truth checks such as active alarms, confirming electrical supply within range, comparing commanded vs. measured speed/torque/current/power, and inspecting driven equipment for binding, overload, or misalignment. Since the question asks which parts to inspect on the drive side, the core list is present and correct, but there is some missing contextual troubleshooting guidance."
348,"How can I compare commanded and actual speed, torque, current, and power to troubleshoot a power failure issue?",54e5187ac9,good,"The AI answer includes the key instruction to compare commanded and actual speed, torque, current, and power, and it also mentions checking alarms, supply, electrical components, and correcting faults before resetting protection devices. It additionally adds plausible diagnostic interpretation. This is semantically aligned with the ground truth."
349,"What mechanical problems like binding, overload, or misalignment can trigger a power failure fault, and what should I fix before resetting?",54e5187ac9,good,"The AI answer captures the key mechanical issues (binding, overload, misalignment) and correctly says to fix the electrical or mechanical fault before resetting. It does not mention the additional diagnostic steps from the ground truth, but it includes the core answer to the question. Therefore it is semantically equivalent."
350,When should I shut the equipment down immediately after a power failure or electrical fault?,78b97cfea6,good,"The AI answer captures the main shutdown triggers: arcing, smoke, burning odor, exposed wiring, and repeated protection trips, and it correctly says the equipment should be isolated. However, it omits other important guidance from the ground truth about only qualified personnel testing energized electrical equipment, applying lockout/tagout, verifying absence of voltage before inspection, and escalating repeated or unexplained power events. Since the question asks when to shut down immediately, the core condition is answered correctly, so it is semantically equivalent for the main point."
351,Who is allowed to test energized electrical equipment during a power failure issue?,78b97cfea6,good,"The AI answer correctly states the key point from the ground truth: only qualified personnel may test energized electrical equipment. It does not include the other safety steps, but the question asks specifically who is allowed, so this is semantically equivalent."
352,What lockout/tagout steps should I follow before opening up the machine after a power event?,78b97cfea6,good,"The AI answer captures the core lockout/tagout guidance: isolate the equipment for hazardous signs, apply LOTO, and verify absence of voltage before opening/inspection. It omits two secondary points from the ground truth: that only qualified personnel should test energized electrical equipment, and that repeated or unexplained power events should be escalated to electrical/maintenance specialists. However, the main actionable LOTO steps are present and correct."
353,How do I check that the equipment is truly de-energized before doing an internal inspection?,78b97cfea6,good,"The AI answer includes the key requirement to apply lockout/tagout and verify absence of voltage before internal inspection. It matches the core instruction from the original answer. It omits the additional guidance about isolating equipment for arcing/smoke/burning odor and escalating repeated power events, but those are supplementary rather than the direct answer to the question."
354,When should a repeated power trip or unexplained outage be escalated to electrical or maintenance support?,78b97cfea6,good,"The AI answer conveys the key point that repeated power trips or unexplained outages should be escalated to electrical and maintenance specialists. It also includes isolating the equipment and following safety procedures before internal inspection, which is consistent with the ground truth. It does not mention every specific hazard or the exact LOTO/qualified-personnel details, but it captures the essential guidance and is semantically equivalent."
