question,llm_answer,original_answer,document
"How can I tell if a tool is approaching wear failure, especially if torque, temperature, and speed still look normal?","What’s happening:  
- This sounds like **Tool Wear Failure**.
- The key clue is **time in service**: tool wear can approach a critical band at **about 200–240 minutes of continuous use**.
- At that point, the tool can fail **even if torque, temperature, and rotational speed still look normal**.

Why this is happening:  
- According to the context, **Tool Wear Failure is time-based, not stress-based**.
- That means **torque and rotational speed are not reliable leading indicators** for this failure mode.
- In other words, the tool can be close to failure **without showing any obvious sensor anomaly**.

Recommended action:  
- **Track `Tool wear [min]` directly** and pay close attention once it enters the **200–240 minute range**.
- Don’t wait for a torque spike or temperature change to warn you — those may **not appear until failure is already underway**.
- If the tool has had long uninterrupted runtime, treat it as a **high-risk wear condition** even when the other readings are normal.","Tool wear time accumulates into a critical band, typically between 200 and 240 minutes of continuous use. Within this band, failure probability rises sharply and can occur without any other sensor anomaly — torque, temperature, and rotational speed may all look nominal right up to the failure event.",299b2d2994
Is there a typical time window where tool wear failure becomes likely during continuous use?,"Yes. The context says tool wear failure becomes likely in a **critical band of about 200 to 240 minutes of continuous use**.

### What’s happening
- As **tool wear time accumulates**, the failure probability rises sharply.
- This failure can happen **without any other sensor anomaly**; **torque, temperature, and rotational speed may all still look normal**.

### Why
- The mechanism is **progressive mechanical degradation of the cutting tool edge**.
- It is a **wear-out, time/usage-driven failure**, not a stress-overload failure.

### Recommended action
- **Flag any unit with tool wear > 200 min for priority inspection**, even if other readings look fine.
- **Schedule tool replacement before 240 min** if the unit is expected to keep running.
- **Do not wait for torque changes** as an early warning, because failure may already be underway by then.

If you want, I can also summarize this as a short maintenance rule for operators.","Tool wear time accumulates into a critical band, typically between 200 and 240 minutes of continuous use. Within this band, failure probability rises sharply and can occur without any other sensor anomaly — torque, temperature, and rotational speed may all look nominal right up to the failure event.",299b2d2994
Can tool wear failure happen without any obvious sensor warning beforehand?,"Yes.

### What’s happening
Tool Wear Failure can occur **without any obvious sensor anomaly beforehand**. The context says that within the critical wear band, failure probability rises sharply and can happen **even when torque, temperature, and rotational speed all look nominal right up to the failure event**.

### Why
The failure mechanism is **progressive mechanical degradation of the cutting tool edge**. It is a **wear-out failure** driven by accumulated tool wear time, not by a sudden load spike. Because of that, **torque and rotational speed are not reliable leading indicators**, and a torque spike may not appear until the failure is already underway.

### Recommended action
- **Monitor `Tool wear [min]` directly**
- **Flag any unit with tool wear > 200 min for priority inspection**
- **Schedule tool replacement before 240 min** if the unit is queued for a long run
- **Do not rely on torque spikes as an early warning**

So, yes: tool wear failure can happen with no clear sensor warning before it occurs.","Tool wear time accumulates into a critical band, typically between 200 and 240 minutes of continuous use. Within this band, failure probability rises sharply and can occur without any other sensor anomaly — torque, temperature, and rotational speed may all look nominal right up to the failure event.",299b2d2994
What signs should I watch for when a tool has been running for around 200 to 240 minutes?,"When a tool has been running for around **200 to 240 minutes**, the main sign to watch for is **tool wear entering the critical risk band**.

### What’s happening
- **Tool wear [min]** is the key indicator.
- In the **200–240 minute range**, the **probability of Tool Wear Failure (TWF) rises sharply**.
- This can happen **even if torque, temperature, and rotational speed look completely normal**.

### Why this matters
- Tool wear is a **time-based failure mode**, not a stress-based one.
- The context says TWF **does not reliably show up in other sensors**.
- So a machine can look fine on torque, temperature, and speed while still being at elevated risk.

### Recommended action
- Treat this as a **priority inspection / proactive replacement signal**.
- **Schedule tool replacement** soon.
- **Do not log it as a confirmed failure** unless there is an actual halt or defect.

If you want, I can also help you distinguish this from other failure modes using the same sensor readings.","Tool wear time accumulates into a critical band, typically between 200 and 240 minutes of continuous use. Within this band, failure probability rises sharply and can occur without any other sensor anomaly — torque, temperature, and rotational speed may all look nominal right up to the failure event.",299b2d2994
Does tool wear failure usually show up as a sudden event even when the machine data looks nominal?,"Yes. Tool Wear Failure can appear as a sudden event even when the machine data looks nominal.

### What’s happening
Tool wear accumulates over time and, once it reaches a critical band, failure probability rises sharply. In that band, the failure can occur **without any other sensor anomaly** — torque, temperature, and rotational speed may all still look normal right up to the failure event.

### Why
The context says Tool Wear Failure is a **wear-out failure**, not a stress-overload failure. Its mechanism is **progressive mechanical degradation of the cutting tool edge** driven by **time/usage**, not by a clear load-related sensor pattern. So the machine can look normal until the worn tool finally fractures or causes process failure.

### Recommended action
- Monitor tool usage time closely, especially around the **200–240 minute** continuous-use band.
- Treat an apparently nominal sensor snapshot as still potentially high risk if tool life is near that range.
- Plan preventive tool replacement based on usage/time, not only on abnormal sensor readings.
- Be prepared for failure to happen suddenly, even without warning signs in torque, temperature, or speed.","Tool wear time accumulates into a critical band, typically between 200 and 240 minutes of continuous use. Within this band, failure probability rises sharply and can occur without any other sensor anomaly — torque, temperature, and rotational speed may all look nominal right up to the failure event.",299b2d2994
What usually causes tool wear failure on a cutting tool?,"Tool wear failure on a cutting tool is usually caused by **progressive mechanical degradation of the cutting edge over time**.

### What’s happening
- The tool edge **wears down gradually** as it is used.
- As wear accumulates, the tool’s ability to cut cleanly degrades.
- Eventually, this can lead to **tool fracture or process failure**.

### Why it happens
- This is a **wear-out failure**, not a stress-overload failure.
- It is **time/usage-driven rather than load-driven**.
- The key indicator is **`Tool wear [min]`**, especially in the **200–240 minute** range, where failure probability rises sharply.

### Recommended action
- **Inspect any unit with tool wear > 200 min** as a priority.
- **Replace the tool before 240 min** if the unit is scheduled for a long run.
- **Do not rely on torque spikes** as an early warning, since torque and rotational speed are not reliable leading indicators for tool wear failure.","Progressive mechanical degradation of the cutting tool edge. As wear accumulates, the tool's ability to cut cleanly degrades, eventually leading to tool fracture or process failure. This is a wear-out failure, not a stress-overload failure — it is time/usage-driven rather than load-driven.",7735d88102
Is tool wear failure more about age and usage than overload?,"Yes. Based on the context, **Tool Wear Failure is primarily about accumulated age/usage, not overload**.

### What’s happening
Tool Wear Failure happens when the cutting tool’s edge **progressively degrades over time**. As **tool wear accumulates**, the tool eventually can’t cut cleanly and may fracture or cause process failure.

### Why
The context explicitly says this is a **wear-out failure, not a stress-overload failure**.  
So it is **time/usage-driven rather than load-driven**.

### Recommended action
- **Monitor `Tool wear [min]` directly**
- **Flag any unit with tool wear > 200 min** for priority inspection
- **Schedule replacement before 240 min** if a long run is expected
- **Do not rely on torque spikes** as an early warning, since torque may stay normal until failure is already underway

","Progressive mechanical degradation of the cutting tool edge. As wear accumulates, the tool's ability to cut cleanly degrades, eventually leading to tool fracture or process failure. This is a wear-out failure, not a stress-overload failure — it is time/usage-driven rather than load-driven.",7735d88102
How does progressive edge wear end up causing tool fracture or process failure?,"**What’s happening:**  
Progressive edge wear slowly degrades the cutting edge. As the wear accumulates, the tool can no longer cut cleanly, and that condition can eventually lead to **tool fracture or process failure**.

**Why it happens:**  
According to the context, this is a **wear-out failure** caused by **progressive mechanical degradation of the cutting tool edge**. It is **time/usage-driven**, not load-driven, so the risk rises with accumulated use even if other indicators look normal.

**Recommended action:**  
- Treat it as a **tool wear failure** and monitor runtime/usage closely.  
- If wear is advanced or fracture risk is suspected, **replace the tool/end-of-life tooling**.  
- Escalate to the **line supervisor for scheduling**.  
- A halt is **not automatically required** unless visual inspection confirms fracture risk.","Progressive mechanical degradation of the cutting tool edge. As wear accumulates, the tool's ability to cut cleanly degrades, eventually leading to tool fracture or process failure. This is a wear-out failure, not a stress-overload failure — it is time/usage-driven rather than load-driven.",7735d88102
What is the main root cause behind a TWF event in predictive maintenance?,"A **TWF event** refers to **Tool Wear Failure**.

### What’s happening
The machine reaches a point where the **cutting tool has worn down over time**, and the tool can no longer cut properly. Failure can occur even if other signals look normal.

### Why it happens
The context says the root cause is:

- **Progressive mechanical degradation of the cutting tool edge**
- It is a **wear-out failure**, meaning it is **time/usage-driven rather than load-driven**
- Tool wear time accumulates into a **critical band, typically 200–240 minutes of continuous use**, where failure probability rises sharply

### Recommended action
- **Monitor tool wear time closely**
- Plan **preventive replacement or maintenance before the critical wear band**
- Do not wait for torque, temperature, or speed anomalies, since those may remain normal right up to failure

If you want, I can also summarize the root causes of the other failure modes in the same format.","Progressive mechanical degradation of the cutting tool edge. As wear accumulates, the tool's ability to cut cleanly degrades, eventually leading to tool fracture or process failure. This is a wear-out failure, not a stress-overload failure — it is time/usage-driven rather than load-driven.",7735d88102
Why do cutting tools fail from wear out instead of sudden stress overload?,"Cutting tools fail from **wear-out** because the failure mode is **time/usage-driven**, not because the tool is suddenly overloaded.

### What’s happening
- The cutting edge undergoes **progressive mechanical degradation**.
- As wear builds up, the tool can no longer cut cleanly.
- Eventually this leads to **process failure or tool fracture**.

### Why this happens
- The context says Tool Wear Failure is a **wear-out failure, not a stress-overload failure**.
- That means the main driver is **cumulative use over time**, even when torque, temperature, and rotational speed look normal.
- In other words, the tool may fail simply because it has been used long enough, not because there was a sudden spike in load.

### Recommended action
- Treat long runtime as a **warning sign**, especially in the **200–240 minute** wear-risk zone.
- **Prioritize inspection** and **schedule tool replacement** before failure occurs.
- Don’t assume a failure has happened just from wear time alone unless there is also an actual halt or defect.","Progressive mechanical degradation of the cutting tool edge. As wear accumulates, the tool's ability to cut cleanly degrades, eventually leading to tool fracture or process failure. This is a wear-out failure, not a stress-overload failure — it is time/usage-driven rather than load-driven.",7735d88102
"What reading range on tool wear usually points to a tool wear failure, and is it a hard cutoff?","A tool wear reading in the **200–240 min range** usually points to **increased risk of Tool Wear Failure**.

- **What’s happening:** the cutting tool edge is progressively degrading, which reduces cutting ability and can eventually lead to fracture or process failure.
- **Why:** this is a **wear-out failure** driven by time/usage accumulation, and the context says the **primary indicator** is `Tool wear [min]` in the **200–240** range.
- **Is it a hard cutoff?** **No.** It is explicitly described as a **probabilistic band, not a deterministic threshold**. A unit in that range may still not have failed.

**Recommended action:**
- **Flag any unit with tool wear > 200 min for priority inspection.**
- **Schedule tool replacement before 240 min** if the unit is expected to keep running.
- **Do not use torque or rotational speed as early warning signs** for tool wear failure.","- Primary indicator: `Tool wear [min]` in the 200–240 range
- Torque and rotational speed are **not** reliable leading indicators for TWF — this is the key diagnostic distinction from OSF and PWF
- No air/process temperature anomaly expected

**False-positive note:** A unit with tool wear in the 200–240 band that has NOT failed is common — this is a probabilistic band, not a deterministic threshold. Do not treat ""in-band"" as ""failed.""",e8a1fe10fc
"If I see torque or spindle speed shifting, can I use that to spot tool wear failure early?","No — for **Tool Wear Failure**, shifts in **torque or spindle speed are not reliable early warning signs**.

### What’s happening
Tool wear is a **wear-out failure**: it comes from **progressive mechanical degradation of the cutting tool edge** over time. The critical risk rises when **tool wear accumulates into the 200–240 minute band**.

### Why
According to the context, **torque and rotational speed may look nominal right up to the failure event**, and **torque/spindle speed are not reliable leading indicators** for Tool Wear Failure. A torque change may appear only when the failure is already underway.

### Recommended action
- **Monitor `Tool wear [min]` directly**
- **Flag any unit above 200 minutes for priority inspection**
- **Schedule replacement before 240 minutes** if the unit is expected to run longer
- **Do not rely on torque spikes or spindle speed shifts as early warning**","- Primary indicator: `Tool wear [min]` in the 200–240 range
- Torque and rotational speed are **not** reliable leading indicators for TWF — this is the key diagnostic distinction from OSF and PWF
- No air/process temperature anomaly expected

**False-positive note:** A unit with tool wear in the 200–240 band that has NOT failed is common — this is a probabilistic band, not a deterministic threshold. Do not treat ""in-band"" as ""failed.""",e8a1fe10fc
Does tool wear failure normally show any weird air or process temperature behavior?,"No — **tool wear failure (TWF) normally does not show weird air or process temperature behavior**.

### What’s happening
The context says the **primary indicator** of TWF is **tool wear in the 200–240 min range**. It also explicitly notes: **“No air/process temperature anomaly expected.”**

### Why
Unlike heat dissipation failure, which depends on a temperature gap and low rotational speed, TWF is identified by **tool wear itself**, and **torque/rotational speed are not reliable leading indicators** for TWF. The provided reference does **not** link TWF to abnormal air temperature or process temperature behavior.

### Recommended action
- Check **Tool wear [min]**, especially whether it is in the **200–240** band.
- Don’t use air temperature or process temperature as the main diagnostic signal for TWF.
- Also note the context warns this is a **probabilistic band**, so being in-range does **not** automatically mean the unit has failed.","- Primary indicator: `Tool wear [min]` in the 200–240 range
- Torque and rotational speed are **not** reliable leading indicators for TWF — this is the key diagnostic distinction from OSF and PWF
- No air/process temperature anomaly expected

**False-positive note:** A unit with tool wear in the 200–240 band that has NOT failed is common — this is a probabilistic band, not a deterministic threshold. Do not treat ""in-band"" as ""failed.""",e8a1fe10fc
Why would a machine still be okay even when the tool wear value is in the 200 to 240 range?,"A machine can still be okay in the **200–240 minute tool wear range** because that range is a **probabilistic risk zone, not a deterministic failure threshold**.

### What’s happening
- `Tool wear [min]` in the **200–240** band is the **primary indicator** of Tool Wear Failure risk.
- But the context explicitly says this band is **common in units that have not failed**.
- So being “in-band” means the machine is **at elevated risk**, not that it has definitely failed.

### Why
- **Tool Wear Failure is time-based, not stress-based.**
- Failure probability rises sharply as wear accumulates, but some machines continue operating normally even in that range.
- Also, **torque, rotational speed, and temperature may still look normal**, so there may be no other warning signs yet.

### Recommended action
- **Flag any unit with tool wear > 200 min for priority inspection.**
- **Schedule tool replacement before 240 min** if the machine is expected to keep running.
- **Do not log it as a failure** unless there is actual evidence of a halt or defect.

In short: the machine may still be okay because the wear value indicates **increased risk**, not certain failure.","- Primary indicator: `Tool wear [min]` in the 200–240 range
- Torque and rotational speed are **not** reliable leading indicators for TWF — this is the key diagnostic distinction from OSF and PWF
- No air/process temperature anomaly expected

**False-positive note:** A unit with tool wear in the 200–240 band that has NOT failed is common — this is a probabilistic band, not a deterministic threshold. Do not treat ""in-band"" as ""failed.""",e8a1fe10fc
What’s the main signal I should watch for tool wear failure instead of relying on torque or speed?,"The main signal to watch is **`Tool wear [min]`** — not torque or rotational speed.

### What’s happening
Tool Wear Failure is a **time/usage-driven wear-out failure**. As the cutting tool’s edge progressively degrades, the risk of failure rises, especially once tool wear accumulates into the **~200–240 minute** range.

### Why
The context says **torque and rotational speed are not reliable leading indicators** for Tool Wear Failure. Unlike torque- or speed-based failures, TWF can occur while torque, temperature, and speed still look normal. The failure mechanism is **progressive mechanical degradation of the cutting tool edge**, so the best indicator is the wear time itself.

### Recommended action
- **Monitor `Tool wear [min]` directly**
- Treat **200–240 minutes** as a **high-risk inspection/replacement window**
- Plan **tool replacement or inspection** before failure occurs
- Don’t wait for a torque spike — it may appear only after failure is already underway","- Primary indicator: `Tool wear [min]` in the 200–240 range
- Torque and rotational speed are **not** reliable leading indicators for TWF — this is the key diagnostic distinction from OSF and PWF
- No air/process temperature anomaly expected

**False-positive note:** A unit with tool wear in the 200–240 band that has NOT failed is common — this is a probabilistic band, not a deterministic threshold. Do not treat ""in-band"" as ""failed.""",e8a1fe10fc
What should I do with a unit once tool wear goes over 200 minutes?,"Once tool wear goes over 200 minutes, treat the unit as being in the **tool wear failure risk zone**.

### What’s happening
Tool wear is a **time-based failure mode**. In the **200–240 minute** range, failure probability rises sharply, even if torque, temperature, and rotational speed still look normal.

### Why
The context says the **primary indicator** of Tool Wear Failure is `Tool wear [min]` in the **200–240 range**, and that this is a **probabilistic risk zone**, not a guaranteed failure threshold. It also says torque and rotational speed are **not reliable early warnings**.

### Recommended action
- **Flag the unit for priority inspection** once tool wear is **> 200 min**
- **Schedule tool replacement before 240 min** if the unit is headed into a long run
- **Do not mark it as failed** unless there is actual evidence of a halt or defect

","1. Flag any unit with tool wear > 200 min for priority inspection queue, regardless of other readings.
2. Schedule tool replacement before reaching 240 min if the unit is queued for a long run.
3. Do not rely on torque spikes as an early warning — by the time torque changes, failure may already be underway.",157781c070
"If a machine is due for a long production run, when should I replace the tool before it gets risky?","If the machine is due for a long production run, **replace the tool before tool wear reaches 240 minutes**.

### What’s happening
This is a **Tool Wear Failure (TWF)** risk. Tool wear is **time-based**, so a machine can look normal on torque, temperature, and speed while still getting close to failure.

### Why
The context says tool wear failure risk rises sharply in the **roughly 200–240 minute** range, even without other warning signs. For long uninterrupted runs, this is the pattern to watch.

### Recommended action
- **Flag any unit with tool wear > 200 min for priority inspection**
- **Schedule tool replacement before 240 min if the unit is queued for a long run**
- **Do not wait for torque spikes** as an early warning, because they may appear too late

So, for a long production run, the safe approach is to **plan replacement before 240 minutes, and ideally start treating the unit as high priority once it passes 200 minutes**.","1. Flag any unit with tool wear > 200 min for priority inspection queue, regardless of other readings.
2. Schedule tool replacement before reaching 240 min if the unit is queued for a long run.
3. Do not rely on torque spikes as an early warning — by the time torque changes, failure may already be underway.",157781c070
"Can I use torque spikes as an early sign of tool wear failure, or is that too late to trust?","Short answer: **No, torque spikes are too late to trust as an early warning for Tool Wear Failure.**

### What’s happening
Tool Wear Failure is a **wear-out, time/usage-driven failure**. The tool’s condition degrades as **Tool wear [min]** accumulates, and failure risk rises sharply in the **~200 to 240 min** range.

### Why
The context says **torque and rotational speed are not reliable leading indicators** for Tool Wear Failure. In fact, **torque changes may not appear until failure is already underway**. The key diagnostic is to watch **Tool wear [min] directly**, not to wait for a torque spike.

### Recommended action
- **Flag any unit with tool wear > 200 min** for priority inspection.
- **Schedule tool replacement before 240 min** if the unit is queued for a long run.
- **Do not rely on torque spikes** as an early warning for Tool Wear Failure.

If you want, I can also help distinguish Tool Wear Failure from Overstrain Failure, since torque matters differently there.","1. Flag any unit with tool wear > 200 min for priority inspection queue, regardless of other readings.
2. Schedule tool replacement before reaching 240 min if the unit is queued for a long run.
3. Do not rely on torque spikes as an early warning — by the time torque changes, failure may already be underway.",157781c070
"When tool wear is above 200 min, does it need priority inspection even if other readings look normal?","Yes.

### What’s happening
If `Tool wear [min]` is above 200 minutes, the unit is in the critical tool-wear band where failure risk rises sharply, even if torque, temperature, and rotational speed look normal.

### Why
The context says Tool Wear Failure is **time-based**, not stress-based. It can occur **without any other sensor anomaly**, and torque/speed are **not reliable leading indicators**. The recommended action explicitly says to **flag any unit with tool wear > 200 min for priority inspection, regardless of other readings**.

### Recommended action
- **Prioritize inspection immediately** for any unit with tool wear > 200 min.
- **Do not wait for other abnormal readings**.
- If the unit is queued for a long run, **schedule tool replacement before 240 min**.","1. Flag any unit with tool wear > 200 min for priority inspection queue, regardless of other readings.
2. Schedule tool replacement before reaching 240 min if the unit is queued for a long run.
3. Do not rely on torque spikes as an early warning — by the time torque changes, failure may already be underway.",157781c070
What is the best maintenance action to prevent tool wear failure from catching us by surprise?,"**What’s happening:**  
Tool wear is accumulating over time, and once `Tool wear [min]` gets into the **200–240 minute** range, the chance of failure rises sharply. The failure can happen with **no obvious torque, speed, or temperature warning**.

**Why this happens:**  
Tool Wear Failure is a **wear-out failure** caused by **progressive mechanical degradation of the cutting tool edge**. The context says **torque and rotational speed are not reliable leading indicators**, so waiting for a torque spike can mean the failure is already underway.

**Best maintenance action to prevent being caught by surprise:**  
1. **Monitor `Tool wear [min]` directly** rather than relying on torque.  
2. **Flag any unit over 200 min for priority inspection.**  
3. If the unit is scheduled for a long run, **replace the tool before 240 min**.  
4. **Do not use torque spikes as an early warning.**

If you want, I can turn this into a one-line maintenance rule or a checklist for operators.","1. Flag any unit with tool wear > 200 min for priority inspection queue, regardless of other readings.
2. Schedule tool replacement before reaching 240 min if the unit is queued for a long run.
3. Do not rely on torque spikes as an early warning — by the time torque changes, failure may already be underway.",157781c070
"Is Tool Wear Failure usually a safety problem, or is it more of a quality and downtime issue?","Tool Wear Failure is **usually more of a quality and downtime issue than an acute safety problem**.

### What’s happening
- Tool Wear Failure (TWF) is a **wear-out failure** caused by **progressive mechanical degradation of the cutting tool edge**.
- As wear accumulates, the tool cuts less cleanly and can eventually lead to **tool fracture or process failure**.

### Why
- The context says TWF is **typically a quality/downtime issue rather than an acute safety hazard**.
- It is **time/usage-driven**, not a stress-overload failure.
- Torque and rotational speed are **not reliable early warning indicators** for TWF, so you should not expect a torque spike to be the main sign.

### Recommended action
- **Escalate to the line supervisor for scheduling**.
- **Do not automatically halt** unless **tool fracture risk is confirmed by visual inspection**.
- For monitoring, check **Tool wear [min] directly** rather than relying on torque readings.",TWF is typically a quality/downtime issue rather than an acute safety hazard. Escalate to line supervisor for scheduling; halt is not automatically required unless tool fracture risk is confirmed by visual inspection.,70791c7ac7
"When we see signs of TWF, should the machine be stopped right away or can it keep running?","**What’s happening:**  
Signs of **Tool Wear Failure (TWF)** mean the tool has likely entered the **critical wear band**.

**Why:**  
According to the context, tool wear accumulates into a critical band, typically **between 200 and 240 minutes of continuous use**. In this band, the **failure probability rises sharply** and the failure can happen **without any other sensor anomaly** — torque, temperature, and rotational speed may all still look normal right up to the event.

**Recommended action:**  
The context does **not explicitly say** whether the machine must be stopped immediately or can keep running. However, because the failure risk rises sharply in that wear band and can occur suddenly with normal sensor readings, it would be prudent to **treat it as high risk and plan to stop or service the machine as soon as possible** rather than continue running indefinitely.",TWF is typically a quality/downtime issue rather than an acute safety hazard. Escalate to line supervisor for scheduling; halt is not automatically required unless tool fracture risk is confirmed by visual inspection.,70791c7ac7
"Who should I report a Tool Wear Failure to on the line, and what’s the normal escalation path?","For a **Tool Wear Failure (TWF)** on the line:

### Who to report it to
- **Line supervisor** for **scheduling and escalation**
- If the case is being handled through normal triage and it is **low/medium severity**, it can go to the **standard maintenance queue**

### Normal escalation path
- **High-severity incidents** → **line supervisor immediately**
- **Low/medium severity incidents** → **standard maintenance queue**
- **Halt is not automatically required** for TWF unless **tool fracture risk is confirmed by visual inspection**

### What’s happening and why
- TWF is a **progressive wear-out failure**: the cutting tool edge degrades over time and usage.
- It is **typically a quality/downtime issue rather than an acute safety hazard**.
- Because it is **time/usage-driven**, it may not show up in torque, temperature, or speed readings.

### Recommended action
- **Escalate to the line supervisor** to arrange inspection and replacement scheduling.
- **Do not treat it as an automatic stop** unless **visual inspection confirms fracture risk**.
- If writing an incident report, include:
  1. The condition and measured values vs. threshold
  2. Severity and response window
  3. The corrective action from the failure-mode document
  4. Whether immediate halt is required per Halt Criteria

If you want, I can also format this as a short incident-report entry.",TWF is typically a quality/downtime issue rather than an acute safety hazard. Escalate to line supervisor for scheduling; halt is not automatically required unless tool fracture risk is confirmed by visual inspection.,70791c7ac7
"Do we only need to halt production if there’s actual risk of the tool breaking, or for any wear issue?","No — you do **not** halt production for every wear issue.

### What’s happening
Tool Wear Failure (TWF) is described as **typically a quality/downtime issue rather than an acute safety hazard**. It is also a **low–medium severity / next-window** issue.

### Why
The context says a halt is **not automatically required** for TWF **unless tool fracture risk is confirmed by visual inspection**. Also, the general SOP says to halt only if one of the specific halt criteria is met:
- computed power > 9000 W
- `tool_wear × torque` exceeds the variant threshold by more than 10%
- two or more failure conditions are happening at the same time

Otherwise, the unit should be **flagged for inspection at the next scheduled maintenance window** rather than stopped immediately.

### Recommended action
- **If it’s just wear:** escalate to the **line supervisor** and schedule inspection/replacement.
- **If actual fracture risk is confirmed visually:** treat it as a reason to **halt**.
- **If none of the halt criteria are met:** do **not** stop production; inspect at the next maintenance window.",TWF is typically a quality/downtime issue rather than an acute safety hazard. Escalate to line supervisor for scheduling; halt is not automatically required unless tool fracture risk is confirmed by visual inspection.,70791c7ac7
What should the operator do after spotting tool wear so the right people can schedule the next step?,"What’s happening: the tool wear has likely entered the risk zone where failure becomes more likely, especially once it is above 200 minutes of continuous use.

Why: the context says tool wear is a wear-out failure caused by **progressive mechanical degradation of the cutting tool edge**. As wear accumulates, the tool’s cutting ability degrades, which can eventually lead to tool fracture or process failure. The 200–240 minute band is a probabilistic risk zone, not an automatic failure.

Recommended action: **flag the unit for the priority inspection queue** and **schedule tool replacement before 240 minutes** if it is going to run for a long time. Do not wait for torque spikes as a warning.",TWF is typically a quality/downtime issue rather than an acute safety hazard. Escalate to line supervisor for scheduling; halt is not automatically required unless tool fracture risk is confirmed by visual inspection.,70791c7ac7
What symptoms usually show up when heat dissipation failure happens during low-speed operation?,"When heat dissipation failure happens during low-speed operation, the usual symptoms are:

### What’s happening
- **Machine or process temperature becomes abnormally high**
- **Cooling performance is weaker than expected**
- **Temperature keeps rising during sustained or heavy operation**
- The machine may **derate**, **trigger a temperature alarm**, or **shut down**

### Why it happens
- At **low rotational speed**, airflow and mechanical agitation drop, so **convective heat transfer is reduced**.
- If the **process temperature and air temperature are already close together** (small thermal gradient), there isn’t enough driving force to remove heat.
- In the context, HDF is identified by the **combined condition**:
  - `Process temperature − Air temperature < 8.6 K`
  - `Rotational speed < 1380 rpm`

### Recommended action
- Check for the **joint condition** of **small temperature gap + low speed**, not speed alone.
- Inspect for possible **coolant or airflow system issues upstream**.
- Raise a **maintenance ticket** if the low thermal gradient at low speed persists, even before a failure is triggered.","- Abnormally high machine or process temperature.
- Cooling performance is weaker than expected.
- Temperature rises during sustained or heavy operation.
- The machine may derate, trigger a temperature alarm, or shut down.",ae1dcf3957
How can I tell if the process is in heat dissipation failure just from temperature and air temperature readings?,"You can **partly** tell from the temperature readings, but **not from temperature alone**.

### What to check
Compute:

- **temp_diff = Process temperature − Air temperature**

Heat Dissipation Failure is indicated when:

- **temp_diff < 8.6 K**
- **and** **Rotational speed < 1380 rpm**

### What’s happening
This failure mode happens when the process **cannot shed heat effectively during low-speed operation**. At low rotational speed, airflow and mechanical agitation are reduced, so heat is not carried away well. If the **process temperature and air temperature are already close together**, there is too little thermal gradient to remove heat, so heat builds up.

### Why temperature readings alone are not enough
A small gap between process and air temperature can be a warning sign, but **it does not confirm Heat Dissipation Failure by itself**. The context says this is a **combined-condition failure mode**: the temperature gap must be small **and** speed must be low.

### Recommended action
- Check whether **rotational speed is below 1380 rpm**
- Compute **process temperature − air temperature**
- If both conditions are met, treat it as a likely Heat Dissipation Failure risk
- Investigate cooling performance, since weak cooling can cause overheating, alarms, derating, or shutdown

If you want, I can help you turn this into a simple rule or formula for your monitoring system.","- Abnormally high machine or process temperature.
- Cooling performance is weaker than expected.
- Temperature rises during sustained or heavy operation.
- The machine may derate, trigger a temperature alarm, or shut down.",ae1dcf3957
"Does low rotational speed by itself mean HDF is happening, or do I need the temperature gap too?","No — **low rotational speed by itself does not mean Heat Dissipation Failure (HDF)**.

### What’s happening
HDF is a **combined-condition failure mode**. It is flagged only when **both** are true at the same time:
- `Rotational speed < 1380 rpm`
- `Process temperature − Air temperature < 8.6 K`

### Why
The context says low speed alone is **not dangerous** and that many low-speed runs are safe. The reason HDF happens is that **low rotational speed reduces heat dissipation**, and if the **temperature gap is also small**, there isn’t enough thermal gradient to carry heat away effectively. So the **gap and the speed together** are what matter.

### Recommended action
- **Do not diagnose HDF from rotational speed alone.**
- Compute `temp_diff = Process temperature − Air temperature`.
- Check whether **both** `temp_diff < 8.6 K` **and** `Rotational speed < 1380 rpm` occur simultaneously.
- If only low speed is present, that **does not confirm HDF**.","- Abnormally high machine or process temperature.
- Cooling performance is weaker than expected.
- Temperature rises during sustained or heavy operation.
- The machine may derate, trigger a temperature alarm, or shut down.",ae1dcf3957
What exact temperature difference and rpm limits define heat dissipation failure in this process?,"Heat dissipation failure is defined by these **two conditions occurring together**:

1. **Temperature difference:**  
   `Process temperature [K] − Air temperature [K] < 8.6 K`

2. **Speed limit:**  
   `Rotational speed [rpm] < 1380`

### What’s happening
The process is unable to shed heat effectively during **low-speed operation**, so heat accumulates and the temperature rises.

### Why it happens
At low rotational speed, airflow and mechanical agitation drop, which reduces convective heat transfer. If the process temperature is already close to the air temperature, there isn’t enough thermal gradient to drive heat away.

### Recommended action
Check **both** the temperature gap and rotational speed together, since neither condition alone confirms heat dissipation failure.","- Abnormally high machine or process temperature.
- Cooling performance is weaker than expected.
- Temperature rises during sustained or heavy operation.
- The machine may derate, trigger a temperature alarm, or shut down.",ae1dcf3957
When should I suspect HDF instead of just a normal cooling issue on the machine?,"You should suspect **Heat Dissipation Failure (HDF)** rather than a normal cooling issue when the temperature behavior is **abnormal, persistent, or out of proportion to the cooling system status**.

### What’s happening
HDF is indicated when:
- **Process or component temperature trends upward beyond its normal operating baseline**
- The **temperature difference between the machine/process and its cooling medium becomes abnormal**
- **Temperature stays elevated even after load is reduced**
- Cooling indicators like **fan speed, flow, or pressure are low or unstable**

### Why this suggests HDF
From the context, the mechanism is that the machine is **not dissipating heat effectively**, so:
- Temperatures rise during sustained or heavy operation
- Cooling performance is weaker than expected
- The machine may **derate, alarm, or shut down**

That means it’s more than just “the machine is warm” — it’s a sign that the **heat removal process itself is failing**.

### When to suspect it instead of a normal cooling issue
Suspect HDF if you see:
- A **rising temperature trend** above baseline
- An **abnormal machine-to-cooling-medium temperature gap**
- Temperature **remaining high after load is reduced**
- Weak or unstable cooling-system signals such as **low fan speed, low flow, or unstable pressure**

### Recommended action
- **Verify the temperature reading** with a trusted instrument when safe
- **Inspect and clean** filters, vents, fans, cooling fins, and heat exchangers
- Check **coolant level, flow, pressure, leakage, and condition**
- **Reduce machine load** and allow controlled cooling per procedure
- **Repair or replace** defective cooling components and recalibrate faulty sensors
- If relevant, monitor **`temp_diff`** as a derived feature and, if the unit is running below **1380 rpm** for an extended period, actively check the temperature gradient rather than assuming low speed is safe","- Abnormally high machine or process temperature.
- Cooling performance is weaker than expected.
- Temperature rises during sustained or heavy operation.
- The machine may derate, trigger a temperature alarm, or shut down.",ae1dcf3957
What usually causes Heat Dissipation Failure when the spindle is running slowly?,"Heat Dissipation Failure usually happens because:

### What’s happening
The spindle is running at low rotational speed, and the machine is overheating because heat is not being removed effectively.

### Why it happens
From the context, the key mechanism is:

- **Low rotational speed** means **less airflow and mechanical agitation**
- That reduces **convective heat transfer**
- If **process temperature and air temperature are already close together** — specifically when  
  `Process temperature − Air temperature < 8.6 K`  
  — there is **not enough thermal gradient** to push heat away
- As a result, **heat accumulates locally**

### Relevant condition
This failure mode is defined by **both**:
- `Rotational speed [rpm] < 1380`
- `Process temperature [K] − Air temperature [K] < 8.6 K`

### Recommended action
- Monitor the **temperature difference** (`temp_diff`), not just raw temperatures
- If the unit runs **below 1380 rpm for an extended period**, check the thermal gradient
- Consider **forced cooling** or **increasing rotational speed** if both conditions are trending toward the threshold
- A sustained low thermal gradient at low speed may also indicate an **upstream coolant or airflow issue**, so it may be worth opening a maintenance ticket","- Blocked vents, dirty filters, or restricted airflow.
- Failed or degraded cooling fan, pump, heat exchanger, or coolant circuit.
- Low, contaminated, or leaking coolant or lubricant.
- Excessive process load, friction, or prolonged low-airflow operation.
- Faulty or poorly calibrated temperature sensor.",b2a1fbed0a
Why does cooling get worse if the process and ambient temperatures are already very close?,"When the process and ambient temperatures are already very close, cooling gets worse because there is **not enough thermal gradient** to drive heat away.

### What’s happening
The process heat is being generated, but the surrounding air is almost the same temperature as the process, so the system cannot easily transfer that heat out. As a result, heat accumulates locally.

### Why this happens
From the context, Heat Dissipation Failure occurs when:
- **Airflow and mechanical agitation drop at low rotational speed**, reducing convective heat transfer.
- If **Process temperature − Air temperature < 8.6 K**, the **thermal driving force is too small** to dissipate heat effectively.

So even if the machine is running, the cooling effect is weak because the temperature difference between the process and the ambient air is too small.

### Recommended action
- Check whether **rotational speed is low** and whether the **process–air temperature gap is small**.
- Inspect and clean **filters, vents, fans, cooling fins, and heat exchangers**.
- Check **coolant level, flow, pressure, leakage, and condition**.
- **Reduce machine load** and allow controlled cooling per procedure.
- Verify the temperature reading with a trusted instrument if safe, and repair or replace faulty cooling components if needed.","- Blocked vents, dirty filters, or restricted airflow.
- Failed or degraded cooling fan, pump, heat exchanger, or coolant circuit.
- Low, contaminated, or leaking coolant or lubricant.
- Excessive process load, friction, or prolonged low-airflow operation.
- Faulty or poorly calibrated temperature sensor.",b2a1fbed0a
How do low rotational speed and weak airflow lead to heat building up around the tool and workpiece?,"At low rotational speed, the tool creates less airflow and mechanical agitation around the tool/workpiece. That reduces convective heat transfer, so heat is not carried away as effectively.

If the process temperature is also close to the ambient air temperature, there is a small thermal gradient, which means there is not enough driving force to dissipate the process heat. As a result, heat accumulates locally around the tool and workpiece.

Recommended action: check for low speed together with poor airflow/low thermal gradient, and inspect the cooling path for issues such as blocked vents, dirty filters, failed fans/pumps/heat exchangers, or coolant/lubricant problems. A maintenance ticket is warranted if the condition persists.","- Blocked vents, dirty filters, or restricted airflow.
- Failed or degraded cooling fan, pump, heat exchanger, or coolant circuit.
- Low, contaminated, or leaking coolant or lubricant.
- Excessive process load, friction, or prolonged low-airflow operation.
- Faulty or poorly calibrated temperature sensor.",b2a1fbed0a
What makes convective heat transfer too weak to remove process heat in a small thermal gradient situation?,"Convective heat transfer is too weak because **low rotational speed reduces airflow and mechanical agitation**, which means heat is not carried away effectively from the tool/workpiece.

In the small thermal gradient situation, the problem is made worse because **the process temperature and ambient air temperature are already close together**. With a small gap (`Process temperature − Air temperature < 8.6 K`), there is **not enough thermal driving force** to push the heat out, so heat accumulates locally.

### What’s happening
- The equipment is running at **low speed**
- **Airflow and agitation drop**
- Heat removal by convection becomes weak
- If the temperature difference is also small, the system cannot dissipate process heat effectively

### Why this happens
From the context:  
- **Low rotational speed** reduces convective cooling effectiveness  
- A **small thermal gradient** means there is insufficient thermal driving force for heat dissipation  
- Together, these conditions create **Heat Dissipation Failure**

### Recommended action
- Check whether **both** conditions are present:
  - `Rotational speed [rpm] < 1380`
  - `Process temperature [K] − Air temperature [K] < 8.6 K`
- Monitor the **temperature difference** as a derived feature
- If low speed persists and the temperature gap is trending small, consider:
  - **forced cooling**
  - **increasing rotational speed**
- Sustained low thermal gradient at low speed may also warrant a **maintenance ticket** to inspect airflow or coolant system issues","- Blocked vents, dirty filters, or restricted airflow.
- Failed or degraded cooling fan, pump, heat exchanger, or coolant circuit.
- Low, contaminated, or leaking coolant or lubricant.
- Excessive process load, friction, or prolonged low-airflow operation.
- Faulty or poorly calibrated temperature sensor.",b2a1fbed0a
"In a heat dissipation failure, why can local heat keep accumulating instead of being carried away?","Local heat can keep accumulating because the process is **not shedding heat effectively**:

- At **low rotational speed**, airflow and mechanical agitation drop.
- That reduces **convective heat transfer**, so less heat is carried away.
- If **process temperature and air temperature are already close** (`Process temperature − Air temperature < 8.6 K`), there is **too little thermal gradient** to drive heat out.

So the heat produced by the process has nowhere to go, and it **builds up locally** instead of being removed.

**Recommended action:**
- Check whether **rotational speed is low** (`< 1380 rpm`) and whether the **temperature gap is small**.
- Inspect for possible upstream cooling issues such as **blocked vents, dirty filters, restricted airflow, failed fan/pump/heat exchanger, or low/leaking coolant**.
- If the condition persists, create a **maintenance ticket** even if a full failure has not yet occurred.","- Blocked vents, dirty filters, or restricted airflow.
- Failed or degraded cooling fan, pump, heat exchanger, or coolant circuit.
- Low, contaminated, or leaking coolant or lubricant.
- Excessive process load, friction, or prolonged low-airflow operation.
- Faulty or poorly calibrated temperature sensor.",b2a1fbed0a
How do I spot the sensor pattern for heat dissipation failure in this machine?,"Here’s the sensor pattern for **Heat Dissipation Failure**:

### What’s happening
You’ll typically see:
- **Process or component temperature trending upward** beyond its normal baseline
- An **abnormal temperature difference** between the machine/process and the cooling medium
- **Temperature staying elevated even after load is reduced**
- Possible signs that **cooling-system status, fan speed, flow, or pressure are low or unstable**

### Why it happens
The context says this failure occurs when **two conditions happen together**:
1. **Process temperature − Air temperature < 8.6 K**
2. **Rotational speed < 1380 rpm**

The mechanism is:
- At **low rotational speed**, airflow and mechanical agitation drop
- That reduces **convective heat transfer**
- If the process and ambient temperatures are already close, there is **not enough thermal gradient** to carry heat away
- Heat then **accumulates locally**

### Recommended action
- Check whether **both** conditions are present together:
  - **Rotational speed < 1380 rpm**
  - **Process temperature − Air temperature < 8.6 K**
- Inspect the cooling side for issues suggested by the sensor pattern:
  - fan speed
  - flow
  - pressure
  - overall cooling-system status
- If temperatures are rising or staying high, treat it as a heat-dissipation problem rather than a temperature issue alone

If you want, I can turn this into a simple **rule/checklist** for monitoring alerts.","- Process or component temperature trends upward beyond its normal operating baseline.
- The temperature difference between the machine/process and its cooling medium becomes abnormal.
- Temperature remains elevated after load is reduced.
- Cooling-system status, fan speed, flow, or pressure may be low or unstable.",a4415efbd0
What should I calculate from process temperature and air temperature to detect HDF early?,"Calculate the **temperature gap**:

**`temp_diff = Process temperature − Air temperature`**

Why: Heat Dissipation Failure (HDF) happens when the equipment cannot shed heat effectively. The context says the key mechanism is a **small thermal gradient**—specifically when **`temp_diff < 8.6 K`**—especially together with **low rotational speed (`< 1380 rpm`)**.

Recommended action:
- Compute and monitor `temp_diff` continuously.
- Treat **`temp_diff < 8.6 K` AND rotational speed < 1380 rpm** as the early warning condition for HDF.
- Don’t rely on the raw temperatures alone; the **difference between them** is the important signal.","- Process or component temperature trends upward beyond its normal operating baseline.
- The temperature difference between the machine/process and its cooling medium becomes abnormal.
- Temperature remains elevated after load is reduced.
- Cooling-system status, fan speed, flow, or pressure may be low or unstable.",a4415efbd0
"Is low rotational speed alone enough to call a heat dissipation failure, or do I need another condition too?","No. **Low rotational speed alone is not enough** to call a Heat Dissipation Failure.

## What’s happening
Heat Dissipation Failure (HDF) is a **combined-condition** failure mode. It only applies when **both** of these are true at the same time:

- **Process temperature − Air temperature < 8.6 K**
- **Rotational speed < 1380 rpm**

So low RPM by itself is **not sufficient**.

## Why
At low rotational speed, airflow and mechanical agitation drop, which reduces convective heat transfer. But HDF is only diagnosed when that low-speed condition happens **together with** a **small thermal gradient** between process and air. Without that small temperature gap, low speed alone does not indicate HDF.

## Recommended action
- **Do not diagnose HDF from rotational speed alone.**
- Compute the temperature difference:  
  **temp_diff = Process temperature − Air temperature**
- Check whether **temp_diff < 8.6 K** and **rotational speed < 1380 rpm** occur simultaneously.
- If both are present, HDF is indicated.
- If only low speed is present, it may still be normal operation.

If you want, I can also help you turn this into a simple decision rule or checklist.","- Process or component temperature trends upward beyond its normal operating baseline.
- The temperature difference between the machine/process and its cooling medium becomes abnormal.
- Temperature remains elevated after load is reduced.
- Cooling-system status, fan speed, flow, or pressure may be low or unstable.",a4415efbd0
Which values or combination of readings usually point to heat dissipation failure risk?,"Heat dissipation failure risk is usually indicated by this **combination of readings**:

- **Process temperature − Air temperature < 8.6 K**
- **Rotational speed < 1380 rpm**

### What’s happening
The process is likely not shedding heat effectively, so heat accumulates locally.

### Why
At **low rotational speed**, airflow and mechanical agitation drop, which reduces convective heat transfer. If the **temperature gap** between the process and the air is already small, there isn’t enough thermal driving force to move heat away from the process.

### Recommended action
- Monitor the **temperature difference** (`Process temperature − Air temperature`) together with **rotational speed**
- Watch for both conditions occurring at the same time
- Consider a maintenance ticket if this pattern is sustained, as it can indicate upstream **coolant or airflow issues**","- Process or component temperature trends upward beyond its normal operating baseline.
- The temperature difference between the machine/process and its cooling medium becomes abnormal.
- Temperature remains elevated after load is reduced.
- Cooling-system status, fan speed, flow, or pressure may be low or unstable.",a4415efbd0
Why can the temperatures look normal even when the machine is heading toward heat dissipation failure?,"The temperatures can still look normal because **the raw air and process temperatures may each stay within a normal range**, while the real warning sign is the **small gap between them**.

### What’s happening
Heat Dissipation Failure is indicated by a **small temperature difference**:
- `temp_diff = Process temperature − Air temperature`
- Risk rises when `temp_diff < 8.6 K` **and** `Rotational speed < 1380 rpm`

So even if both temperatures look acceptable on their own, the **relationship between them** can show that the machine is losing its ability to dump heat.

### Why this happens
From the context:
- At **low rotational speed**, airflow and mechanical agitation drop.
- That reduces **convective heat transfer**.
- If process and ambient temperatures are already close together, there is **insufficient thermal driving force** to move heat away.
- Heat then **accumulates locally**.

In short: **normal-looking temperatures can hide a failing cooling condition because the gap and speed matter more than either temperature alone.**

### Recommended action
- Compute and monitor `temp_diff = Process temperature − Air temperature`
- Watch for:
  - `temp_diff < 8.6 K`
  - `Rotational speed < 1380 rpm`
- Treat the **combination** as the early warning sign, not the raw temperature readings by themselves.
- Also track whether temperature stays elevated, and check cooling-system status, fan speed, flow, or pressure if available.","- Process or component temperature trends upward beyond its normal operating baseline.
- The temperature difference between the machine/process and its cooling medium becomes abnormal.
- Temperature remains elevated after load is reduced.
- Cooling-system status, fan speed, flow, or pressure may be low or unstable.",a4415efbd0
What should I do when a unit is showing heat dissipation failure and the temperature keeps trending up?,"What’s happening:
- This matches a **Heat Dissipation Failure** pattern.
- The unit is likely **not shedding heat effectively**, so the process temperature keeps rising.

Why this happens:
- The context says HDF occurs when **both** conditions are present:
  - `Process temperature [K] − Air temperature [K] < 8.6 K`
  - `Rotational speed [rpm] < 1380`
- Mechanistically, **low rotational speed reduces airflow and mechanical agitation**, which lowers convective heat transfer.
- If the **temperature gap is already small**, there isn’t enough thermal gradient to push heat out, so heat accumulates.

Recommended action:
1. **Check both conditions together**, not just the raw temperature:
   - Monitor `temp_diff` as a derived feature.
   - Verify whether rotational speed is below **1380 rpm** and whether the temperature gap is below **8.6 K**.
2. **If the unit has been running below 1380 rpm for an extended period**, actively inspect the temperature gradient.
3. If both factors are trending toward the threshold, **consider forced cooling or increasing rotational speed**.

If you want, I can also turn this into a short operator checklist.","- Verify the temperature reading with a trusted instrument when safe to do so.
- Inspect and clean filters, vents, fans, cooling fins, and heat exchangers.
- Check coolant level, flow, pressure, leakage, and condition.
- Reduce machine load and allow controlled cooling according to the operating procedure.
- Repair or replace defective cooling components and recalibrate faulty sensors.",c98d530bd3
Should I monitor a derived temperature difference feature instead of only looking at raw temperature readings for HDF?,"Yes — for HDF, you should monitor the derived temperature gap feature, not just the raw temperatures.

### What’s happening
Heat Dissipation Failure is signaled by the **difference between Process temperature and Air temperature**, not necessarily by either raw value alone. The key feature is:

- `temp_diff = Process temperature − Air temperature`

You should watch for:

- `temp_diff < 8.6 K`
- **and** `Rotational speed < 1380 rpm`
- at the same time

### Why this matters
The context says that **air temperature and process temperature can each look “normal” individually**, while the **gap between them** is what actually indicates HDF risk. It also states that HDF is not correctly diagnosed from raw sensor values alone; derived features should be computed first.

### Recommended action
- **Compute and monitor `temp_diff` as a first-class feature**
- **Use it together with rotational speed**
- Do **not** rely on raw temperature readings alone for HDF screening
- Treat a low `temp_diff` plus low rotational speed as the early warning pattern for HDF

If you want, I can also turn this into a simple rule or alert condition.","- Verify the temperature reading with a trusted instrument when safe to do so.
- Inspect and clean filters, vents, fans, cooling fins, and heat exchangers.
- Check coolant level, flow, pressure, leakage, and condition.
- Reduce machine load and allow controlled cooling according to the operating procedure.
- Repair or replace defective cooling components and recalibrate faulty sensors.",c98d530bd3
"If a machine stays below 1380 rpm for a long time, do I need to check the temperature gradient more closely?","Yes — **if the machine is below 1380 rpm for an extended period, you should actively check the temperature gradient more closely**.

### What’s happening
Low rotational speed can contribute to **Heat Dissipation Failure (HDF)**, but **low RPM alone is not enough** to diagnose it. The risky pattern is:

- **Rotational speed < 1380 rpm**
- **Temperature gradient is small**: `Process temperature − Air temperature < 8.6 K`

### Why
At low speed, airflow and mechanical agitation drop, so heat is carried away less effectively. If the process temperature and air temperature are already too close, there isn’t enough thermal gradient to remove heat, and heat can accumulate.

### Recommended action
- **Check the temperature difference (`temp_diff`) alongside RPM**, not RPM alone.
- If the unit is **running below 1380 rpm for a long time**, monitor the gradient more closely.
- Consider **forced cooling** or **increasing rotational speed** if both conditions are trending toward the threshold.","- Verify the temperature reading with a trusted instrument when safe to do so.
- Inspect and clean filters, vents, fans, cooling fins, and heat exchangers.
- Check coolant level, flow, pressure, leakage, and condition.
- Reduce machine load and allow controlled cooling according to the operating procedure.
- Repair or replace defective cooling components and recalibrate faulty sensors.",c98d530bd3
"Is low rotational speed always safe in heat dissipation failure cases, or should I verify cooling conditions too?","No — low rotational speed by itself is **not always unsafe** in heat dissipation failure cases.

### What’s happening
Heat Dissipation Failure (HDF) is a **combined-condition** fault:
- **Rotational speed < 1380 rpm**
- **Temperature difference (`Process temperature − Air temperature`) < 8.6 K**

The context says **neither condition alone is sufficient**. So low RPM only becomes a concern when it occurs together with a **small temperature gradient**, meaning the machine is not shedding heat effectively.

### Why
The mechanism is that HDF happens when the process cannot dump heat effectively during low-speed operation. The context also warns that:
- Low RPM alone is often safe
- Diagnosing HDF from speed alone is a common misdiagnosis
- You should check the **joint condition**, not either factor in isolation

### Recommended action
You should **verify cooling conditions too**, not assume low speed is safe.

Specifically:
- Check the **temperature gradient** (`temp_diff`)
- Inspect and clean **filters, vents, fans, cooling fins, and heat exchangers**
- Check **coolant level, flow, pressure, leakage, and condition**
- Verify temperature with a trusted instrument when safe
- If both low RPM and poor temperature gradient are trending toward the threshold, consider **forced cooling** or **increasing rotational speed** according to operating procedure

So the answer is: **low RPM alone is not enough to indicate danger; always verify cooling conditions and the temperature gradient.**","- Verify the temperature reading with a trusted instrument when safe to do so.
- Inspect and clean filters, vents, fans, cooling fins, and heat exchangers.
- Check coolant level, flow, pressure, leakage, and condition.
- Reduce machine load and allow controlled cooling according to the operating procedure.
- Repair or replace defective cooling components and recalibrate faulty sensors.",c98d530bd3
"When both low speed and temperature trend are moving toward the limit, is forced cooling or higher rpm the better fix?","When both are trending toward the limit, the context recommends **either forced cooling or increasing rotational speed**.

### What’s happening
This is the **Heat Dissipation Failure** mode: the machine is losing its ability to shed heat effectively. The risk appears when:

- `temp_diff = Process temperature − Air temperature` gets too small, and
- `Rotational speed < 1380 rpm`

together at the same time.

### Why
The mechanism in the context is that **low speed alone is not the problem**. The failure occurs when **low rotational speed combines with an abnormal cooling temperature gradient**. In other words, the machine can’t dissipate heat properly under that joint condition.

### Recommended action
The context says to:

- **Consider forced cooling or increasing rotational speed** if both conditions are trending toward the threshold simultaneously.

So, based on the context, **both are valid fixes**; it does **not** say one is universally better than the other.","- Verify the temperature reading with a trusted instrument when safe to do so.
- Inspect and clean filters, vents, fans, cooling fins, and heat exchangers.
- Check coolant level, flow, pressure, leakage, and condition.
- Reduce machine load and allow controlled cooling according to the operating procedure.
- Repair or replace defective cooling components and recalibrate faulty sensors.",c98d530bd3
How can I tell if a sustained low thermal gradient at low speed is pointing to an upstream coolant or airflow problem?,"A sustained low thermal gradient at low speed can be an early warning that the heat is not being removed properly **upstream**—most likely a coolant or airflow issue.

### What’s happening
When the machine is running at low rotational speed and the temperature difference stays small, heat can start to build up locally instead of being carried away.

### Why this points upstream
The context says sustained low thermal gradient at low speed can indicate **coolant or airflow system issues upstream**. Relevant root causes include:
- blocked vents, dirty filters, or restricted airflow
- failed or degraded cooling fan, pump, heat exchanger, or coolant circuit
- low, contaminated, or leaking coolant or lubricant

At low speed, airflow and mechanical agitation drop, so convective heat transfer is reduced. If the process and ambient temperatures are already close together, there is not enough thermal driving force to dissipate heat, so heat accumulates.

### Recommended action
- Treat it as an **early maintenance issue**, even if no failure has triggered yet.
- Open a maintenance ticket to inspect:
  - vents and filters
  - fan, pump, heat exchanger, and coolant circuit
  - coolant/lubricant level, contamination, and leaks
- Also verify the temperature sensor if readings seem inconsistent.

If you want, I can turn this into a short field checklist for technicians.","- Stop the machine if temperature exceeds its approved limit or smoke, odor, leakage, or rapid heating occurs.
- Do not open a pressurized or hot cooling system until it is isolated and cooled.
- Apply lockout/tagout before accessing fans, pumps, or internal components.
- Escalate recurring overheating to maintenance and process engineering.",1fa2bd4467
Should I open a maintenance ticket if the machine has a low thermal gradient at low speed but hasn’t actually failed yet?,"Yes — a maintenance ticket is warranted.

### What’s happening
A **sustained low thermal gradient at low speed** can be an **early indicator of Heat Dissipation Failure (HDF)**, even before a full failure is triggered.

### Why
The context says HDF occurs when **low rotational speed** and a **small temperature gradient** happen together:
- **Rotational speed < 1380 rpm**
- **Temperature difference < 8.6 K**

At low speed, airflow and mechanical agitation drop, which reduces convective heat transfer. If the temperature gap is already small, there isn’t enough thermal driving force to remove heat, so heat accumulates locally.

### Recommended action
- **Open a maintenance ticket**
- Have the coolant/airflow system checked, since the low thermal gradient at low speed may indicate an upstream issue
- Don’t rely on speed alone; confirm the **joint condition** of low speed plus small temperature gradient

So even if the machine hasn’t failed yet, the pattern is worth escalation.","- Stop the machine if temperature exceeds its approved limit or smoke, odor, leakage, or rapid heating occurs.
- Do not open a pressurized or hot cooling system until it is isolated and cooled.
- Apply lockout/tagout before accessing fans, pumps, or internal components.
- Escalate recurring overheating to maintenance and process engineering.",1fa2bd4467
Is low thermal gradient during slow operation an early warning for heat dissipation issues?,"Yes. A sustained low thermal gradient during slow operation can be an early warning for heat dissipation issues.

### What’s happening
Heat Dissipation Failure occurs when:
- **Rotational speed is low**: `Rotational speed [rpm] < 1380`
- **Thermal gradient is small**: `Process temperature [K] − Air temperature [K] < 8.6 K`

When both happen together, the system may not shed heat effectively and heat can accumulate locally.

### Why this matters
At low speed, **airflow and mechanical agitation drop**, which reduces convective heat transfer. If the process temperature is already close to ambient air temperature, there is **not enough thermal driving force** to move heat away. The context also notes that a **sustained low thermal gradient at low speed can be an early indicator of coolant or airflow system issues upstream**.

### Recommended action
- Treat it as a **maintenance ticket-worthy warning**, even if a failure has not yet triggered.
- Check for:
  - blocked vents or dirty filters
  - restricted airflow
  - failed/degraded fan, pump, heat exchanger, or coolant circuit
  - low, contaminated, or leaking coolant/lubricant
  - faulty or poorly calibrated temperature sensor

If you want, I can turn this into a short operator alert or a maintenance checklist.","- Stop the machine if temperature exceeds its approved limit or smoke, odor, leakage, or rapid heating occurs.
- Do not open a pressurized or hot cooling system until it is isolated and cooled.
- Apply lockout/tagout before accessing fans, pumps, or internal components.
- Escalate recurring overheating to maintenance and process engineering.",1fa2bd4467
What upstream systems should I check first when I see a sustained low thermal gradient at low speed?,"What’s happening:
- A **sustained low thermal gradient at low speed** can be an early sign of a **Heat Dissipation Failure** pattern.
- The context says this can point to **coolant or airflow system issues upstream**.

Why:
- At low rotational speed, **airflow and mechanical agitation drop**, so **convective heat transfer decreases**.
- If the **process temperature and ambient air temperature are too close together** — specifically a small thermal gradient (`Process temperature − Air temperature < 8.6 K`) — there isn’t enough driving force to remove heat, so heat builds up locally.

Recommended action:
- **Check upstream coolant and airflow systems first**.
- Create a **maintenance ticket** even if the failure has not yet triggered.
- Also verify the **joint condition** of:
  - `Rotational speed [rpm] < 1380`
  - `temp_diff < 8.6 K`

Low speed alone is not enough to diagnose the issue; it’s the combination of **low speed plus small thermal gradient** that matters.","- Stop the machine if temperature exceeds its approved limit or smoke, odor, leakage, or rapid heating occurs.
- Do not open a pressurized or hot cooling system until it is isolated and cooled.
- Apply lockout/tagout before accessing fans, pumps, or internal components.
- Escalate recurring overheating to maintenance and process engineering.",1fa2bd4467
"How serious is it when the thermal gradient stays low at low speed, and what’s the next step?","If the thermal gradient stays low **at low speed**, that fits the **Heat Dissipation Failure (HDF)** pattern and is **worth attention**.

### What’s happening
HDF occurs when:
- **Rotational speed < 1380 rpm**
- **Temperature difference < 8.6 K**

together at the same time.

### Why it matters
At low speed, airflow and mechanical agitation drop, so heat is not carried away as effectively. If the process and ambient temperatures are already close together, there is **not enough thermal driving force** to dissipate the heat, so it can build up locally.

### How serious is it?
A **sustained low thermal gradient at low speed** can be an **early indicator of coolant or airflow system issues upstream**, even if a failure has not yet been triggered.

### Recommended next step
Create a **maintenance ticket** and check the **coolant or airflow system**. Also, don’t diagnose based on speed alone — confirm the **joint condition** of low speed and low temperature gradient.","- Stop the machine if temperature exceeds its approved limit or smoke, odor, leakage, or rapid heating occurs.
- Do not open a pressurized or hot cooling system until it is isolated and cooled.
- Apply lockout/tagout before accessing fans, pumps, or internal components.
- Escalate recurring overheating to maintenance and process engineering.",1fa2bd4467
What signs should I look for if the machine is getting underpowered during the cut?,"If the machine is getting **underpowered during the cut**, look for these signs:

### What’s happening
- The machine’s **mechanical power is falling below 3500 W**.
- This means **torque is too low relative to the current rotational speed**, so the cut may not complete properly.

### Signs to look for
- **Motor feels weak or underpowered during the cut**
- **Incomplete or stalled process**
- **Unexpected loss of power or machine stoppage**
- **Failure to start**
- **Motor speed or torque appears unstable or insufficient for the commanded load**
- The machine may draw **unusually low power**

### Why this happens
- Power is **not measured directly**; it is computed as:

  `Power [W] = Torque [Nm] × Rotational speed [rpm] × (2π / 60)`

- A torque reading can look acceptable on its own, but if rotational speed is part of the calculation, the resulting **computed power** can still fall below the safe limit.
- Power Failure is triggered when **Power < 3500 W**.

### Recommended action
- **Check the computed power value**, not torque alone.
- Compare the derived power against the threshold:
  - **Below 3500 W** = underpowered
- If underpowered, inspect whether torque and speed are sufficient for the load and whether any power-related alarms or stoppages are occurring.","Power failure is triggered when the mechanical power delivered to the process falls outside a safe operating band — either too low (insufficient power to complete the cut) or too high (overpowering the process).

Failure occurs when:
- `Power < 3500 W` (underpowered — torque too low relative to speed, risk of incomplete/stalled process), or
- `Power > 9000 W` (overpowered — excessive torque relative to speed, risk of mechanical overload)",3bdafab7ac
At what power level does a power failure start because the output is too low?,"A power failure starts when the computed power is **below 3500 W**.

### What’s happening
The machine is **underpowered**, meaning the delivered mechanical power is too low to complete the process.

### Why
The context says power failure occurs when computed power falls outside the safe operating band:

- **Power < 3500 W** → underpowered, torque too low relative to speed, risk of incomplete or stalled process
- **Power > 9000 W** → overpowered

Power is computed as:

**Power = Torque × Rotational speed**

So the failure is triggered by the **derived power value**, not torque or speed alone.

### Recommended action
- **Compute the power feature from torque and rotational speed**
- Check whether it is **below 3500 W**
- Do **not** judge torque or speed in isolation
- If power is below the threshold, investigate why the machine is underpowered and whether the process is stalling or incomplete","Power failure is triggered when the mechanical power delivered to the process falls outside a safe operating band — either too low (insufficient power to complete the cut) or too high (overpowering the process).

Failure occurs when:
- `Power < 3500 W` (underpowered — torque too low relative to speed, risk of incomplete/stalled process), or
- `Power > 9000 W` (overpowered — excessive torque relative to speed, risk of mechanical overload)",3bdafab7ac
How can I tell if the process is being overloaded by too much mechanical power?,"If the process is being overloaded by too much mechanical power, it is a **Power Failure** condition.

### What’s happening
The process is considered overloaded when the **computed mechanical power exceeds 9000 W**.

### Why this happens
According to the context, power is a **derived value**, not a directly measured one:

\[
Power [W] = Torque [Nm] \times Rotational\ speed [rpm] \times (2\pi / 60)
\]

An overload occurs when the combination of **torque and rotational speed** produces too much power. The context specifically says this is the **“overpowered”** case, with risk of **mechanical overload**.

### What to look for
Relevant signs include:
- **Power > 9000 W**
- **Current or power rises while speed falls**, which suggests overload or mechanical resistance
- Deviation in **voltage, current, power, torque, or rotational speed** from the normal load-dependent pattern

### Recommended action
- **Compute and monitor power directly** in the dashboard rather than relying on torque or speed alone.
- If power trends toward or beyond **9000 W**, **adjust torque or speed setpoints** before the limit is reached.
- If power is outside the safe band without a clear setpoint change, **investigate drive/motor calibration**.","Power failure is triggered when the mechanical power delivered to the process falls outside a safe operating band — either too low (insufficient power to complete the cut) or too high (overpowering the process).

Failure occurs when:
- `Power < 3500 W` (underpowered — torque too low relative to speed, risk of incomplete/stalled process), or
- `Power > 9000 W` (overpowered — excessive torque relative to speed, risk of mechanical overload)",3bdafab7ac
What’s the upper power limit where the machine moves into a power failure condition?,"The machine moves into a **power failure condition when computed power exceeds 9000 W**.

### What’s happening
- The process power is outside the safe operating band.
- For the upper limit, this means the machine is **overpowered**.

### Why
- Power is calculated as:

  `Power [W] = Torque [Nm] × Rotational speed [rad/s]`

  or, if speed is in rpm:

  `Power [W] = Torque [Nm] × Rotational speed [rpm] × (2π / 60)`

- According to the context, **failure occurs when Power > 9000 W**, which indicates excessive torque relative to speed and a risk of mechanical overload.

### Recommended action
- **Monitor computed power directly** as a derived feature.
- If power trends toward **9000 W**, **adjust torque or speed setpoints** before it crosses the limit.
- Investigate **drive/motor calibration** if the power drifts outside the safe band without a clear setpoint change.","Power failure is triggered when the mechanical power delivered to the process falls outside a safe operating band — either too low (insufficient power to complete the cut) or too high (overpowering the process).

Failure occurs when:
- `Power < 3500 W` (underpowered — torque too low relative to speed, risk of incomplete/stalled process), or
- `Power > 9000 W` (overpowered — excessive torque relative to speed, risk of mechanical overload)",3bdafab7ac
Why would a power failure happen when torque and speed are no longer in a safe range?,"What’s happening: the machine’s **computed power** is outside the safe operating band.

Why this happens: **power is derived from torque and rotational speed**, not checked separately. A compensatory pattern like **very high torque with very low speed** or **very high speed with very low torque** can push the calculated power out of range even if each individual reading seems acceptable. The failure triggers when:

- **Power < 3500 W** → underpowered
- **Power > 9000 W** → overpowered

Relevant mechanism:  
`Power [W] = Torque [Nm] × Rotational speed [rpm] × (2π / 60)`

Recommended action: **compute and evaluate power directly**, rather than judging torque and speed in isolation. If power is outside **3500–9000 W**, investigate the torque/speed combination causing the out-of-band value.","Power failure is triggered when the mechanical power delivered to the process falls outside a safe operating band — either too low (insufficient power to complete the cut) or too high (overpowering the process).

Failure occurs when:
- `Power < 3500 W` (underpowered — torque too low relative to speed, risk of incomplete/stalled process), or
- `Power > 9000 W` (overpowered — excessive torque relative to speed, risk of mechanical overload)",3bdafab7ac
"What usually causes a power failure alarm on this machine, and how is power actually calculated?","A **Power Failure alarm** usually means the machine’s **computed mechanical power** has moved outside the safe range:

- **Too low:** `Power < 3500 W` → underpowered, which can cause incomplete cutting or stalling.
- **Too high:** `Power > 9000 W` → overpowered, which can indicate excessive load and risk of mechanical overload.

### What’s happening
The machine is either:
- not delivering enough power to the process, or
- delivering too much power for the current operating condition.

### Why it happens
From the context, **power is not directly measured**. It is calculated from torque and rotational speed:

`Power [W] = Torque [Nm] × Rotational speed [rad/s]`

Since speed is usually recorded in rpm, the practical form is:

`Power [W] = Torque [Nm] × Rotational speed [rpm] × (2π / 60)`

So the alarm is triggered when this **derived power value** falls outside the allowed band, not from torque or speed alone.

### Recommended action
- **Monitor power as its own derived metric**, rather than checking torque and speed separately.
- If power is **below 3500 W**, look for insufficient torque or low speed under load.
- If power is **above 9000 W**, look for excessive load or conditions causing overload.
- Check for related symptoms such as unstable torque/speed, machine stoppage, or electrical protection alarms.

If you want, I can also turn this into a short troubleshooting checklist.","Power is a derived quantity, not a directly measured sensor value:

```
Power [W] = Torque [Nm] × Rotational speed [rad/s]
          = Torque [Nm] × Rotational speed [rpm] × (2π / 60)
```",fa3303819f
Why does the system show a power failure even though there’s no direct power sensor reading?,"What’s happening:
- The system is flagging **Power Failure** because the **computed power** is outside the safe range, even though there is **no direct power sensor**.

Why:
- **Power is not measured directly**; it is **derived** from torque and rotational speed:
  - `Power [W] = Torque [Nm] × Rotational speed [rad/s]`
  - or `Power [W] = Torque [Nm] × Rotational speed [rpm] × (2π / 60)`
- A torque or speed reading may look normal on its own, but their **product** can still fall **below 3500 W** or **above 9000 W**.
- The classic issue is a **compensatory pattern**: very high torque with very low speed, or very low torque with high speed, can push the derived power out of band.

Recommended action:
1. **Compute and monitor derived power directly** from torque and rotational speed.
2. Check whether the calculated power is:
   - **< 3500 W**: underpowered
   - **> 9000 W**: overpowered
3. Do not evaluate torque or speed in isolation.
4. If power is drifting toward a limit, **adjust torque or speed setpoints** before failure occurs.
5. If the power value is out of band without an obvious setpoint change, **investigate drive/motor calibration**.","Power is a derived quantity, not a directly measured sensor value:

```
Power [W] = Torque [Nm] × Rotational speed [rad/s]
          = Torque [Nm] × Rotational speed [rpm] × (2π / 60)
```",fa3303819f
How do torque and rotational speed combine to give the power value in this fault case?,"Torque and rotational speed are combined multiplicatively to calculate power:

**Power [W] = Torque [Nm] × Rotational speed [rpm] × (2π / 60)**

### What’s happening
In this fault case, the motor is considered underpowered when the **computed mechanical power falls below 3500 W**. That can happen even if torque or speed looks acceptable on its own.

### Why
Power is **not measured directly**. It is derived from the product of torque and rotational speed. So:
- **high torque + low speed**, or
- **low torque + high speed**

can still produce a power value outside the safe range.

### Recommended action
Don’t assess torque or speed in isolation. **Compute the power value and check whether it is within the 3500–9000 W band**. If it is below 3500 W, that indicates an underpowered Power Failure condition.","Power is a derived quantity, not a directly measured sensor value:

```
Power [W] = Torque [Nm] × Rotational speed [rad/s]
          = Torque [Nm] × Rotational speed [rpm] × (2π / 60)
```",fa3303819f
Can you explain the formula used to derive power from torque and rpm during a power failure check?,"Yes.

## Formula used
During the power failure check, power is **derived** from torque and rotational speed:

\[
\text{Power [W]} = \text{Torque [Nm]} \times \text{Rotational speed [rad/s]}
\]

Because speed is usually recorded in **rpm**, it is converted like this:

\[
\text{Power [W]} = \text{Torque [Nm]} \times \text{Rotational speed [rpm]} \times \left(\frac{2\pi}{60}\right)
\]

## What’s happening
The system computes a single **power** value from torque and speed, then checks whether it is outside the safe band:

- **Below 3500 W** → underpowered
- **Above 9000 W** → overpowered

## Why this matters
The context says power is **not measured directly**; it is a **derived metric**. That means torque or speed can look normal by themselves, but their product can still be out of range. The key mechanism is the **combined effect** of torque and rotational speed, not either one alone.

## Recommended action
- Always evaluate the **computed power** value, not torque or speed in isolation.
- Check whether it falls between **3500 W and 9000 W**.
- If it is outside that band, treat it as a **Power Failure** condition.","Power is a derived quantity, not a directly measured sensor value:

```
Power [W] = Torque [Nm] × Rotational speed [rad/s]
          = Torque [Nm] × Rotational speed [rpm] × (2π / 60)
```",fa3303819f
"If I’m troubleshooting a PWF fault, what should I know about where the power value comes from?","For a **PWF (Power Failure)** fault, the **power value is not measured directly**. It is a **derived value** calculated from:

- **Power [W] = Torque [Nm] × Rotational speed [rad/s]**
- In rpm form: **Power [W] = Torque [Nm] × Rotational speed [rpm] × (2π / 60)**

### What’s happening
The controller computes **power from torque and speed together**. A reading that looks normal for **torque** or **speed** by itself can still produce an **out-of-range power** value.

### Why this matters
The context specifically says:
- **Do not evaluate torque or speed in isolation**
- A “normal” torque or speed reading can still create a bad power value
- The classic PWF signature is **compensatory behavior**:  
  - very high torque with very low speed, or  
  - very low torque with very high speed

Also, PWF is triggered when the computed power falls **below 3500 W** or rises **above 9000 W**.

### Recommended action
- **Check the derived power value**, not just torque and speed separately
- Compare **commanded vs. measured** speed, torque, current, and power
- Check active alarms and confirm the electrical supply is within range
- Inspect cables, connectors, fuses, breakers, contactors, motor, and drive
- Inspect the driven equipment for binding, overload, or misalignment
- Correct the electrical or mechanical fault before resetting protection devices

If you want, I can also help you interpret a specific torque/speed pair to see whether it would likely trigger PWF.","Power is a derived quantity, not a directly measured sensor value:

```
Power [W] = Torque [Nm] × Rotational speed [rad/s]
          = Torque [Nm] × Rotational speed [rpm] × (2π / 60)
```",fa3303819f
How do I spot a power failure from the sensor data without getting fooled by normal-looking torque or speed readings?,"### What’s happening
A power failure can hide behind torque or rotational speed values that look normal on their own. The key is to watch the **derived power** value, not torque or speed separately.

### Why this happens
Power is calculated from both torque and rotational speed:

\[
Power = Torque \times Rotational\ speed
\]

(or, if speed is in rpm: `Torque × speed × (2π / 60)`)

Because power depends on the **product** of the two, a seemingly normal torque with a low speed, or a normal speed with a high torque, can still produce an **out-of-band power** reading. The classic signature is a **compensatory pattern**:
- very high torque + very low speed, or
- very high speed + very low torque

Power Failure is triggered when computed power falls **below 3500 W** or rises **above 9000 W**.

### Recommended action
- **Compute and monitor the derived power feature**
- **Do not diagnose from torque or speed in isolation**
- Check for the compensatory pattern of **high torque with low speed** or **high speed with low torque**
- Also look for:
  - voltage/current/power deviating from the normal load-dependent pattern
  - commanded speed persistently differing from measured speed
  - current or power rising while speed falls
  - sudden voltage loss or fluctuation around the event

If you want, I can turn this into a simple rule/checklist for an alerting system.","- Compute the derived `power` feature from torque and rotational speed; do not evaluate torque or speed in isolation
- A torque or rotational speed reading that looks ""normal"" in isolation can still produce an out-of-band power value — always check the product, not the individual factors
- Look for compensatory patterns: very high torque with very low speed (or vice versa) is the classic PWF signature

**Common misdiagnosis:** Torque or rotational speed alone appearing ""in range"" does not rule out PWF — always check the computed power value.",ed6de6dd8d
"What sensor pattern usually points to a power failure, especially when torque and rotational speed seem to offset each other?","A power failure is usually indicated by a **compensatory torque/speed pattern**:

- **Very high torque with very low rotational speed**, or
- **Very high rotational speed with very low torque**

### What’s happening
The machine may look “normal” on torque or speed alone, but the **computed power** goes out of range.

### Why this points to power failure
Power is a **derived metric**, not a direct sensor reading:

\[
Power = Torque \times Rotational\ speed
\]

In the context, power failure is triggered when the computed power falls **below 3500 W** or rises **above 9000 W**. So an extreme value in one direction can be offset by the other, creating a misleadingly balanced-looking sensor pattern while the actual power is abnormal.

### Recommended action
- **Do not evaluate torque or rotational speed in isolation**
- **Compute power from torque and rotational speed**
- Check whether the result is outside the **3500–9000 W** band
- Also watch for:
  - commanded speed vs. measured speed mismatch
  - current or power rising while speed falls
  - voltage loss or fluctuation

In short: **the classic power-failure signature is an offsetting torque/speed pair that drives computed power out of range.**","- Compute the derived `power` feature from torque and rotational speed; do not evaluate torque or speed in isolation
- A torque or rotational speed reading that looks ""normal"" in isolation can still produce an out-of-band power value — always check the product, not the individual factors
- Look for compensatory patterns: very high torque with very low speed (or vice versa) is the classic PWF signature

**Common misdiagnosis:** Torque or rotational speed alone appearing ""in range"" does not rule out PWF — always check the computed power value.",ed6de6dd8d
"Should I check torque and speed separately, or is there a derived power value I need to watch for power failure detection?","You should **watch the derived power value**, not just torque and speed separately.

### What’s happening
Power Failure is based on the **computed mechanical power**:
\[
Power [W] = Torque [Nm] \times Rotational\ speed [rad/s]
\]
or, if speed is in rpm:
\[
Power [W] = Torque [Nm] \times Rotational\ speed [rpm] \times \frac{2\pi}{60}
\]

### Why
The context says power is **not directly measured** and that **torque or speed can look normal on their own while the combined power is out of range**. The classic failure signature is a compensating pattern like:
- **very high torque with very low speed**, or
- **very low torque with very high speed**

Power Failure triggers when the derived power falls:
- **below 3500 W** → underpowered
- **above 9000 W** → overpowered

### Recommended action
- **Compute and monitor power as its own derived metric**
- **Do not evaluate torque and speed in isolation**
- If power approaches either limit, **adjust torque or speed setpoints**
- If power drifts outside the band without a setpoint change, **investigate drive/motor calibration**

So: **check the derived power value first; torque and speed alone are not enough.**","- Compute the derived `power` feature from torque and rotational speed; do not evaluate torque or speed in isolation
- A torque or rotational speed reading that looks ""normal"" in isolation can still produce an out-of-band power value — always check the product, not the individual factors
- Look for compensatory patterns: very high torque with very low speed (or vice versa) is the classic PWF signature

**Common misdiagnosis:** Torque or rotational speed alone appearing ""in range"" does not rule out PWF — always check the computed power value.",ed6de6dd8d
Can power failure still be present if torque or rotational speed looks in range on its own?,"Yes.

**What’s happening**
- Power Failure can still be present even if **torque** or **rotational speed** looks normal by itself.
- The important value is the **computed power**, not either sensor alone.

**Why**
- Power is derived as:

  `Power [W] = Torque [Nm] × Rotational speed [rpm] × (2π / 60)`

- A value that looks in range in isolation can still combine with the other variable to produce a power value **outside the safe 3500–9000 W band**.
- The classic signature is a **compensatory pattern**:
  - very high torque with very low speed, or
  - very high speed with very low torque

**Recommended action**
- **Do not diagnose from torque or speed separately.**
- **Calculate and check the derived power value** and see whether it is below **3500 W** or above **9000 W**.
- Treat “normal-looking” torque or speed as insufficient to rule out Power Failure.","- Compute the derived `power` feature from torque and rotational speed; do not evaluate torque or speed in isolation
- A torque or rotational speed reading that looks ""normal"" in isolation can still produce an out-of-band power value — always check the product, not the individual factors
- Look for compensatory patterns: very high torque with very low speed (or vice versa) is the classic PWF signature

**Common misdiagnosis:** Torque or rotational speed alone appearing ""in range"" does not rule out PWF — always check the computed power value.",ed6de6dd8d
What’s the usual signature of PWF in the readings when one signal is high and the other is low?,"The usual PWF signature is a **compensatory mismatch** in the readings:

- **Very high torque with very low rotational speed**, or
- **Very high rotational speed with very low torque**

Why: PWF is tied to the **computed power**  
`Power = Torque × Rotational speed × (2π/60)`  
So even if one signal looks normal, an extreme opposite pattern can push the **derived power** outside the safe **3500–9000 W** band.

Recommended action:
- **Do not judge torque or speed in isolation**
- **Compute and check the derived power**
- If power is out of band, treat it as a PWF condition and route according to severity rules","- Compute the derived `power` feature from torque and rotational speed; do not evaluate torque or speed in isolation
- A torque or rotational speed reading that looks ""normal"" in isolation can still produce an out-of-band power value — always check the product, not the individual factors
- Look for compensatory patterns: very high torque with very low speed (or vice versa) is the classic PWF signature

**Common misdiagnosis:** Torque or rotational speed alone appearing ""in range"" does not rule out PWF — always check the computed power value.",ed6de6dd8d
What should I do when a power failure condition starts trending toward the low or high limit in the process?,"When a **power failure** condition starts trending toward the low or high limit, it means the process power is drifting toward the unsafe operating band boundary:

- **Low limit:** below **3500 W** (underpowered)
- **High limit:** above **9000 W** (overpowered)

### Why this matters
Power failure happens when the **mechanical power delivered to the process** falls outside the safe band. The context notes that this can occur even if torque or speed alone does not look alarming, because the combined relationship matters:

- `Power = Torque × Rotational speed × (2π/60)`

So an extreme torque/speed combination can push power out of range.

### What to do
1. **Monitor computed power directly** in real time; do not rely only on torque and speed separately.
2. **If power trends toward either boundary (3500 W or 9000 W), adjust torque or speed setpoints before it reaches the limit.**
3. **If power drifts outside the band without an obvious setpoint change, investigate drive/motor calibration.**

In short: **watch the derived power value closely and correct torque/speed setpoints early to keep it inside 3500–9000 W.**","1. Compute and monitor `power` as a first-class derived feature in any real-time dashboard — do not rely on operators reading torque and speed separately.
2. If power trends toward either boundary (3500 W or 9000 W), adjust torque or speed setpoints before the process reaches the limit.
3. Investigate drive/motor calibration if power drifts outside band without an obvious setpoint change.",54e5187ac8
How can I use power monitoring in a real-time dashboard to catch a power failure early?,"Use **power** as a **derived, real-time dashboard feature** rather than watching torque and speed separately.

### What’s happening
Power failure happens when the mechanical power delivered to the process leaves the safe band:

- **Too low:** `Power < 3500 W`  
  - Underpowered
  - Risk: incomplete or stalled process
- **Too high:** `Power > 9000 W`  
  - Overpowered
  - Risk: mechanical overload

### Why this works
Power is not directly measured; it is computed from torque and rotational speed:

\[
Power [W] = Torque [Nm] \times Rotational\ speed [rad/s]
\]

or

\[
Power [W] = Torque [Nm] \times Rotational\ speed [rpm] \times (2\pi / 60)
\]

So even if torque and speed each look acceptable on their own, their combination can still push power outside the safe operating band.

### Recommended action
1. **Compute and display `power` in real time** as a first-class dashboard metric.
2. **Watch for power trending toward 3500 W or 9000 W** so you can intervene early.
3. **Adjust torque or speed setpoints before the limit is reached**.
4. **If power drifts outside the band without a setpoint change, investigate drive/motor calibration**.

In short: **monitor computed power continuously, not just raw torque and speed, and act before it crosses the safe band.**","1. Compute and monitor `power` as a first-class derived feature in any real-time dashboard — do not rely on operators reading torque and speed separately.
2. If power trends toward either boundary (3500 W or 9000 W), adjust torque or speed setpoints before the process reaches the limit.
3. Investigate drive/motor calibration if power drifts outside band without an obvious setpoint change.",54e5187ac8
"If power drifts outside the normal band without any setpoint change, what should I check on the drive or motor?","What’s happening:  
- If power drifts outside the normal band without any setpoint change, the system may have a drive/motor calibration issue.

Why:  
- The context says to “investigate drive/motor calibration if power drifts outside band without an obvious setpoint change.”

Recommended action:  
- Check the drive and motor calibration.  
- Also compare commanded vs. measured speed, torque, current, and power to confirm there isn’t a hidden electrical or control issue.","1. Compute and monitor `power` as a first-class derived feature in any real-time dashboard — do not rely on operators reading torque and speed separately.
2. If power trends toward either boundary (3500 W or 9000 W), adjust torque or speed setpoints before the process reaches the limit.
3. Investigate drive/motor calibration if power drifts outside band without an obvious setpoint change.",54e5187ac8
"When power is moving toward 3500 W or 9000 W, is it better to adjust torque or speed first?","When power is trending toward **3500 W or 9000 W**, the context only says to **adjust torque or speed setpoints before the process reaches the limit**. It does **not** specify whether torque should be adjusted first or speed first.

### What’s happening
The machine power is the computed result of:

**Power = Torque × Rotational speed × (2π / 60)**

Power Failure occurs when this computed value goes **below 3500 W** or **above 9000 W**.

### Why
The context says that a compensatory pattern of **high torque with low speed** or **high speed with low torque** can push power out of the safe band, even if torque or speed alone does not look alarming.

### Recommended action
- **Monitor computed power directly**
- If power trends toward **3500 W or 9000 W**, **adjust torque or speed setpoints before the limit is reached**
- The context does **not** say which one to adjust first

So, based on the provided context, **there is no recommendation to change torque before speed or speed before torque**.","1. Compute and monitor `power` as a first-class derived feature in any real-time dashboard — do not rely on operators reading torque and speed separately.
2. If power trends toward either boundary (3500 W or 9000 W), adjust torque or speed setpoints before the process reaches the limit.
3. Investigate drive/motor calibration if power drifts outside band without an obvious setpoint change.",54e5187ac8
What is the best operator action for preventing a power failure before the process hits the boundary?,"To prevent a power failure **before the process hits the boundary**, the best operator action is:

1. **Monitor derived power continuously**
   - Compute `power = torque × rotational speed` as a first-class real-time feature.
   - Don’t rely on reading torque and speed separately.

2. **Act early as power trends toward the limit**
   - If power is moving toward **3500 W** or **9000 W**, **adjust torque or speed setpoints before the limit is reached**.

### What’s happening
Power is moving toward or beyond the safe operating band.

### Why
Power failure occurs when mechanical power falls outside the safe band:
- **Power < 3500 W**: underpowered, risk of incomplete or stalled process.
- **Power > 9000 W**: overpowered, risk of mechanical overload.

### Recommended action
- Monitor power in real time.
- Adjust torque or speed setpoints early, before the boundary is reached.
- If power drifts outside the band without a setpoint change, investigate drive/motor calibration.

","1. Compute and monitor `power` as a first-class derived feature in any real-time dashboard — do not rely on operators reading torque and speed separately.
2. If power trends toward either boundary (3500 W or 9000 W), adjust torque or speed setpoints before the process reaches the limit.
3. Investigate drive/motor calibration if power drifts outside band without an obvious setpoint change.",54e5187ac8
"For a Power Failure issue, how should we handle escalation and what safety risks should we watch for?","For **Power Failure**, the key escalation and safety points are:

### What’s happening
Power Failure means the delivered mechanical power is outside the safe range:
- **Underpowered:** `Power < 3500 W`
- **Overpowered:** `Power > 9000 W`

Power is computed from:
`Power [W] = Torque [Nm] × Rotational speed [rpm] × (2π / 60)`

### Why it matters
- **Underpowering** means the torque and speed combination is too low to complete the cut, which risks an **incomplete or stalled process**.
- **Overpowering** means excessive mechanical load, which carries **higher acute mechanical risk** and can cause **equipment damage**.

### Escalation / recommended action
- **Overpower events (>9000 W)** should be escalated with **higher priority** because they present the greater immediate mechanical risk.
- **Underpower events (<3500 W)** should also be addressed, since they can stop the process, but the context indicates they are less acute than overpower events.

### Safety risks to watch for
- **Incomplete or stalled process** in underpower conditions
- **Mechanical overload / equipment damage** in overpower conditions

If you want, I can also format this as a short operator action checklist.",Overpower events (>9000 W) carry higher acute mechanical risk (potential for equipment damage) than underpower events and should be escalated with higher priority.,78b97cfea5
Is overpower above 9000 W considered more urgent than underpower in a Power Failure case?,"Yes. In a Power Failure case, **overpower above 9000 W is more urgent than underpower**.

### What’s happening
- **Overpower PWF**: power **> 9000 W**
- **Underpower PWF**: power **< 3500 W**

### Why it’s more urgent
The context says:
- **Overpower events (>9000 W) carry higher acute mechanical risk** and potential for equipment damage.
- In the triage table, **PWF (overpower)** is **High severity** with an **Immediate** response window.
- **PWF (underpower)** is **Medium severity** with a **Same shift** response window.

### Recommended action
- **Overpower above 9000 W**: **escalate immediately** to the line supervisor and stop/handle as a high-severity incident.
- **Underpower**: route through the standard maintenance queue or same-shift response.

So, based on the SOP, **overpower is definitely more urgent than underpower**.",Overpower events (>9000 W) carry higher acute mechanical risk (potential for equipment damage) than underpower events and should be escalated with higher priority.,78b97cfea5
"What’s the main mechanical risk during a PWF event, and does it need higher-priority escalation?","During a **PWF event**, the main mechanical risk is:

- **If power is too high (> 9000 W):** the process is **overpowered**, which creates **excessive torque relative to speed** and can cause **mechanical overload / equipment damage**.
- **If power is too low (< 3500 W):** the process is **underpowered**, meaning **torque is too low relative to speed**, which risks an **incomplete or stalled process**.

### Does it need higher-priority escalation?
- **Yes, if it is an overpower event (> 9000 W).** The context says these carry **higher acute mechanical risk** and **should be escalated with higher priority**.
- **No automatic line stop** is implied unless a halt criterion is met.

### Recommended action
- **Escalate overpower PWFs with higher priority.**
- **Only stop the production line** if one of the specific halt criteria is met:
  - computed power **exceeds 9000 W**, or
  - `tool_wear × torque` exceeds the variant threshold by more than 10%, or
  - **two or more failure conditions** are happening at once.
- Otherwise, **flag the unit for inspection at the next scheduled maintenance window**.",Overpower events (>9000 W) carry higher acute mechanical risk (potential for equipment damage) than underpower events and should be escalated with higher priority.,78b97cfea5
"When the machine hits an overpower condition, should we treat it as a higher-priority safety concern than low power?","Yes. Based on the context, an overpower condition should be treated as a higher-priority safety concern than low power.

### What’s happening
- **Low power** means the machine is **underpowered**: `Power < 3500 W`.
- **Overpower** means the machine is **overpowered**: `Power > 9000 W`.

### Why this matters
- The context says **overpower events (>9000 W) carry higher acute mechanical risk** and can cause **equipment damage**.
- In contrast, low power is described as **insufficient power to complete the cut** or a **stalled/incomplete process**.
- So, overpower is the more urgent condition from a safety and damage perspective.

### Recommended action
- **Escalate overpower conditions with higher priority** than low power.
- Treat it as a potential **mechanical overload** condition and address it promptly to prevent damage.
- Low power should still be investigated, but it is not described as carrying the same acute mechanical risk as overpower.",Overpower events (>9000 W) carry higher acute mechanical risk (potential for equipment damage) than underpower events and should be escalated with higher priority.,78b97cfea5
"In a power failure scenario, does going over 9000 W mean more chance of equipment damage and faster escalation?","Yes. In a power failure scenario, going over **9000 W** means the system is **overpowered**, which the context says carries **higher acute mechanical risk** and a **greater potential for equipment damage** than underpower events. It should also be **escalated with higher priority**.

### What’s happening
- The process is outside the safe operating band.
- Specifically, **Power > 9000 W** is classified as **overpowered**.

### Why
- The context states that **overpower events (>9000 W)** create **excessive torque relative to speed**, which increases the risk of **mechanical overload**.
- It also explicitly says these events have **higher acute mechanical risk** and a **potential for equipment damage** compared with underpower events.

### Recommended action
- **Escalate with higher priority.**
- If there are signs of electrical danger such as **arcing, smoke, burning odor, exposed wiring, or repeated protection trips**, **isolate the equipment immediately**.
- Only **qualified personnel** should test energized electrical equipment.
- Apply **lockout/tagout** and verify **absence of voltage** before any internal inspection.",Overpower events (>9000 W) carry higher acute mechanical risk (potential for equipment damage) than underpower events and should be escalated with higher priority.,78b97cfea5
"How do I know if this overstrain failure is happening on the machine, and what should I look for in the torque and tool-wear data?","Yes — but only if you check the **combined strain**, not torque or tool wear alone.

## What’s happening
An **Overstrain Failure (OSF)** happens when:

\[
\text{strain\_indicator} = \text{Tool wear [min]} \times \text{Torque [Nm]}
\]

If this product exceeds the **variant-specific threshold** for the machine type, the machine is at risk of OSF:
- **Type L:** about **11,000 min·Nm**
- **Type M:** about **12,000 min·Nm**
- **Type H:** about **13,000 min·Nm**

## What to look for in the data
### 1) Tool-wear data
Look for **high tool wear combined with continued operation**. A worn tool under even moderate torque can trigger OSF.

### 2) Torque data
Look for **elevated torque while the tool is already worn**. A fresh tool is not automatically safe if torque is high enough.

### 3) The product of the two
The key diagnostic is the **strain_indicator**:
- if **tool wear increases**
- and/or **torque increases**
- the product may cross the threshold even if neither value alone seems extreme

## Why this matters
The context says **neither tool wear nor torque alone tells you the risk**. They trade off against each other:
- **worn tool + moderate torque** can fail
- **fresh tool + high torque** can also fail

## Recommended action
- **Compute `Tool wear × Torque` continuously**
- **Compare it to the threshold for the machine’s Type (L/M/H)**
- Do **not** assume low wear is safe if torque is high
- Do **not** rely on torque alone to diagnose tool wear failure; for **Tool Wear Failure**, monitor **tool wear directly**, since torque may stay nominal until failure is already underway

If you want, I can turn this into a simple operator checklist or a rule for alarm generation.","- Excessive mechanical load, torque, vibration, or deformation.
- Reduced speed, poor process quality, or difficulty completing the operation.
- Accelerated wear, cracking, bending, or breakage of tools or components.
- Overload or torque-limit alarms may occur.",da179b1e6d
Why would the same wear and torque readings be fine on one product variant but trip a failure on another one?,"What’s happening:
- The failure is based on **overstrain**, calculated as **`Tool wear × Torque`**.
- That overstrain threshold is **different for each product variant**:  
  - **Low (L): ~11,000**
  - **Medium (M): ~12,000**
  - **High (H): ~13,000** min·Nm

Why this happens:
- The **same wear and torque readings can be acceptable on one variant but fail on another** because the product’s **`Type`** changes the threshold.
- A value that is **below** the limit for one variant may be **above** the limit for a variant with a lower threshold.
- The context explicitly warns that using a **single global threshold** causes **false positives on L** and **false negatives on H**.

Recommended action:
- Always check the product’s **`Type` (L/M/H)**.
- Compute **`Tool wear × Torque`**.
- Compare that result against the **correct variant-specific threshold**, not one fixed threshold.","- Excessive mechanical load, torque, vibration, or deformation.
- Reduced speed, poor process quality, or difficulty completing the operation.
- Accelerated wear, cracking, bending, or breakage of tools or components.
- Overload or torque-limit alarms may occur.",da179b1e6d
"What strain indicator value should I treat as the limit for low, medium, and high quality parts before overstrain kicks in?","**What’s happening**

You should treat the **strain indicator limit** for overstrain as **quality-dependent**:

- **Low (L): ~11,000 min·Nm**
- **Medium (M): ~12,000 min·Nm**
- **High (H): ~13,000 min·Nm**

Overstrain kicks in when `strain_indicator` **exceeds** the threshold for that product quality.

**Why**

The context states that overstrain failure is caused by accumulated mechanical strain:

`strain_indicator = Tool wear [min] × Torque [Nm]`

And that this threshold is **product-quality-dependent**, meaning the same strain can be safe for one variant and unsafe for another.

**Recommended action**

- Always check the product **Type / quality variant** before judging overstrain.
- Compare the calculated `strain_indicator` against the correct threshold:
  - **L:** ~11,000
  - **M:** ~12,000
  - **H:** ~13,000
- Treat any threshold breach as a **high-priority mechanical overstrain risk**.","- Excessive mechanical load, torque, vibration, or deformation.
- Reduced speed, poor process quality, or difficulty completing the operation.
- Accelerated wear, cracking, bending, or breakage of tools or components.
- Overload or torque-limit alarms may occur.",da179b1e6d
"Does overstrain failure come from just high torque, or is it the combination of torque and tool wear that matters here?","It’s the **combination of torque and tool wear**, not just high torque alone.

### What’s happening
Overstrain Failure occurs when:

**strain_indicator = Tool wear [min] × Torque [Nm]**

That product is compared against a **variant-specific threshold**:
- **L:** ~11,000 min·Nm
- **M:** ~12,000 min·Nm
- **H:** ~13,000 min·Nm

### Why
The context says **neither tool wear nor torque alone tells you the risk**. A:
- **worn tool under moderate torque**, or
- **fresh tool under high torque**

can both trigger Overstrain Failure. So the risk depends on the **product**, not either factor by itself.

### Recommended action
- Always compute **tool wear × torque**
- Compare it to the correct threshold for the unit’s **Type (L/M/H)**
- Do **not** assume high torque alone means failure, and do **not** assume low wear is automatically safe

If you want, I can also help you interpret a specific tool-wear/torque reading against the threshold.","- Excessive mechanical load, torque, vibration, or deformation.
- Reduced speed, poor process quality, or difficulty completing the operation.
- Accelerated wear, cracking, bending, or breakage of tools or components.
- Overload or torque-limit alarms may occur.",da179b1e6d
"If I’m monitoring predictive maintenance, how do I compare the strain indicator against the variant-specific threshold to catch this failure early?","To catch **Overstrain Failure (OSF)** early, compare the **derived strain indicator** against the **threshold for the current quality variant**:

## What’s happening
- Compute:

  **`strain_indicator = Tool wear × Torque`**

- Then check it against the variant-specific limit:

  - **L (Low):** about **11,000 min·Nm**
  - **M (Medium):** about **12,000 min·Nm**
  - **H (High):** about **13,000 min·Nm**

## Why this matters
OSF happens when **accumulated mechanical strain** exceeds a threshold.  
The key mechanism is the **product of tool wear and torque**, not either value alone.

That means:
- a **worn tool + moderate torque** can still fail, and
- a **fresh tool + high torque** can also fail.

Also, don’t use one global threshold for all machines — the cutoff is **variant-dependent**, and using a single number can create false alarms or missed failures.

## Recommended action
- Calculate `Tool wear × Torque` continuously.
- Compare it to the **correct threshold for the machine’s Type (L/M/H)**.
- Trigger early warning or maintenance when the strain indicator is approaching or exceeding that variant’s limit.
- Avoid relying on tool wear or torque alone; monitor the **combined strain indicator**.

If you want, I can also format this as a simple monitoring rule or pseudocode.","- Excessive mechanical load, torque, vibration, or deformation.
- Reduced speed, poor process quality, or difficulty completing the operation.
- Accelerated wear, cracking, bending, or breakage of tools or components.
- Overload or torque-limit alarms may occur.",da179b1e6d
What usually causes an overstrain failure in predictive maintenance terms?,"An **overstrain failure** usually happens when **accumulated mechanical strain becomes too high**.

### What’s happening
The tool or workpiece is being overloaded mechanically, and the strain builds up until it crosses a threshold.

### Why it happens
According to the context, the root cause is:

- **Tool wear × Torque applied**
- Formula: **`strain_indicator = Tool wear [min] × Torque [Nm]`**

So overstrain failure is caused by the combination of:
- a **worn tool**, and
- **high torque**

It is also **product-quality-dependent**, meaning the same wear and torque may be safe for one product variant but not another. Failure occurs when the strain indicator exceeds the variant-specific threshold.

### Recommended action
- **Stop immediately** if cracking, severe vibration, jamming, deformation, or imminent breakage is suspected.
- **Keep personnel clear** of stored-energy and fragment-ejection zones.
- **Isolate mechanical, hydraulic, pneumatic, and electrical energy** before inspection.
- **Escalate repeated events** to maintenance, reliability, and process engineering.
- Treat threshold breaches as **higher priority** because OSF represents genuine mechanical overstrain risk.","- Operating load exceeds the tool or component's rated capacity.
- A worn or damaged tool requires greater force to perform the process.
- Misalignment, jamming, improper feed, or unsuitable work material.
- Incorrect operating parameters or tooling selection.
- Weak, fatigued, or improperly installed mechanical components.",6fda618d5b
How do tool wear and applied torque combine to create the strain indicator?,"Tool wear and applied torque combine multiplicatively to form the strain indicator:

\[
\text{strain_indicator} = \text{Tool wear [min]} \times \text{Torque [Nm]}
\]

What’s happening:
- The more worn the tool is, and/or the higher the torque currently applied, the higher the strain indicator.
- This is a combined measure of accumulated mechanical strain.

Why it matters:
- Overstrain Failure happens when this value exceeds a variant-specific threshold:
  - L ≈ 11,000 min·Nm
  - M ≈ 12,000 min·Nm
  - H ≈ 13,000 min·Nm
- Neither tool wear nor torque alone is enough to assess the risk; the interaction of both is what matters.

Recommended action:
- Monitor both tool wear and torque together.
- Watch for the strain indicator approaching the threshold, since a worn tool under moderate torque or a fresh tool under high torque can both trigger Overstrain Failure.
","- Operating load exceeds the tool or component's rated capacity.
- A worn or damaged tool requires greater force to perform the process.
- Misalignment, jamming, improper feed, or unsuitable work material.
- Incorrect operating parameters or tooling selection.
- Weak, fatigued, or improperly installed mechanical components.",6fda618d5b
Is there a simple formula for estimating overstrain risk from wear and torque?,"Yes. The context gives a simple formula for estimating overstrain risk:

### What’s happening
Overstrain risk is estimated with:

```text
strain_indicator = Tool wear [min] × Torque [Nm]
```

If this product exceeds the variant-specific threshold, Overstrain Failure can occur:
- **L:** ~11,000 min·Nm
- **M:** ~12,000 min·Nm
- **H:** ~13,000 min·Nm

### Why this works
The mechanism is that **strain accumulates as a function of both tool wear and applied torque**. In other words, neither factor alone is enough to judge risk:
- A **worn tool under moderate torque** can be risky.
- A **fresh tool under high torque** can also be risky.

So the two factors trade off against each other through their product.

### Recommended action
- **Always include the product `Type` (L/M/H)** when checking risk.
- Compare `wear × torque` against the correct threshold for that variant.
- If a batch is near the threshold, **reduce torque setpoint or replace the tool earlier**.
- For long runs on **H** variants, monitor the **wear×torque trend**, not just current torque.

If you want, I can also help you turn this into a quick calculation rule or checklist.","- Operating load exceeds the tool or component's rated capacity.
- A worn or damaged tool requires greater force to perform the process.
- Misalignment, jamming, improper feed, or unsuitable work material.
- Incorrect operating parameters or tooling selection.
- Weak, fatigued, or improperly installed mechanical components.",6fda618d5b
Can overstrain failure be explained as a buildup of strain from a worn tool under load?,"Yes, that is a reasonable explanation based on the context.

### What’s happening
Overstrain Failure occurs when accumulated mechanical strain becomes too high. The context defines this as:

`strain_indicator = Tool wear [min] × Torque [Nm]`

So a worn tool under load can build up enough strain to exceed the failure threshold.

### Why
The mechanism is not just “buildup of strain” in a general sense; it is specifically the product of:
- how worn the tool is, and
- how much torque is currently being applied.

The context says overstrain happens when this value exceeds a variant-specific threshold. It also notes that a worn tool under moderate torque can trigger failure.

### Recommended action
- Calculate `strain_indicator = Tool wear × Torque`
- Compare it to the correct threshold for the tool type:
  - L ≈ 11,000 min·Nm
  - M ≈ 12,000 min·Nm
  - H ≈ 13,000 min·Nm
- Reduce torque, replace or inspect worn tools, and avoid operating beyond rated capacity.

If you want, I can also help you phrase this as a one-sentence diagnostic statement.","- Operating load exceeds the tool or component's rated capacity.
- A worn or damaged tool requires greater force to perform the process.
- Misalignment, jamming, improper feed, or unsuitable work material.
- Incorrect operating parameters or tooling selection.
- Weak, fatigued, or improperly installed mechanical components.",6fda618d5b
What factors should I check first when trying to trace the root cause of OSF?,"For **OSF (Overstrain Failure)**, check these first:

1. **Tool wear**
2. **Current torque**

### What’s happening
OSF is driven by the **combined effect** of tool wear and torque, not by either one alone.

### Why
The context says the overstrain mechanism is:

\[
\text{strain_indicator} = \text{Tool wear [min]} \times \text{Torque [Nm]}
\]

So a tool with **low wear** can still fail by overstrain if **torque is high enough**, and vice versa.

### Recommended action
- **Compute the product** of tool wear and torque first.
- Compare that **strain_indicator** to the **variant-specific threshold** for the tool’s **Type (L/M/H)**.
- Don’t assume the tool is safe just because wear looks low in isolation.

If you want, I can also help you build a quick OSF triage checklist from the other failure modes in the context.","- Operating load exceeds the tool or component's rated capacity.
- A worn or damaged tool requires greater force to perform the process.
- Misalignment, jamming, improper feed, or unsuitable work material.
- Incorrect operating parameters or tooling selection.
- Weak, fatigued, or improperly installed mechanical components.",6fda618d5b
"How do I tell if an OSF case is really there from the sensor data, and which fields do I need to look at?","An OSF case is identified by a **derived condition**, not by raw sensor values alone.

### What’s happening
For **OSF (Overstrain Failure)**, the trigger is:

- **`tool_wear × torque` over the variant threshold**

The context also says OSF is associated with these required fields:

- **Type**
- **Tool wear**
- **Torque**

### Why this matters
The reference explicitly says that **OSF cannot be correctly diagnosed from raw sensor values alone**. You need to compute the derived feature **`strain_indicator = Tool wear × Torque`** and then check it against the OSF threshold logic. The dataset fields you should inspect are **Type, Tool wear, and Torque**.

### Recommended action
1. **Check the raw fields**
   - **Type**
   - **Tool wear**
   - **Torque**

2. **Compute the derived feature**
   - **`strain_indicator = Tool wear × Torque`**

3. **Confirm OSF**
   - If **`tool_wear × torque` exceeds the variant threshold**, treat it as a **possible OSF**.

4. **Respond immediately**
   - The context classifies **OSF as High severity** with an **Immediate** response window.

If you want, I can also give you a compact decision rule for OSF triage based only on these fields.","- Torque, force, strain, or motor current rises above the normal process baseline.
- High load persists or increases while speed or output decreases.
- Vibration or acoustic-emission levels increase under load.
- Tool-wear indicators and load measurements deteriorate together.",b2d23ef2a6
"For Overstrain Failure, should I be checking tool wear and torque separately, or is there some combined value that matters more?","For **Overstrain Failure**, you should focus on the **combined value**, not tool wear and torque separately.

### What’s happening
The key metric is:

**`strain_indicator = Tool wear [min] × Torque [Nm]`**

Overstrain Failure occurs when this **product** exceeds a **variant-specific threshold**:
- **L:** ~11,000 min·Nm  
- **M:** ~12,000 min·Nm  
- **H:** ~13,000 min·Nm  

### Why this matters
The context says **neither tool wear nor torque alone tells you the risk**. A:
- **worn tool under moderate torque**, or
- **fresh tool under high torque**

can both trigger Overstrain Failure. So the two factors trade off against each other, and the **product is what matters**.

### Recommended action
- **Compute `Tool wear × Torque`**
- **Compare it to the correct threshold for the machine’s Type (L/M/H)**
- **Do not use a single global threshold**
- Track both inputs, but use the **combined strain indicator** for the actual failure check

If you want, I can also help you turn this into a simple decision rule or monitoring formula.","- Torque, force, strain, or motor current rises above the normal process baseline.
- High load persists or increases while speed or output decreases.
- Vibration or acoustic-emission levels increase under load.
- Tool-wear indicators and load measurements deteriorate together.",b2d23ef2a6
"Do the OSF limits change by machine type, or is there one threshold that works for every variant?","OSF limits **do change by machine/product type**. There is **not one universal threshold** that works for every variant.

### What’s happening
Overstrain Failure is based on:

- `strain_indicator = Tool wear × Torque`

That product is then compared against a **variant-specific threshold** tied to the product `Type`:

- **L** ≈ 11,000 min·Nm
- **M** ≈ 12,000 min·Nm
- **H** ≈ 13,000 min·Nm

### Why
The context says a **global threshold causes misclassification**:

- **False positives** on **L**
- **False negatives** on **H**

So the same wear and torque values can be safe for one variant and a failure for another.

### Recommended action
- Always include the product `Type` (L/M/H) when checking OSF.
- Compute `Tool wear × Torque`.
- Compare it against the **correct variant-specific threshold**, not a single fixed number.

If you want, I can also summarize this as a one-line rule for operators or a small decision table.","- Torque, force, strain, or motor current rises above the normal process baseline.
- High load persists or increases while speed or output decreases.
- Vibration or acoustic-emission levels increase under load.
- Tool-wear indicators and load measurements deteriorate together.",b2d23ef2a6
"Can a worn tool at moderate torque and a new tool at high torque both end up as OSF, or is only one of those actually a failure?","Yes — **both can end up as OSF**.

### What’s happening
Overstrain Failure (OSF) is determined by the **product** of:

- **Tool wear [min]**
- **Torque [Nm]**

That is:

`strain_indicator = Tool wear × Torque`

OSF occurs when that product exceeds the variant-specific threshold (about **11,000–13,000 min·Nm**, depending on Type L/M/H).

So:
- a **worn tool at moderate torque** can exceed the threshold
- a **new tool at high torque** can also exceed the threshold

### Why
The context explicitly says the two factors **trade off** against each other. Neither wear nor torque alone determines failure; it’s the combined strain indicator that matters.

### Recommended action
For the tool’s **Type (L/M/H)**:
1. Measure **Tool wear**
2. Measure **Torque**
3. Compute **Tool wear × Torque**
4. Compare it to the correct variant threshold

Do not assume a fresh tool is safe just because wear is low, and do not assume a worn tool is safe just because torque is only moderate.","- Torque, force, strain, or motor current rises above the normal process baseline.
- High load persists or increases while speed or output decreases.
- Vibration or acoustic-emission levels increase under load.
- Tool-wear indicators and load measurements deteriorate together.",b2d23ef2a6
"What usually goes wrong when people diagnose OSF, especially if they use the same limit for all variants?","What usually goes wrong is **using one fixed OSF threshold for every product variant**.

### What’s happening
A product can be safe on one variant but failing on another. For OSF, the same **`Tool wear × Torque`** value may be:
- safe on **Low (L)** variants,
- borderline or failing on **Medium (M)** variants,
- and still different again on **High (H)** variants.

### Why this happens
The context says **Overstrain Failure thresholds are product-quality-dependent**:
- L: about **11,000 min·Nm**
- M: about **12,000 min·Nm**
- H: about **13,000 min·Nm**

So if you apply one global limit, you will:
- create **false positives on L** variants,
- create **false negatives on H** variants.

### Recommended action
- **Always include product `Type` (L/M/H) in the OSF check.**
- Don’t use a single global threshold.
- For long runs, especially on **H variants**, monitor the **cumulative wear × torque trend**, not just the current torque.
- If a batch is near its variant threshold, **reduce torque setpoint** or **replace the tool earlier**.","- Torque, force, strain, or motor current rises above the normal process baseline.
- High load persists or increases while speed or output decreases.
- Vibration or acoustic-emission levels increase under load.
- Tool-wear indicators and load measurements deteriorate together.",b2d23ef2a6
What should I do when an OSF alarm shows up on the machine?,"An **OSF alarm** indicates a **genuine mechanical overstrain risk**, which can lead to **tool or workpiece failure**.

### What’s happening
- The machine has likely exceeded a strain-related threshold.
- OSF is treated as a **high-severity incident**.

### Why
- The context says **Overstrain Failure (OSF) represents genuine mechanical overstrain risk**.
- It also says **threshold breaches are higher priority than TWF alone**.

### Recommended action
- **Notify the line supervisor immediately.**
- Treat it as a **high-severity incident** rather than routing it to the standard maintenance queue.

If you want, I can also help you distinguish OSF from the other alarm types in the same format.","- Stop or reduce the load according to the approved operating procedure.
- Inspect the tool and loaded components for wear, cracks, deformation, or looseness.
- Check alignment, lubrication, material feed, clamping, and process settings.
- Replace damaged or end-of-life tooling and components.
- Verify that the equipment and tool ratings match the intended operation.",e9380cebc6
"Do I need to include the product type, like L, M, or H, when checking for overstrain failure risk?","Yes. For Overstrain Failure, you **must include the product Type (L, M, or H)** when checking risk.

### What’s happening
Overstrain Failure is based on `Tool wear × Torque`, but the failure threshold is **different for each product variant**:
- **L:** about **11,000 min·Nm**
- **M:** about **12,000 min·Nm**
- **H:** about **13,000 min·Nm**

### Why
The context says the threshold is **product-quality-dependent**. That means the same sensor readings can be:
- safe on one variant,
- but a failure on another.

It also explicitly says that applying one global threshold across all variants causes:
- **false positives on L**
- **false negatives on H**

### Recommended action
When checking overstrain risk, always:
1. Compute `Tool wear × Torque`
2. Look up the correct threshold for the product’s **Type**
3. Compare against that variant-specific threshold

So, **do not check overstrain risk without the Type field**.","- Stop or reduce the load according to the approved operating procedure.
- Inspect the tool and loaded components for wear, cracks, deformation, or looseness.
- Check alignment, lubrication, material feed, clamping, and process settings.
- Replace damaged or end-of-life tooling and components.
- Verify that the equipment and tool ratings match the intended operation.",e9380cebc6
"For long runs on the high-end variant, should I watch just the current torque or the wear multiplied by torque over time?","For the high-end **H** variant on **long runs**, you should watch **wear × torque over time**, not just current torque.

### What’s happening
Overstrain risk is tied to the **product of tool wear and torque**, and for premium **H** variants the context specifically says to monitor the **cumulative wear×torque trend** during long production runs.

### Why
The mechanism is:
- **strain_indicator = Tool wear × Torque**
- Overstrain failure must be checked against the **variant-specific threshold** for the product’s `Type` (L/M/H)
- For **long production runs on premium (H) variants**, a simple snapshot of current torque can miss the risk; the **trend over time** is the better signal

### Recommended action
- **Track cumulative wear×torque**, not just current torque
- Ensure the check includes the **Type = H** variant threshold
- If the batch is running near its threshold, consider:
  - **reducing the torque setpoint**, or
  - **scheduling earlier tool replacement**","- Stop or reduce the load according to the approved operating procedure.
- Inspect the tool and loaded components for wear, cracks, deformation, or looseness.
- Check alignment, lubrication, material feed, clamping, and process settings.
- Replace damaged or end-of-life tooling and components.
- Verify that the equipment and tool ratings match the intended operation.",e9380cebc6
"If the batch is close to the OSF threshold, is it better to lower the torque setting or change the tool sooner?","If the batch is close to the OSF threshold, the context says to **either reduce the torque setpoint or schedule earlier tool replacement**. It does **not** say one is always better than the other.

### What’s happening
Overstrain Failure is driven by the **strain indicator**:

- **strain_indicator = Tool wear [min] × Torque [Nm]**

So if a batch is near the variant-specific threshold, the combined wear-and-torque load is getting too high.

### Why
The context explains that OSF depends on the **product of tool wear and torque**, and that running near the threshold means risk is increasing. It specifically recommends:

- **reducing torque setpoint**, or
- **earlier tool replacement**

### Recommended action
For a batch close to the OSF threshold, take one of these preventive actions:

1. **Lower the torque setting**, if process requirements allow, or
2. **Change the tool sooner** to reduce accumulated strain risk.

If you want, I can also help interpret which option is more suitable operationally, but the provided context does not say to always prefer one over the other.","- Stop or reduce the load according to the approved operating procedure.
- Inspect the tool and loaded components for wear, cracks, deformation, or looseness.
- Check alignment, lubrication, material feed, clamping, and process settings.
- Replace damaged or end-of-life tooling and components.
- Verify that the equipment and tool ratings match the intended operation.",e9380cebc6
Can a simple threshold check without variant info misread the overstrain failure risk?,"Yes. A simple threshold check **without variant info can misread Overstrain Failure risk**.

### What’s happening
Overstrain Failure (OSF) is triggered when **tool wear × torque** exceeds a threshold, but that threshold is **product-variant dependent**:
- **L:** ~11,000 min·Nm
- **M:** ~12,000 min·Nm
- **H:** ~13,000 min·Nm

So the same wear and torque values can be:
- **unsafe on one variant**
- **safe on another**

### Why this happens
The context explicitly says OSF is **product-quality-dependent** and that a threshold check without variant context will **misclassify risk**. It also warns that using a single global threshold can create:
- **false positives** on L variants
- **false negatives** on H variants

### Recommended action
- **Always include product `Type` (L/M/H)** in the OSF check.
- Compare `tool_wear × torque` against the **correct variant-specific threshold**, not a fixed value.
- For long runs on premium **H** variants, monitor the **cumulative wear×torque trend**, not just current torque.
- If a batch is near its variant threshold, **reduce torque setpoint** or **schedule earlier tool replacement**.","- Stop or reduce the load according to the approved operating procedure.
- Inspect the tool and loaded components for wear, cracks, deformation, or looseness.
- Check alignment, lubrication, material feed, clamping, and process settings.
- Replace damaged or end-of-life tooling and components.
- Verify that the equipment and tool ratings match the intended operation.",e9380cebc6
"What should I do when an overstrain threshold gets breached, and is it more urgent than TWF alone?","When an overstrain threshold is breached, treat it as a real mechanical risk event, not just a warning.

### What’s happening
Overstrain Failure (OSF) means the accumulated mechanical strain has exceeded the allowed limit for that product variant. The strain is:

`strain_indicator = Tool wear × Torque`

This threshold is product-quality-dependent, so the same wear and torque can be safe on one variant and unsafe on another.

### Why it matters
OSF represents genuine mechanical overstrain risk and can lead to tool or workpiece failure. Because of that, threshold breaches should be treated as higher priority than TWF alone.

### Recommended action
- Escalate the event as higher priority than TWF alone.
- Check the product `Type` (L/M/H) so the correct variant-specific threshold is used.
- If the batch is near the threshold, consider reducing the torque setpoint or scheduling earlier tool replacement.
- For long runs, monitor the wear×torque trend, especially on premium H variants.

If you want, I can also turn this into a short operator alarm response.","- Stop immediately if cracking, severe vibration, jamming, deformation, or imminent breakage is suspected.
- Keep personnel clear of stored-energy and potential fragment-ejection zones.
- Isolate mechanical, hydraulic, pneumatic, and electrical energy before inspection.
- Escalate repeated overstrain events to maintenance, reliability, and process engineering.",fc4efb8a87
How serious is OSF in terms of actual mechanical damage or failure risk?,"OSF is **serious** in terms of actual mechanical damage or failure risk.

### What’s happening
Overstrain Failure (OSF) indicates **genuine mechanical overstrain risk** and **can lead to tool or workpiece failure**.

### Why
The mechanism is the **strain indicator**:

- `strain_indicator = Tool wear [min] × Torque [Nm]`

OSF occurs when this combined value exceeds a variant-specific threshold:

- **L:** ~11,000 min·Nm
- **M:** ~12,000 min·Nm
- **H:** ~13,000 min·Nm

So the risk is not just from tool wear or torque alone, but from their **combined mechanical load**. A worn tool under moderate torque or a fresh tool under high torque can both trigger OSF.

### Recommended action
Treat any threshold breach as **higher priority** than Tool Wear Failure alone and escalate promptly, because OSF represents a real risk of **tool or workpiece failure**.","- Stop immediately if cracking, severe vibration, jamming, deformation, or imminent breakage is suspected.
- Keep personnel clear of stored-energy and potential fragment-ejection zones.
- Isolate mechanical, hydraulic, pneumatic, and electrical energy before inspection.
- Escalate repeated overstrain events to maintenance, reliability, and process engineering.",fc4efb8a87
Can OSF lead to tool breakage or workpiece failure during operation?,"Yes. OSF can lead to tool breakage or workpiece failure during operation.

### What’s happening
Overstrain Failure (OSF) indicates a genuine mechanical overstrain risk. The context states it can lead to **tool or workpiece failure**, and its symptoms include **accelerated wear, cracking, bending, or breakage** of tools or components.

### Why
OSF occurs when the **strain_indicator** exceeds a variant-specific threshold:

- `strain_indicator = Tool wear [min] × Torque [Nm]`

This means the risk comes from the **combined effect of tool wear and applied torque**. A worn tool under moderate torque or a fresh tool under high torque can both trigger OSF. Once the threshold is exceeded, mechanical overload can cause cracking, deformation, jamming, or breakage.

### Recommended action
- **Stop or reduce the load** according to the approved operating procedure.
- If there is **cracking, severe vibration, jamming, deformation, or imminent breakage**, **stop immediately**.
- Inspect the tool and loaded components for **wear, cracks, deformation, or looseness**.
- Check **alignment, lubrication, material feed, clamping, and process settings**.
- Replace any **damaged or end-of-life tooling/components**.
- Verify the **equipment and tool ratings** match the intended operation.
- Keep personnel clear of potential **stored-energy and fragment-ejection zones**, and isolate energy before inspection.","- Stop immediately if cracking, severe vibration, jamming, deformation, or imminent breakage is suspected.
- Keep personnel clear of stored-energy and potential fragment-ejection zones.
- Isolate mechanical, hydraulic, pneumatic, and electrical energy before inspection.
- Escalate repeated overstrain events to maintenance, reliability, and process engineering.",fc4efb8a87
Why is a threshold breach under overstrain failure treated as a higher-priority alarm?,"A threshold breach under **Overstrain Failure** is treated as a higher-priority alarm because it indicates **genuine mechanical overstrain risk**, not just a mild warning condition.

### What’s happening
- Overstrain failure occurs when the **accumulated mechanical strain** exceeds a threshold.
- The strain indicator is:

\[
\text{strain\_indicator} = \text{Tool wear [min]} \times \text{Torque [Nm]}
\]

- The threshold is **product-quality-dependent**, so the same wear and torque can be safe for one variant but fail on another.

### Why it’s higher priority
- The context says **OSF represents genuine mechanical overstrain risk**.
- It can lead to **tool failure or workpiece failure**.
- Because a threshold breach means the system has crossed into a failure-risk region, it is more urgent than TWF alone.

### Recommended action
- **Escalate the alarm with higher priority.**
- Investigate the current tool wear and applied torque immediately.
- Check which product variant is being processed, since the failure threshold depends on quality variant.
- Reduce load / stop operation if needed to prevent tool or workpiece damage.","- Stop immediately if cracking, severe vibration, jamming, deformation, or imminent breakage is suspected.
- Keep personnel clear of stored-energy and potential fragment-ejection zones.
- Isolate mechanical, hydraulic, pneumatic, and electrical energy before inspection.
- Escalate repeated overstrain events to maintenance, reliability, and process engineering.",fc4efb8a87
What safety response is recommended when OSF shows up on predictive maintenance monitoring?,"When **OSF (Overstrain Failure)** shows up on predictive maintenance monitoring, it should be treated as a **higher-priority safety issue**.

### What’s happening
OSF indicates **genuine mechanical overstrain risk**, which can lead to **tool or workpiece failure**.

### Why
The context says OSF is not just a wear or quality concern; it is a real mechanical overload condition, so **threshold breaches should be treated as more urgent than TWF alone**.

### Recommended action
- **Escalate immediately with higher priority**
- Consider **reducing the torque setpoint** if the batch is near its variant threshold
- Consider **scheduling earlier tool replacement**
- Make sure the OSF check includes the product **Type (L/M/H)**, because ignoring variant context can misclassify the risk

If you want, I can also turn this into a short “operator response” checklist.","- Stop immediately if cracking, severe vibration, jamming, deformation, or imminent breakage is suspected.
- Keep personnel clear of stored-energy and potential fragment-ejection zones.
- Isolate mechanical, hydraulic, pneumatic, and electrical energy before inspection.
- Escalate repeated overstrain events to maintenance, reliability, and process engineering.",fc4efb8a87
"How can I tell if a random failure is happening when there’s no torque, temperature, speed, or wear pattern showing up?","What’s happening:  
This is most likely a **Random Failure (RNF)** — a background failure that can happen **without any torque, temperature, speed, or wear signature**.

Why:  
In the context, random failure is described as occurring **independently of any sensor reading**. That means there may be **no visible pattern** in torque, temperature, rotational speed, or tool wear. It is modeled as a **small constant probability (~0.1%)** applied uniformly, regardless of process state.

Recommended action:  
- **Don’t look for a sensor-based trigger** if none is present.  
- **Treat it as irreducible background risk** when the other failure conditions are not met.  
- If a failure occurred and **none of the other known failure signatures** were present, classify it as **RNF** rather than forcing another explanation.","Random failure occurs independently of any sensor reading. There is no torque, temperature, speed, or wear signature associated with it — it is a low-probability background failure rate applied uniformly regardless of process state.",5a9b380c35
"Does RNF show any sensor signature at all, or is it just a background failure that can happen in any machine state?","RNF does **not** show a sensor signature.

### What’s happening
RNF is a **background failure** that can happen in **any machine state**. It occurs independently of torque, temperature, speed, or tool wear, so a machine can fail while all sensor readings look normal.

### Why
The context says RNF is:
- **Independent of any sensor reading**
- Has **no correlation** with air temperature, process temperature, rotational speed, torque, or tool wear
- A **small constant probability (~0.1%)** applied to every process instance

So there is **no sensor-based pattern to detect** for RNF.

### Recommended action
- **Do not** try to build sensor-based early-warning rules for RNF specifically.
- Treat RNF as **irreducible background risk**.
- Track RNF-labeled incidents separately so they are not misattributed to other failure types.
- Use general reliability measures like **redundancy, spare parts, and rapid-response maintenance**, since prediction from sensors is not expected to work.","Random failure occurs independently of any sensor reading. There is no torque, temperature, speed, or wear signature associated with it — it is a low-probability background failure rate applied uniformly regardless of process state.",5a9b380c35
What should I expect from a random failure if it doesn’t depend on the readings from the machine?,"A random failure is a **background failure that can happen even when the machine readings look normal**.

### What’s happening
- It occurs **independently of sensor readings** like torque, temperature, speed, or tool wear.
- In the context, it is described as a **low-probability failure rate applied uniformly** to every process instance.
- The model gives it a **small constant probability of about 0.1%**.

### Why this happens
- It represents failure modes **not captured by the other mechanisms**.
- The context mentions likely causes such as:
  - **unmodeled component defects**
  - **unexpected external events**
  - **residual failure risk inherent in any mechanical system**
- So if the readings don’t show a clear trigger, the failure is treated as **irreducible background risk**, not a sensor-driven problem.

### Recommended action
- Since RNF is **unpredictable by nature**, the response should focus on:
  - **rapid detection after the fact**
  - **containment**
- It is **not something you can reliably prevent from sensor readings alone**.

If you want, I can also summarize how RNF differs from the other failure types in one table.","Random failure occurs independently of any sensor reading. There is no torque, temperature, speed, or wear signature associated with it — it is a low-probability background failure rate applied uniformly regardless of process state.",5a9b380c35
"Is there any way to predict RNF from process data, or does it happen independently of all sensor inputs?","No — based on the context, **RNF cannot be meaningfully predicted from process/sensor data**.

### What’s happening
RNF is a **background random failure** with **no sensor signature**. It occurs independently of:
- air temperature
- process temperature
- rotational speed
- torque
- tool wear

The context says RNF is modeled as a **small constant probability (~0.1%) applied uniformly to every process instance**.

### Why
The mechanism given is that RNF has **no correlation with sensor inputs** and is **independent of all process state**. So any model trying to predict RNF from sensor features should not be expected to do better than the base rate.

### Recommended action
- **Do not build sensor-based early-warning rules for RNF specifically**
- Treat RNF as **irreducible background risk**
- Track RNF-labeled incidents separately in reporting so they aren’t misattributed to other failure modes
- Use general reliability measures like **redundancy, spare parts, and rapid-response maintenance**, rather than prediction

If you want, I can also summarize how RNF differs from the other failure modes in the context.","Random failure occurs independently of any sensor reading. There is no torque, temperature, speed, or wear signature associated with it — it is a low-probability background failure rate applied uniformly regardless of process state.",5a9b380c35
"Why would a random failure occur even when torque, temperature, speed, and wear all look normal?","What’s happening:  
A random failure is occurring as a background event, even though torque, temperature, speed, and wear all look normal.

Why this happens:  
According to the context, Random Failure (RNF) is independent of any sensor reading. It has no torque, temperature, speed, or wear signature and is modeled as a small constant probability applied uniformly across process states. So a failure can happen even when everything appears normal.

Recommended action:  
Do not try to force a sensor-based explanation if no TWF/HDF/PWF/OSF trigger conditions were met. Treat it as irreducible background risk.","Random failure occurs independently of any sensor reading. There is no torque, temperature, speed, or wear signature associated with it — it is a low-probability background failure rate applied uniformly regardless of process state.",5a9b380c35
What usually causes a Random Failure when none of the other failure mechanisms fit?,"When none of the other failure mechanisms fit, it is usually treated as **Random Failure (RNF)**.

### What’s happening
A failure occurs **independently of sensor readings** and without a clear torque, temperature, speed, or wear signature. It is essentially a **low-probability background failure** that can happen regardless of process state.

### Why
According to the context, RNF represents:
- **Failure modes not captured by the other four mechanisms**
- **Unmodeled component defects**
- **Unexpected external events**
- **Residual failure risk inherent in any mechanical system**

In the source dataset, this is modeled as a **small constant probability (~0.1%)** applied to every process instance.

### Recommended action
- **Do not try to build sensor-based early-warning rules** specifically for RNF, since it is considered irreducible background risk.
- **Track RNF incidents separately** in reporting so they are not incorrectly assigned to other failure categories.
- Focus on **general reliability measures** like redundancy, spare parts, and rapid-response maintenance.
- Since RNF is unpredictable, response should emphasize **rapid detection-after-the-fact and containment**, not prevention.","Represents failure modes not captured by the other four mechanisms: unmodeled component defects, unexpected external events, or residual failure risk inherent to any mechanical system. In the source dataset this is modeled as a small constant probability (~0.1%) applied to every process instance regardless of other conditions.",b4c5d8e838
"In predictive maintenance, why would a machine still have a small chance of random failure?","**What’s happening**  
A machine can still fail even when all sensor readings look normal because there is a **small background chance of failure** that is **not tied to any sensor signal**.

**Why this happens**  
The context says **Random Failure (RNF)** occurs **independently of torque, temperature, speed, or wear**. It is described as an **irreducible residual failure risk** or **unmodeled defect/external event**, modeled as a **small constant probability (~0.1%)** applied to every process instance. So even if no other failure conditions are present, there is still a small chance of failure.

**Recommended action**  
Because RNF is **unpredictable**, the response should focus on **rapid detection after the fact and containment**, rather than trying to prevent it through sensor-based diagnosis.","Represents failure modes not captured by the other four mechanisms: unmodeled component defects, unexpected external events, or residual failure risk inherent to any mechanical system. In the source dataset this is modeled as a small constant probability (~0.1%) applied to every process instance regardless of other conditions.",b4c5d8e838
What kinds of issues are counted as random failures instead of the other modeled failure modes?,"Issues counted as **random failures (RNF)** are those that **do not fit any of the other modeled failure modes**.

### What’s happening
These are failures where:
- the machine fails **with no clear sensor signature**
- sensor readings may look **completely normal**
- there is **no torque, temperature, speed, or tool-wear pattern**
- the event seems **uncused or background** rather than tied to a specific mechanism

### Why this is classified as random failure
Per the context, RNF represents:
- **unmodeled component defects**
- **unexpected external events**
- **residual failure risk inherent to any mechanical system**

It is also described as a **small constant probability (~0.1%) applied to every process instance**, independent of other conditions.  
So if none of the modeled trigger conditions for TWF / HDF / PWF / OSF are met, the failure should be treated as **random failure**, not forced into another category.

### Recommended action
- **Track these incidents separately** in reporting
- **Do not fold them into** TWF/HDF/PWF/OSF statistics
- Focus on **rapid detection after the fact and containment**, since RNF is **unpredictable** and not something you can reliably prevent based on sensor conditions","Represents failure modes not captured by the other four mechanisms: unmodeled component defects, unexpected external events, or residual failure risk inherent to any mechanical system. In the source dataset this is modeled as a small constant probability (~0.1%) applied to every process instance regardless of other conditions.",b4c5d8e838
How is the residual failure risk handled for each process instance in the source dataset?,"In the source dataset, the residual failure risk is handled as a **Random Failure (RNF)** mechanism: a **small constant probability of about 0.1% is applied to every process instance**, regardless of sensor readings or other conditions.

**What’s happening**
- Every process instance carries a small background chance of failure.
- This failure is treated as **irreducible random risk**, not tied to torque, temperature, speed, or tool wear.

**Why**
- The context says RNF represents failure modes not captured by the other mechanisms, including **unmodeled defects, unexpected external events, or residual inherent risk**.
- It is modeled as a **constant probability (~0.1%)** applied across all instances.

**Recommended action**
- **Track these incidents separately** from TWF/HDF/PWF/OSF in reporting.
- Do **not** force a sensor-based root cause when no trigger conditions are met.
- Focus on **rapid detection and containment after the fact**, since this type of failure is not predictable from the provided signals.","Represents failure modes not captured by the other four mechanisms: unmodeled component defects, unexpected external events, or residual failure risk inherent to any mechanical system. In the source dataset this is modeled as a small constant probability (~0.1%) applied to every process instance regardless of other conditions.",b4c5d8e838
Why does the model apply about a 0.1% failure probability even when the machine looks normal?,"What’s happening:
- A small failure probability can still appear even when the machine looks normal because some failure modes are not obvious from the raw sensor readings.

Why:
- For **tool wear failure (TWF)**, the context says it is a **time-based failure mode, not a stress-based one**.
- It can become likely after about **200–240 minutes of cumulative tool wear** **even if torque, temperature, and rotational speed all look completely normal**.
- So a model may assign around a **0.1% failure probability** simply because the machine has accumulated enough runtime, not because the current sensors look abnormal.
- The context also warns that a model’s predicted failure probability is **not the same as a confirmed condition**, so the flag should be checked against the actual derived feature before claiming a root cause.

Recommended action:
- **Cross-check the model flag against the relevant derived feature** before writing a report.
- If this is a **tool wear** case, focus on **runtime / cumulative wear** rather than the sensors alone.
- If the report is high severity, route it to the **line supervisor immediately**; otherwise use the **standard maintenance queue**.","Represents failure modes not captured by the other four mechanisms: unmodeled component defects, unexpected external events, or residual failure risk inherent to any mechanical system. In the source dataset this is modeled as a small constant probability (~0.1%) applied to every process instance regardless of other conditions.",b4c5d8e838
"Is there any sensor pattern or signature that can reliably point to an RNF event, or is it basically random by design?","No — based on the context, there is **no reliable sensor pattern or signature** for an RNF event.

### What’s happening
RNF (Random Failure) is described as a **background failure** that occurs **independently of sensor readings**. The context explicitly says there is **no correlation** with:
- air temperature
- process temperature
- rotational speed
- torque
- tool wear

So if an event is truly RNF, it is **basically random by design** from the perspective of the available sensors.

### Why
The mechanism given is that RNF is a **low-probability constant failure rate** applied uniformly across process instances, regardless of process state. In other words, the failure is **not driven by observable sensor conditions**, so a sensor-based model should not be expected to predict it meaningfully better than the base rate.

The context also warns that if a model or report claims a strong sensor-based explanation for an RNF event, that should be treated with skepticism because it is likely **overfitting to coincidental patterns**, not identifying a real causal signature.

### Recommended action
- **Do not build sensor-based early-warning rules for RNF specifically.**
- Treat RNF as **irreducible background risk**.
- Track RNF incidents separately in reporting so they are not misattributed to other failure types.
- Use **general reliability measures** instead, such as redundancy, spare parts, and rapid-response maintenance.

If you want, I can also help distinguish RNF from sensor-driven failure types like TWF, HDF, PWF, or OSF.","None. By design, RNF has no correlation with air temperature, process temperature, rotational speed, torque, or tool wear. Any model or rule attempting to predict RNF from sensor features should not be expected to perform meaningfully better than the base rate.

**Common misdiagnosis:** If a report generator or model claims a strong sensor-based explanation for an RNF-labeled event, treat that explanation with skepticism — it is likely overfitting to coincidental patterns rather than a real causal signature.",540eb89eaa
"Can we predict RNF from machine sensors like air temp, process temp, speed, torque, or tool wear, or does that usually fail?","No — RNF usually **cannot be meaningfully predicted** from those sensor fields.

### What’s happening
RNF has **no correlation by design** with:
- air temperature
- process temperature
- rotational speed
- torque
- tool wear

### Why
The context explicitly says RNF has **no sensor signature**. So any model or rule trying to predict RNF from those features should **not be expected to do better than the base rate**. If a model claims a strong sensor-based explanation for an RNF event, that is likely **overfitting to coincidence**, not a real causal pattern.

### Recommended action
- **Do not rely on sensor-based prediction for RNF**
- Treat any strong RNF prediction from these features with skepticism
- If you need failure detection, use conditions tied to other failure modes or actual halt/defect evidence rather than RNF sensor patterns","None. By design, RNF has no correlation with air temperature, process temperature, rotational speed, torque, or tool wear. Any model or rule attempting to predict RNF from sensor features should not be expected to perform meaningfully better than the base rate.

**Common misdiagnosis:** If a report generator or model claims a strong sensor-based explanation for an RNF-labeled event, treat that explanation with skepticism — it is likely overfitting to coincidental patterns rather than a real causal signature.",540eb89eaa
"If a model says it found a strong sensor-based cause for an RNF failure, should I trust that result or assume it may be overfitting?","**Short answer:** Do **not** automatically trust it. For an **RNF (Random Failure)** label, a strong sensor-based “cause” should be treated with **skepticism** and may well be **overfitting**.

### What’s happening
RNF is defined as a failure with **no sensor signature** — it has **no correlation** with air temperature, process temperature, rotational speed, torque, or tool wear.

### Why
The context explicitly says that if a model or report generator claims a strong sensor-based explanation for an RNF event, that explanation is **likely overfitting to coincidental patterns rather than a real causal signature**.

### Recommended action
- **Do not** treat the model’s sensor-based explanation as confirmed.
- **Cross-check** any model output against the actual computed features before writing up a root cause.
- For RNF specifically, treat it as **irreducible background risk** rather than something to predict from sensors.
- Use **redundancy, spare parts, and fast response crews** to mitigate impact instead of relying on prediction.","None. By design, RNF has no correlation with air temperature, process temperature, rotational speed, torque, or tool wear. Any model or rule attempting to predict RNF from sensor features should not be expected to perform meaningfully better than the base rate.

**Common misdiagnosis:** If a report generator or model claims a strong sensor-based explanation for an RNF-labeled event, treat that explanation with skepticism — it is likely overfitting to coincidental patterns rather than a real causal signature.",540eb89eaa
What should I expect from any rule or predictive model when it tries to forecast RNF using sensor features?,"You should expect **no meaningful predictive power** from sensor-based rules or models for **RNF (Random Failure)**.

### What’s happening
RNF is treated as a **background failure mode** with **no sensor signature**. It is modeled as a small constant probability applied to every process instance, rather than something driven by air temperature, process temperature, rotational speed, torque, or tool wear.

### Why
The context says RNF has **no correlation** with the available sensor features. Because of that, any rule or model trying to forecast RNF from those sensor values should **not be expected to perform better than the base rate**. If a model claims a strong sensor-based explanation for an RNF event, that should be viewed with skepticism because it is likely **overfitting to coincidence**, not detecting a real causal pattern.

### Recommended action
- **Do not build sensor-based early-warning rules specifically for RNF.**
- Treat RNF as **irreducible background risk**.
- Use **redundancy, spare-part availability, and rapid-response maintenance crews** to reduce impact.
- In reporting, **track RNF incidents separately** so they are not wrongly attributed to other failure mechanisms.","None. By design, RNF has no correlation with air temperature, process temperature, rotational speed, torque, or tool wear. Any model or rule attempting to predict RNF from sensor features should not be expected to perform meaningfully better than the base rate.

**Common misdiagnosis:** If a report generator or model claims a strong sensor-based explanation for an RNF-labeled event, treat that explanation with skepticism — it is likely overfitting to coincidental patterns rather than a real causal signature.",540eb89eaa
"Does RNF have any real correlation with operating conditions, or should we treat it as having no sensor linkage at all?","**Short answer:** RNF should be treated as having **no real sensor linkage**. The context says RNF has **no correlation** with air temperature, process temperature, rotational speed, torque, or tool wear, so a sensor-based model or rule should **not** be expected to perform meaningfully better than the base rate.

### What’s happening
RNF is a **random/background failure** that can occur even when all sensor readings look normal.

### Why
Per the context, RNF is:
- **independent of operating conditions**
- **not correlated** with the listed sensor features
- best understood as an **irreducible background risk** rather than a condition-driven failure mode

If a model or report claims a strong sensor-based explanation for RNF, that should be treated as **likely overfitting or coincidence**, not a true causal signature.

### Recommended action
- **Do not build sensor-based early-warning rules for RNF specifically**
- **Track RNF incidents separately** so they aren’t misattributed to other failure modes
- Use **general reliability measures** instead:
  - redundancy
  - spare-part availability
  - rapid-response maintenance crews
- Focus on **rapid detection and containment after failure**, not prediction

","None. By design, RNF has no correlation with air temperature, process temperature, rotational speed, torque, or tool wear. Any model or rule attempting to predict RNF from sensor features should not be expected to perform meaningfully better than the base rate.

**Common misdiagnosis:** If a report generator or model claims a strong sensor-based explanation for an RNF-labeled event, treat that explanation with skepticism — it is likely overfitting to coincidental patterns rather than a real causal signature.",540eb89eaa
"What should we do when a random failure shows up, and is there any point in trying to build sensor-based warning rules for it?","When a random failure shows up, it means the event is being treated as **RNF (Random Failure)**: a **background failure that occurs independently of sensor readings**.

### What’s happening
- There is **no sensor signature** for RNF.
- It does **not correlate with air temperature, process temperature, rotational speed, torque, or tool wear**.
- It is modeled as a **small constant probability** applied across process instances, regardless of state.

### Why
- Because RNF is **irreducible background risk**, there is no meaningful sensor pattern to learn from.
- Any sensor-based rule or model is unlikely to do better than the base rate, and a “strong” explanation is likely just **overfitting to coincidence**.

### Recommended action
1. **Do not build sensor-based early-warning rules for RNF specifically.**
2. **Track RNF-labeled incidents separately** in reporting so they aren’t misattributed during root-cause review.
3. Focus on **reliability mitigations** instead of prediction:
   - redundancy
   - spare-part availability
   - rapid-response maintenance crews

So, **no, there usually isn’t much point in trying to build sensor-based warning rules for RNF**.","1. Do not attempt to build sensor-based early-warning rules for RNF specifically — treat it as irreducible background risk.
2. Track RNF-labeled incidents separately in reporting so they don't get incorrectly attributed to other failure mechanisms during root-cause review.
3. General reliability practices (redundancy, spare-part availability, rapid-response maintenance crews) mitigate RNF impact better than prediction.",82793c924f
How should RNF incidents be handled in maintenance reporting so they don’t get mixed up with other failure causes?,"RNF incidents should be **reported separately** from other failure modes and **not folded into TWF/HDF/PWF/OSF root-cause statistics**.

- **What’s happening:** An RNF event is a **random failure with no clear sensor signature or causal trigger**.
- **Why:** The context says RNF has **no correlation with sensor features** and is **irreducible background risk**, so assigning it to another failure cause would **distort root-cause data**.
- **Recommended action:** In maintenance reporting, **label and track RNF incidents separately** so they are not incorrectly attributed to other failure mechanisms during review. Focus response on **rapid detection after the fact and containment**, not prevention.","1. Do not attempt to build sensor-based early-warning rules for RNF specifically — treat it as irreducible background risk.
2. Track RNF-labeled incidents separately in reporting so they don't get incorrectly attributed to other failure mechanisms during root-cause review.
3. General reliability practices (redundancy, spare-part availability, rapid-response maintenance crews) mitigate RNF impact better than prediction.",82793c924f
"If RNF is just background risk, what kind of reliability measures actually help reduce its impact?","RNF is treated as **irreducible background risk**, so **sensor-based prediction won’t meaningfully reduce it**.

### What’s happening
- Random Failure (RNF) occurs **independently of sensor readings**.
- It has **no torque, temperature, speed, or wear signature** and is modeled as a **small constant probability** applied to every process instance.

### Why
- The context says RNF is **not something you should try to predict from sensors**.
- Because it has **no causal sensor signature**, early-warning rules for RNF specifically are not recommended.

### What reliability measures actually help
The context says **general reliability practices** reduce its impact better than prediction:
1. **Redundancy**
2. **Spare-part availability**
3. **Rapid-response maintenance crews**

### Recommended action
- **Do not build sensor-based early-warning rules for RNF.**
- **Track RNF incidents separately in reporting** so they are not misattributed during root-cause review.
- Focus on the general reliability measures above to mitigate the operational impact.","1. Do not attempt to build sensor-based early-warning rules for RNF specifically — treat it as irreducible background risk.
2. Track RNF-labeled incidents separately in reporting so they don't get incorrectly attributed to other failure mechanisms during root-cause review.
3. General reliability practices (redundancy, spare-part availability, rapid-response maintenance crews) mitigate RNF impact better than prediction.",82793c924f
"Should random failures be included in predictive-maintenance alarm logic, or is that the wrong approach?","**Short answer:** No — random failures are the wrong thing to base predictive-maintenance alarm logic on.

### What’s happening
Random failure happens **independently of sensor readings**. The context says there is **no torque, temperature, speed, or wear signature** associated with it, and that it is just a **low-probability background failure rate** applied uniformly regardless of process state.

### Why this is the wrong approach
Because RNF has **no correlation with air temperature, process temperature, rotational speed, torque, or tool wear**, a sensor-based predictive model or alarm rule **should not be expected to meaningfully outperform the base rate**. In other words, there is nothing reliable for alarm logic to “detect” ahead of time from normal process sensors.

If a model claims a confident sensor-driven explanation for these events, the context says to treat that with skepticism, since it is likely **overfitting to coincidence**.

### Recommended action
For random failures, focus on:
- **Rapid detection after the fact**
- **Containment**
- **Redundancy**
- **Spare-part availability**
- **Fast response crews**

So the right approach is **not predictive alarming based on sensors**, but **risk mitigation and response readiness**.","1. Do not attempt to build sensor-based early-warning rules for RNF specifically — treat it as irreducible background risk.
2. Track RNF-labeled incidents separately in reporting so they don't get incorrectly attributed to other failure mechanisms during root-cause review.
3. General reliability practices (redundancy, spare-part availability, rapid-response maintenance crews) mitigate RNF impact better than prediction.",82793c924f
What are the best practical steps for dealing with RNF events on the plant floor?,"For RNF (Random Failure) events on the plant floor:

### What’s happening
RNF is unpredictable by nature and does **not** have a usable sensor signature. It does not correlate with air temperature, process temperature, rotational speed, torque, or tool wear.

### Why
Because RNF is treated as **irreducible background risk**, it should not be expected to show a reliable pattern that a sensor-based early-warning rule can detect. If a report or model claims a strong sensor-based explanation, that should be viewed skeptically as likely overfitting.

### Recommended practical steps
1. **Do not build RNF-specific prediction rules** from sensor data.
2. **Focus on rapid detection after the fact and containment**, since prevention is not the main lever for RNF.
3. **Track RNF incidents separately** in reporting so they are not misattributed during root-cause review.
4. Use **general reliability measures** to reduce impact:
   - redundancy
   - spare-part availability
   - rapid-response maintenance crews

In short: **don’t try to predict RNF from sensors; instead, prepare to respond quickly and mitigate downtime with robust maintenance and spare coverage.**","1. Do not attempt to build sensor-based early-warning rules for RNF specifically — treat it as irreducible background risk.
2. Track RNF-labeled incidents separately in reporting so they don't get incorrectly attributed to other failure mechanisms during root-cause review.
3. General reliability practices (redundancy, spare-part availability, rapid-response maintenance crews) mitigate RNF impact better than prediction.",82793c924f
How should we handle a random failure event when it can’t really be predicted ahead of time?,"What’s happening:
- This is a **Random Failure (RNF)** event.
- It can happen even when all sensor readings look normal, because there is **no sensor signature** associated with it.

Why:
- RNF occurs **independently of torque, temperature, rotational speed, air temperature, and tool wear**.
- It is modeled as a **small constant background probability** applied to each process instance, rather than something driven by measurable machine conditions.
- So if no TWF/HDF/PWF/OSF trigger conditions were met, you should **not force a sensor-based explanation**.

Recommended action:
- Since RNF is **unpredictable by nature**, focus on:
  - **rapid detection after the fact**
  - **containment**
  - **safety response**
- Do **not** expect a predictive model based on sensor features to meaningfully forecast it beyond the base rate.","Because RNF is unpredictable by nature, response protocol should focus on rapid detection-after-the-fact and containment rather than prevention.",2d6db8473b
What’s the best response approach for RNF if prevention isn’t realistic?,"If prevention isn’t realistic for RNF, the best response is to focus on **rapid detection after the fact and containment**, not prediction.

### What’s happening
RNF is **random and unpredictable by nature**. It has **no sensor signature** and does **not correlate meaningfully** with air temperature, process temperature, rotational speed, torque, or tool wear.

### Why
Because RNF is an **irreducible background risk**, attempts to build sensor-based early-warning rules are not expected to work well. The context specifically says response should emphasize **containment rather than prevention**.

### Recommended action
1. **Do not try to predict RNF with sensor-based rules.**
2. **Track RNF-labeled incidents separately** in reporting so they are not misattributed to other failure modes.
3. Use **general reliability measures** to reduce impact:
   - redundancy
   - spare-part availability
   - rapid-response maintenance crews
4. Treat any strong sensor-based explanation for RNF with **skepticism**, since it may just be overfitting.

","Because RNF is unpredictable by nature, response protocol should focus on rapid detection-after-the-fact and containment rather than prevention.",2d6db8473b
"When a random failure happens, should the priority be catching it fast and containing it instead of trying to prevent it?","Yes — for **Random Failure (RNF)**, the priority should be **fast detection after the fact and containment**, not prevention.

### What’s happening
RNF is a **background failure** that can happen even when all sensor readings look normal. It occurs **independently of torque, temperature, speed, or wear** and has **no sensor signature**.

### Why
The context says RNF is **unpredictable by nature** and is modeled as a **small constant probability (~0.1%)** applied to every process instance regardless of conditions. Because it does **not correlate with sensor readings**, a predictive, sensor-based prevention approach is not expected to work well.

### Recommended action
Focus on:
- **Rapid detection after the event**
- **Containment**
- **Redundancy**
- **Spare-part availability**
- **Fast response crews**

So, the right strategy is not to try to predict or prevent RNF through sensors, but to **minimize impact when it occurs**.","Because RNF is unpredictable by nature, response protocol should focus on rapid detection-after-the-fact and containment rather than prevention.",2d6db8473b
What escalation steps make sense for unpredictable failures like RNF?,"For unpredictable failures like RNF, the sensible escalation path is:

### What’s happening
RNF is **random and unpredictable by nature**, with **no sensor signature** and no meaningful correlation to temperature, speed, torque, or tool wear.

### Why
Because RNF has **no reliable precursor pattern**, the context says you should **not rely on sensor-based early warning or predictive rules**. A confident sensor-driven explanation should be treated skeptically as likely **overfitting**.

### Recommended escalation steps
1. **Escalate for rapid detection-after-the-fact and containment**, not prevention.
2. **Treat RNF as irreducible background risk** rather than something to predict.
3. **Track RNF-labeled incidents separately** in reporting so they are not misattributed during root-cause review.
4. **Use general reliability mitigations**:
   - redundancy
   - spare-part availability
   - rapid-response maintenance crews

So, for RNF, escalation should focus on **fast response, containment, and correct classification**, not predictive alerting.","Because RNF is unpredictable by nature, response protocol should focus on rapid detection-after-the-fact and containment rather than prevention.",2d6db8473b
"For random failures, is the main focus on quick detection after the fact and limiting the damage?","Yes.

- **What’s happening:** For random failures, the main focus is on **rapid detection after the fact** and **containment/limiting damage**.
- **Why:** The context says random failure is **unpredictable by nature** and occurs **independently of any sensor reading**, with **no torque, temperature, speed, or wear signature**. Because of that, the response protocol should emphasize **rapid detection-after-the-fact and containment, not prevention**.
- **Recommended action:** Use **fast response crews**, **spare-part availability**, and **redundancy** to mitigate the impact, rather than trying to predict it from sensor data.","Because RNF is unpredictable by nature, response protocol should focus on rapid detection-after-the-fact and containment rather than prevention.",2d6db8473b
How can I tell which condition actually triggered the maintenance incident before I write the report?,"To tell which condition actually triggered the incident, **confirm the specific derived condition that fired before writing the report**:

- **Tool wear in 200–240 min band** → possible **TWF**
- **`temp_diff < 8.6 K` AND `rotational speed < 1380 rpm`** → possible **HDF**
- **Computed power outside 3500–9000 W** → possible **PWF**
- **`tool_wear × torque` over the variant threshold** → possible **OSF**
- **No condition met, but failure flagged** → likely **RNF**

### What’s happening
A model’s predicted failure probability is **not** the same as a confirmed condition.

### Why
The SOP says to **cross-check the model’s flag against the actual computed derived feature** (`power`, `temp_diff`, `strain_indicator`) **before writing a report that asserts a specific root cause**.

### Recommended action
1. Check which derived condition actually met its threshold.
2. Record the **condition(s) fired and their measured values vs. threshold** in the report.
3. Then include the severity, response window, corrective action, and whether halt criteria apply.

If you want, I can also format this into a one-line report template.","**Step 1 — Confirm the trigger.** Before generating an incident report, confirm which specific derived condition fired:
- Tool wear in 200–240 min band → possible TWF
- `temp_diff < 8.6 K` AND `rotational speed < 1380 rpm` → possible HDF
- Computed power outside 3500–9000 W → possible PWF
- `tool_wear × torque` over variant threshold → possible OSF
- No condition met, but failure flagged → likely RNF

**Step 2 — Severity classification.**

| Failure mode | Typical severity | Response window |
|---|---|---|
| PWF (overpower) | High | Immediate |
| OSF | High | Immediate |
| PWF (underpower) | Medium | Same shift |
| HDF | Medium | Same shift |
| TWF | Low–Medium | Next scheduled window |
| RNF | Variable | Case-by-case, post-hoc review |",31933c9da0
"What exact checks should I use to classify this as TWF, HDF, PWF, OSF, or RNF?","Use these exact checks, in order:

## 1) TWF — Tool Wear Failure
**Check:** tool wear time is in the **200–240 min** critical band.  
**Why:** the context says tool wear accumulates into a critical band, typically **between 200 and 240 minutes of continuous use**, and failure can occur even when other sensors look normal.  
**Action:** classify as **TWF** if the tool-wear condition is met.

---

## 2) HDF — Heat Dissipation Failure
**Check:** both of these are true:
- **`temp_diff < 8.6 K`**
- **rotational speed < 1380 rpm**

Where:
- `temp_diff = Process temperature − Air temperature`

**Why:** HDF is triggered by the combination of low temperature difference and low rotational speed.  
**Action:** classify as **HDF** if both conditions are met.

---

## 3) PWF — Power Failure
**Check:** computed **power** is outside **3500–9000 W**.

Where:
- `power = Torque × Rotational speed × (2π / 60)`

The context also notes severity distinctions:
- **PWF (overpower)** = high severity
- **PWF (underpower)** = medium severity

**Why:** PWF is defined by power falling outside the normal band.  
**Action:** classify as **PWF** if computed power is **< 3500 W** or **> 9000 W**.

---

## 4) OSF — Overstrain Failure
**Check:** **`tool_wear × torque`** is over the variant threshold.

**Why:** OSF is tied to the derived strain indicator:
- `strain_indicator = Tool wear × Torque`

The context says OSF is triggered when **tool_wear × torque** exceeds the threshold.  
**Action:** classify as **OSF** if that product is above the threshold.

---

## 5) RNF — Random Failure
**Check:** **none of the above trigger conditions are met**, but a failure is still flagged.  
**Why:** RNF is the background failure mode with **no sensor signature**, and the SOP says if none of TWF/HDF/PWF/OSF trigger, do not force a sensor-based explanation.  
**Action:** classify as **RNF** when no derived-condition trigger is present.

---

## Practical triage rule
1. Check **TWF** first: tool wear **200–240 min**  
2. Check **HDF**: `temp_diff < 8.6 K` and speed **< 1380 rpm**  
3. Check **PWF**: power **outside 3500–9000 W**  
4. Check **OSF**: `tool_wear × torque` above threshold  
5. If none match and failure is still present → **RNF**

If you want, I can turn this into a compact decision tree or pseudocode.","**Step 1 — Confirm the trigger.** Before generating an incident report, confirm which specific derived condition fired:
- Tool wear in 200–240 min band → possible TWF
- `temp_diff < 8.6 K` AND `rotational speed < 1380 rpm` → possible HDF
- Computed power outside 3500–9000 W → possible PWF
- `tool_wear × torque` over variant threshold → possible OSF
- No condition met, but failure flagged → likely RNF

**Step 2 — Severity classification.**

| Failure mode | Typical severity | Response window |
|---|---|---|
| PWF (overpower) | High | Immediate |
| OSF | High | Immediate |
| PWF (underpower) | Medium | Same shift |
| HDF | Medium | Same shift |
| TWF | Low–Medium | Next scheduled window |
| RNF | Variable | Case-by-case, post-hoc review |",31933c9da0
"If the computed power is outside 3500 to 9000 W, how urgent is the response and what severity should I assign?","If the computed power is outside **3500 to 9000 W**, that is a **Power Failure (PWF)** condition.

### What’s happening
- **Power < 3500 W**: the machine is **underpowered**.
- **Power > 9000 W**: the machine is **overpowered**.

### Why this matters
Power is calculated as:

**Power = Torque × Rotational speed × (2π/60)**

So an extreme combination of torque and speed can push power outside the safe band **even if torque or speed alone doesn’t look alarming**.

### Urgency and severity
- **Overpower (Power > 9000 W):**
  - **Urgency:** Immediate
  - **Severity:** **High**
- **Underpower (Power < 3500 W):**
  - **Urgency:** Same shift
  - **Severity:** **Medium**

### Recommended action
1. **Compute and monitor power directly** as a first-class derived metric.
2. If power is trending toward **3500 W or 9000 W**, **adjust torque or speed setpoints** before it crosses the limit.
3. If power is already outside the band without an obvious setpoint change, **investigate drive/motor calibration**.","**Step 1 — Confirm the trigger.** Before generating an incident report, confirm which specific derived condition fired:
- Tool wear in 200–240 min band → possible TWF
- `temp_diff < 8.6 K` AND `rotational speed < 1380 rpm` → possible HDF
- Computed power outside 3500–9000 W → possible PWF
- `tool_wear × torque` over variant threshold → possible OSF
- No condition met, but failure flagged → likely RNF

**Step 2 — Severity classification.**

| Failure mode | Typical severity | Response window |
|---|---|---|
| PWF (overpower) | High | Immediate |
| OSF | High | Immediate |
| PWF (underpower) | Medium | Same shift |
| HDF | Medium | Same shift |
| TWF | Low–Medium | Next scheduled window |
| RNF | Variable | Case-by-case, post-hoc review |",31933c9da0
"When tool wear and torque cross the variant threshold, do I treat it as OSF and escalate immediately?","Yes — if `Tool wear × Torque` crosses the **variant-specific threshold** for that product’s `Type` (L/M/H), that matches **Overstrain Failure (OSF)** and should be treated as a failure condition.

### What’s happening
OSF occurs when the **strain_indicator** exceeds the threshold:
- `strain_indicator = Tool wear × Torque`
- Thresholds are variant-specific:
  - **L**: ~11,000 min·Nm
  - **M**: ~12,000 min·Nm
  - **H**: ~13,000 min·Nm

### Why
The context says the product of wear and torque is what matters, not either factor alone. A worn tool under moderate torque or a fresh tool under high torque can both trigger OSF. Also, you must use the product’s **Type** to pick the correct threshold; using a single global threshold can misclassify the risk.

### Recommended action
- Check the product `Type` first.
- Compute `Tool wear × Torque`.
- If it exceeds that variant’s threshold, treat it as OSF and escalate/act accordingly.
- The context recommends considering **reducing torque setpoint** or **scheduling earlier tool replacement** if the batch is near threshold.

If you want, I can help you turn this into a simple decision rule or pseudo-code.","**Step 1 — Confirm the trigger.** Before generating an incident report, confirm which specific derived condition fired:
- Tool wear in 200–240 min band → possible TWF
- `temp_diff < 8.6 K` AND `rotational speed < 1380 rpm` → possible HDF
- Computed power outside 3500–9000 W → possible PWF
- `tool_wear × torque` over variant threshold → possible OSF
- No condition met, but failure flagged → likely RNF

**Step 2 — Severity classification.**

| Failure mode | Typical severity | Response window |
|---|---|---|
| PWF (overpower) | High | Immediate |
| OSF | High | Immediate |
| PWF (underpower) | Medium | Same shift |
| HDF | Medium | Same shift |
| TWF | Low–Medium | Next scheduled window |
| RNF | Variable | Case-by-case, post-hoc review |",31933c9da0
"If a failure is flagged but none of the rules fired, how should I handle the severity and review process?","If a failure is flagged but **none of the derived-condition rules fired**, treat it as **likely RNF (Random Failure)**.

### What’s happening
- The SOP says: **“No condition met, but failure flagged → likely RNF.”**
- RNF is described as **variable** and handled **case-by-case, post-hoc review**.

### Why
- RNF is considered **irreducible background risk**, so you should **not try to force it into sensor-based early-warning rules**.
- The context also says to **track RNF-labeled incidents separately** so they are not mistakenly attributed to another failure mode during root-cause review.

### Recommended action
1. **Assign RNF / variable severity** rather than forcing a specific failure-mode severity.
2. **Do a post-hoc review** instead of immediate rule-based classification.
3. **Record it separately in reporting** as RNF.
4. Escalate through the normal incident process, but note that RNF is **case-by-case** rather than tied to a fixed response window.

If you want, I can also format this as a short incident-report template entry.","**Step 1 — Confirm the trigger.** Before generating an incident report, confirm which specific derived condition fired:
- Tool wear in 200–240 min band → possible TWF
- `temp_diff < 8.6 K` AND `rotational speed < 1380 rpm` → possible HDF
- Computed power outside 3500–9000 W → possible PWF
- `tool_wear × torque` over variant threshold → possible OSF
- No condition met, but failure flagged → likely RNF

**Step 2 — Severity classification.**

| Failure mode | Typical severity | Response window |
|---|---|---|
| PWF (overpower) | High | Immediate |
| OSF | High | Immediate |
| PWF (underpower) | Medium | Same shift |
| HDF | Medium | Same shift |
| TWF | Low–Medium | Next scheduled window |
| RNF | Variable | Case-by-case, post-hoc review |",31933c9da0
What exact conditions mean I should stop the production line right away during an incident?,"You should stop the production line **immediately** during an incident if **any one** of these halt criteria is met:

1. **Computed power exceeds 9000 W**
2. **`tool_wear × torque` exceeds the variant threshold by more than 10%**
3. **Two or more failure conditions are firing at the same time**  
   - This is treated as a multi-mode failure and is higher severity.

### Why this is the trigger
The SOP says halt criteria are a **separate, stricter overlay** from severity. Even if a failure mode is only medium or low severity, you still must stop the line if one of those three conditions is true.

### Recommended action
- **If any halt criterion is met:** stop the line right away and route the incident to the **line supervisor immediately**.
- **If none are met:** do **not** halt the line; instead, **flag the unit for inspection at the next scheduled maintenance window**.

If you want, I can also turn this into a quick decision checklist.","**Step 3 — Halt criteria.** Halt the process immediately if ANY of the following hold, regardless of which failure mode triggered:
- Computed power exceeds 9000 W
- `tool_wear × torque` exceeds the variant threshold by more than 10%
- Two or more failure conditions are met simultaneously (multi-mode failures are rare but higher severity)

Otherwise, flag for inspection at the next scheduled maintenance window rather than halting — unnecessary halts carry their own production cost.",811e19f510
"If the computed power goes above 9000 W, do I need to halt the machine immediately?","Yes. If the **computed power exceeds 9000 W**, that is a **halt criterion**.

### What’s happening
The machine is in an **overpower** condition because power is calculated as:

`Power [W] = Torque [Nm] × Rotational speed [rad/s]`
(or, using rpm: `Torque × rpm × (2π/60)`)

### Why this matters
Per the SOP, **computed power over 9000 W** is one of the specific conditions that requires an **immediate stop**, regardless of severity rating.

### Recommended action
- **Halt the machine immediately**
- Do **not** wait for the next maintenance window

If you want, I can also summarize the other two halt criteria.","**Step 3 — Halt criteria.** Halt the process immediately if ANY of the following hold, regardless of which failure mode triggered:
- Computed power exceeds 9000 W
- `tool_wear × torque` exceeds the variant threshold by more than 10%
- Two or more failure conditions are met simultaneously (multi-mode failures are rare but higher severity)

Otherwise, flag for inspection at the next scheduled maintenance window rather than halting — unnecessary halts carry their own production cost.",811e19f510
When does tool wear multiplied by torque require an instant stop instead of waiting for maintenance?,"An **instant stop** is required when **`tool_wear × torque` exceeds the variant threshold by more than 10%**.

### What’s happening
This is **Overstrain Failure (OSF)**, where the derived **strain_indicator** is:

`strain_indicator = Tool wear [min] × Torque [Nm]`

OSF occurs when this value crosses the threshold:
- **L:** ~11,000 min·Nm  
- **M:** ~12,000 min·Nm  
- **H:** ~13,000 min·Nm

### Why
The context says this combined measure reflects **accumulated mechanical strain**. A worn tool under moderate torque, or a fresh tool under high torque, can both trigger OSF. The escalation rule says you **do not always halt immediately** for a failure condition, **except** when:
- computed power is over **9000 W**
- **`tool_wear × torque` exceeds the variant threshold by more than 10%**
- or **two or more failure conditions fire simultaneously**

### Recommended action
- If **`tool_wear × torque` > threshold × 1.10**, **stop the production line immediately**
- Otherwise, if OSF is detected but the stop criterion is not met, **flag the unit for inspection at the next scheduled maintenance window**","**Step 3 — Halt criteria.** Halt the process immediately if ANY of the following hold, regardless of which failure mode triggered:
- Computed power exceeds 9000 W
- `tool_wear × torque` exceeds the variant threshold by more than 10%
- Two or more failure conditions are met simultaneously (multi-mode failures are rare but higher severity)

Otherwise, flag for inspection at the next scheduled maintenance window rather than halting — unnecessary halts carry their own production cost.",811e19f510
"If two failure conditions happen at the same time, should I shut the line down even if the issue seems minor?","Yes. If **two or more failure conditions are met at the same time, the line should be stopped immediately**, even if each issue seems minor on its own.

### What’s happening
You have **simultaneous failure conditions**.

### Why
The triage SOP says the **halt criteria are separate from severity**. One of the explicit stop conditions is:

- **“two or more failure conditions are met at once”**

This applies **regardless of how minor the issues seem** and regardless of the individual severity ratings.

### Recommended action
- **Shut the line down immediately**
- Escalate for inspection and corrective action
- Do **not** defer to the next maintenance window, because simultaneous failures trigger the halt rule

If you want, I can also help you interpret which combinations of failure modes count as two simultaneous conditions.","**Step 3 — Halt criteria.** Halt the process immediately if ANY of the following hold, regardless of which failure mode triggered:
- Computed power exceeds 9000 W
- `tool_wear × torque` exceeds the variant threshold by more than 10%
- Two or more failure conditions are met simultaneously (multi-mode failures are rare but higher severity)

Otherwise, flag for inspection at the next scheduled maintenance window rather than halting — unnecessary halts carry their own production cost.",811e19f510
When can I just flag the issue for the next maintenance window instead of stopping production?,"You can **flag it for the next maintenance window instead of stopping production** when **none of the halt criteria are met**.

### What’s happening
The issue is being treated as a **non-immediate-severity condition** that can wait for inspection or scheduled maintenance.

### Why
Per the SOP, you only stop the line immediately if **any** of these occur:
- **Computed power exceeds 9000 W**
- **`tool_wear × torque` exceeds the variant threshold by more than 10%**
- **Two or more failure conditions are firing simultaneously**

If **none** of those apply, then the unit should be **flagged for inspection at the next scheduled maintenance window**.

### Recommended action
- **Do not halt production**
- **Flag the unit for next scheduled maintenance / inspection**
- If it’s a **Tool Wear Failure**, it is typically a **quality/downtime issue rather than an acute safety hazard**, so escalation is usually for **scheduling**, unless **tool fracture risk is confirmed**

If you want, I can also turn this into a quick decision rule you can use on the floor.","**Step 3 — Halt criteria.** Halt the process immediately if ANY of the following hold, regardless of which failure mode triggered:
- Computed power exceeds 9000 W
- `tool_wear × torque` exceeds the variant threshold by more than 10%
- Two or more failure conditions are met simultaneously (multi-mode failures are rare but higher severity)

Otherwise, flag for inspection at the next scheduled maintenance window rather than halting — unnecessary halts carry their own production cost.",811e19f510
"What needs to go into an incident report, and how do I decide if it goes straight to the line supervisor or just into maintenance queue?","Here’s the SOP-based way to handle it.

## What to include in the incident report
Every incident report should state:

1. **Which condition(s) fired** and their **measured values vs. threshold**
2. **Severity classification** and the **recommended response window**
3. The **specific corrective action** from the relevant failure-mode document
4. Whether **immediate halt is required** per the **Halt Criteria** section

## How to decide where it goes
Use the severity classification:

- **High-severity incidents** → **route immediately to the line supervisor**
  - Examples given: **PWF overpower**, **OSF**, or **any incident meeting the halt criteria**
- **Low- and medium-severity incidents** → **route to the standard maintenance queue**
  - Examples given: **PWF underpower, HDF, or TWF**

## Why this matters
The SOP says escalation depends on **severity**, and the halt criteria can override normal routing. Also, you should **cross-check the model’s predicted failure probability against the actual computed derived feature** (`power`, `temp_diff`, `strain_indicator`) before writing a report that claims a specific root cause.

## Recommended action
- If the incident is **high severity** or meets **halt criteria**, **notify the line supervisor immediately** and document the halt status.
- If it is **low/medium severity**, put it in the **maintenance queue** with the required report details.","**Step 4 — Report contents.** Every incident report should state:
1. Which condition(s) fired and their measured values vs. threshold
2. Severity classification and recommended response window
3. The specific corrective action from the relevant failure-mode document
4. Whether immediate halt is required per the Halt Criteria section

**Step 5 — Escalation contacts.** Route high-severity incidents to line supervisor immediately; route low/medium severity to the standard maintenance queue.

**Caution on model confidence:** A model's predicted failure probability is not the same as a confirmed condition. Always cross-check the model's flag against the actual computed derived feature (power, temp_diff, strain_indicator) before writing a report that asserts a specific root cause.",bc2c341df0
"When I’m writing up an alarm or fault, what details should I include about the triggered condition, severity, and corrective action?","Include these details in your alarm/fault write-up:

1. **Triggered condition(s) and measured values**
   - State **which condition fired**
   - Include the **measured value(s) vs. the threshold/band**
   - Example format: “HDF condition met: temp_diff below threshold” or “TWF in-band: tool wear 215 min in the 200–240 min band.”

2. **Severity classification and response window**
   - Note the **severity level** from the relevant table
   - Include the **recommended response window**
   - For example, the context says **TWF is Low–Medium severity with a next-scheduled-window response**.

3. **Corrective action**
   - Include the **specific corrective action from the relevant failure-mode document**
   - For **Power Failure**, the context says to:
     - check active alarms and confirm electrical supply is within range
     - inspect cables, connectors, fuses, breakers, contactors, motor, and drive
     - compare commanded vs. measured speed, torque, current, and power
     - inspect driven equipment for binding, overload, or misalignment
     - correct the electrical or mechanical fault before resetting protection devices

4. **Whether immediate halt is required**
   - State whether the **halt criteria** are met
   - The incident report should say if **immediate halt is required per the Halt Criteria section**

Also, when writing up the fault, **cross-check the model’s predicted failure flag against the actual computed derived feature**—such as **power, temp_diff, or strain_indicator**—before asserting a specific root cause.

A clear write-up should answer:
- **What’s happening**
- **Why it’s happening** using the relevant measured condition/feature
- **What to do next** using the failure-mode corrective action

If you want, I can turn this into a short incident-report template.","**Step 4 — Report contents.** Every incident report should state:
1. Which condition(s) fired and their measured values vs. threshold
2. Severity classification and recommended response window
3. The specific corrective action from the relevant failure-mode document
4. Whether immediate halt is required per the Halt Criteria section

**Step 5 — Escalation contacts.** Route high-severity incidents to line supervisor immediately; route low/medium severity to the standard maintenance queue.

**Caution on model confidence:** A model's predicted failure probability is not the same as a confirmed condition. Always cross-check the model's flag against the actual computed derived feature (power, temp_diff, strain_indicator) before writing a report that asserts a specific root cause.",bc2c341df0
"How do I tell whether a predicted failure is real enough to report as the actual root cause, or do I need to verify the derived feature first?","A predicted failure is **not enough by itself** to report as the actual root cause.

**What to do instead**
- **Verify the derived feature first**:
  - `power` for PWF
  - `temp_diff` for HDF
  - `strain_indicator` for OSF
- Only after the **computed derived feature** confirms the condition should you write a report that asserts a specific root cause.

**Why**
- The SOP says a model’s predicted failure probability is **not the same as a confirmed condition**.
- It explicitly says to **cross-check the model’s flag against the actual computed derived feature** before reporting a root cause.
- It also says these failure modes **cannot be correctly diagnosed from raw sensor values alone**; the derived features must be computed first.

**What’s happening**
- The model may be flagging risk, but the report should be based on the **measured condition vs. threshold**, not just prediction.
- For example, Power Failure is defined using the derived `power` value, not torque or speed separately.

**Recommended action**
1. Compute the relevant derived feature.
2. Check whether it is actually beyond or trending toward the threshold.
3. If confirmed, include:
   - the condition(s) that fired and measured values vs. threshold
   - severity and response window
   - the corrective action from the failure-mode document
   - whether immediate halt is required
4. Escalate high-severity incidents to the line supervisor immediately; low/medium severity to the standard maintenance queue.","**Step 4 — Report contents.** Every incident report should state:
1. Which condition(s) fired and their measured values vs. threshold
2. Severity classification and recommended response window
3. The specific corrective action from the relevant failure-mode document
4. Whether immediate halt is required per the Halt Criteria section

**Step 5 — Escalation contacts.** Route high-severity incidents to line supervisor immediately; route low/medium severity to the standard maintenance queue.

**Caution on model confidence:** A model's predicted failure probability is not the same as a confirmed condition. Always cross-check the model's flag against the actual computed derived feature (power, temp_diff, strain_indicator) before writing a report that asserts a specific root cause.",bc2c341df0
"For a high-severity incident, who do I escalate it to right away, and what should be mentioned in the report?","For a **high-severity incident**, escalate it **immediately to the line supervisor**.

What should be included in the report:
1. **Which condition(s) fired** and their **measured values vs. threshold**
2. The **severity classification** and the **recommended response window**
3. The **specific corrective action** from the relevant failure-mode document
4. Whether **immediate halt is required** per the Halt Criteria section

Also, before stating a specific root cause, **cross-check the model’s predicted failure probability against the actual computed derived feature** (`power`, `temp_diff`, or `strain_indicator`).","**Step 4 — Report contents.** Every incident report should state:
1. Which condition(s) fired and their measured values vs. threshold
2. Severity classification and recommended response window
3. The specific corrective action from the relevant failure-mode document
4. Whether immediate halt is required per the Halt Criteria section

**Step 5 — Escalation contacts.** Route high-severity incidents to line supervisor immediately; route low/medium severity to the standard maintenance queue.

**Caution on model confidence:** A model's predicted failure probability is not the same as a confirmed condition. Always cross-check the model's flag against the actual computed derived feature (power, temp_diff, strain_indicator) before writing a report that asserts a specific root cause.",bc2c341df0
"If the system flags a condition, what’s the proper way to document it so the report covers thresholds, response timing, and whether the machine must stop?","Document it in the incident report by including all of these items:

1. **The specific condition that fired**  
   - State the derived condition and its measured value versus the threshold.  
   - For example, for heat dissipation failure, note the trigger like `temp_diff < 8.6 K` and `rotational speed < 1380 rpm`, with the actual readings.

2. **Severity and response timing**  
   - Record the severity classification and the required response window.  
   - For **HDF**, the typical severity is **Medium** with a **same-shift** response.

3. **The corrective action**  
   - Include the specific action from the relevant failure-mode guidance.  
   - For HDF, that means addressing overheating and, if applicable, following the safety steps for cooling-system access and lockout/tagout.

4. **Whether the machine must stop**  
   - Explicitly state if an immediate halt is required under the Halt Criteria.  
   - For HDF, stop the machine if the **temperature exceeds its approved limit** or if there is **smoke, odor, leakage, or rapid heating**.

### Proper report wording structure
- **Condition fired:** [condition] with [measured value] vs. [threshold]  
- **Severity / response window:** [severity], [same shift / immediate / next scheduled window]  
- **Corrective action:** [specific action]  
- **Halt required:** [yes/no], based on Halt Criteria

### What’s happening and why
A heat dissipation failure indicates **abnormally high machine/process temperature** and **weaker-than-expected cooling performance**, often with temperature rising during sustained or heavy operation. That is why the report must show the trigger values, the urgency, and whether the machine needs to be stopped.","**Step 4 — Report contents.** Every incident report should state:
1. Which condition(s) fired and their measured values vs. threshold
2. Severity classification and recommended response window
3. The specific corrective action from the relevant failure-mode document
4. Whether immediate halt is required per the Halt Criteria section

**Step 5 — Escalation contacts.** Route high-severity incidents to line supervisor immediately; route low/medium severity to the standard maintenance queue.

**Caution on model confidence:** A model's predicted failure probability is not the same as a confirmed condition. Always cross-check the model's flag against the actual computed derived feature (power, temp_diff, strain_indicator) before writing a report that asserts a specific root cause.",bc2c341df0
"What raw sensor and process fields are included in the AI4I dataset, and what does each one represent?","The AI4I dataset includes these **raw sensor and process fields**:

| Field | Represents |
|---|---|
| **Type** | Product quality variant: **Low (L), Medium (M), or High (H)** |
| **Air temperature** | Ambient temperature near the process, in **K** |
| **Process temperature** | Temperature of the process itself, in **K**; typically about **air temperature + 10 K + noise** |
| **Rotational speed** | Spindle/tool rotational speed, in **rpm** |
| **Torque** | Applied torque, in **Nm** |
| **Tool wear** | Cumulative tool usage time, in **minutes** |

### What’s happening / why these fields matter
These are the raw inputs used to monitor the machine. Several failure mechanisms are not identifiable from a single raw field alone:

- **Heat Dissipation Failure (HDF)** needs **air temperature, process temperature, and rotational speed**
- **Power Failure (PWF)** needs **torque and rotational speed**
- **Overstrain Failure (OSF)** needs **Type, tool wear, and torque**
- **Tool Wear Failure (TWF)** uses **tool wear directly**
- **Random Failure (RNF)** is not tied to sensor values; it is a background probability

### Recommended action
Use the raw fields above as the base measurements, and compute the key derived features before diagnosis:

- **`temp_diff = Process temperature − Air temperature`** for HDF
- **`power = Torque × Rotational speed × (2π / 60)`** for PWF
- **`strain_indicator = Tool wear × Torque`** for OSF

The context specifically notes that **HDF, PWF, and OSF cannot be correctly diagnosed from raw sensor values alone**, so these derived features should be calculated first.","| Field | Unit | Description |
|---|---|---|
| Type | L/M/H | Product quality variant |
| Air temperature | K | Ambient temperature near the process |
| Process temperature | K | Temperature of the process itself (typically air temp + ~10K + noise) |
| Rotational speed | rpm | Spindle/tool rotational speed |
| Torque | Nm | Applied torque |
| Tool wear | min | Cumulative tool usage time |",0bfeee1a18
"Does the AI4I data record product type along with temperature, speed, torque, and tool wear values?","Yes. The AI4I dataset records the product **Type** (L/M/H) along with:

- Air temperature
- Process temperature
- Rotational speed
- Torque
- Tool wear

From the context, **Type** is the product’s quality variant, and it is especially important for **Overstrain Failure (OSF)** because the failure threshold depends on the variant.  

### Why this matters
- **Type** does **not** factor into HDF, PWF, or TWF calculations.
- It **does** matter for OSF because the threshold for `tool wear × torque` is different for L, M, and H products.

### Recommended action
When using AI4I data, always include **Type** as a field, especially if you are diagnosing or predicting **Overstrain Failure**.","| Field | Unit | Description |
|---|---|---|
| Type | L/M/H | Product quality variant |
| Air temperature | K | Ambient temperature near the process |
| Process temperature | K | Temperature of the process itself (typically air temp + ~10K + noise) |
| Rotational speed | rpm | Spindle/tool rotational speed |
| Torque | Nm | Applied torque |
| Tool wear | min | Cumulative tool usage time |",0bfeee1a18
"Which measurements in the AI4I dataset are taken in Kelvin, and which one is given in rpm or Nm?","In the AI4I dataset:

- **Measured in Kelvin (K):**
  - **Air temperature**
  - **Process temperature**

- **Given in rpm or Nm:**
  - **Rotational speed** is given in **rpm**
  - **Torque** is given in **Nm**

Relevant reference from the context:
- Air temperature — **K**
- Process temperature — **K**
- Rotational speed — **rpm**
- Torque — **Nm**","| Field | Unit | Description |
|---|---|---|
| Type | L/M/H | Product quality variant |
| Air temperature | K | Ambient temperature near the process |
| Process temperature | K | Temperature of the process itself (typically air temp + ~10K + noise) |
| Rotational speed | rpm | Spindle/tool rotational speed |
| Torque | Nm | Applied torque |
| Tool wear | min | Cumulative tool usage time |",0bfeee1a18
"What does the process temperature field mean in the AI4I dataset, and how is it different from air temperature?","In the AI4I dataset:

- **Air temperature** is the **ambient temperature near the process**.
- **Process temperature** is the **temperature of the process itself**.

According to the context, process temperature is **typically about air temperature + ~10 K, plus some noise**. So it is usually higher than air temperature because it reflects the internal process heat, not just the surrounding environment.

### Key difference
- **Air temperature** = outside/ambient condition
- **Process temperature** = actual process heat level

### Why this matters
The context says Heat Dissipation Failure depends on the **gap** between them:

- `Process temperature − Air temperature < 8.6 K`

If that gap is small, there is not enough thermal gradient for heat to be carried away effectively, especially when:

- `Rotational speed < 1380 rpm`

### Recommended action
Check **both**:
1. **Process temperature − Air temperature**
2. **Rotational speed**

Do not rely on either temperature alone; the **difference** and the **low-speed condition together** are what indicate the heat dissipation risk.","| Field | Unit | Description |
|---|---|---|
| Type | L/M/H | Product quality variant |
| Air temperature | K | Ambient temperature near the process |
| Process temperature | K | Temperature of the process itself (typically air temp + ~10K + noise) |
| Rotational speed | rpm | Spindle/tool rotational speed |
| Torque | Nm | Applied torque |
| Tool wear | min | Cumulative tool usage time |",0bfeee1a18
"How is tool wear tracked in the AI4I dataset, and what unit is used for it?","In the AI4I dataset, **tool wear is tracked as cumulative tool usage time**, and its unit is **minutes (`min`)**.

- **What’s happening:** the dataset records how long the tool has been used over time.
- **Why this matters:** tool wear is a wear-out measure, so higher values indicate progressive mechanical degradation of the cutting tool edge.
- **Relevant field:** `Tool wear [min]` = cumulative tool usage time.

","| Field | Unit | Description |
|---|---|---|
| Type | L/M/H | Product quality variant |
| Air temperature | K | Ambient temperature near the process |
| Process temperature | K | Temperature of the process itself (typically air temp + ~10K + noise) |
| Rotational speed | rpm | Spindle/tool rotational speed |
| Torque | Nm | Applied torque |
| Tool wear | min | Cumulative tool usage time |",0bfeee1a18
"What derived values do I need to calculate before trying to diagnose the failure modes, and what raw sensor fields feed into each one?","Before diagnosing failure modes, you should compute these derived values:

| Derived value | Raw sensor fields used | Formula | Used for |
|---|---|---|---|
| `temp_diff` | Process temperature, Air temperature | Process temperature − Air temperature | HDF |
| `power` | Torque, Rotational speed | Torque × Rotational speed × (2π / 60) | PWF |
| `strain_indicator` | Tool wear, Torque | Tool wear × Torque | OSF |

### What this means
The context says the sensor-driven failure modes cannot be correctly diagnosed from raw values alone because HDF, PWF, and OSF depend on combinations of multiple fields. So you should calculate these derived features first, then use them for failure diagnosis.

### Failure mode field requirements
- **TWF:** Tool wear only
- **HDF:** Air temperature, Process temperature, Rotational speed
- **PWF:** Torque, Rotational speed
- **OSF:** Type, Tool wear, Torque
- **RNF:** None

### Mechanism and action for HDF
For **Heat Dissipation Failure**, the important mechanism is not the raw temperatures individually, but the **gap** between process temperature and air temperature. The context says to watch:
- `temp_diff < 8.6 K`
- and `Rotational speed < 1380 rpm`
at the same time.

**Recommended action:** monitor `temp_diff` as a first-class feature, not just raw temperatures, and if rotational speed stays below 1380 rpm, check whether the temperature gap is also shrinking.","| Derived feature | Formula | Used for |
|---|---|---|
| temp_diff | Process temperature − Air temperature | HDF |
| power | Torque × Rotational speed × (2π / 60) | PWF |
| strain_indicator | Tool wear × Torque | OSF |

**Why derived features matter:** None of the four sensor-driven failure modes (TWF excepted, which uses tool wear directly) can be correctly diagnosed from raw sensor values alone. HDF, PWF, and OSF are all defined on combinations of two or more raw fields. Any retrieval or reasoning system working with this data should compute these derived features before attempting root-cause classification, not rely on an LLM to mentally combine raw values on the fly.

**Quick lookup — which fields matter for which failure mode:**

| Failure mode | Fields required |
|---|---|
| TWF | Tool wear |
| HDF | Air temperature, Process temperature, Rotational speed |
| PWF | Torque, Rotational speed |
| OSF | Type, Tool wear, Torque |
| RNF | None (background rate) |",a6e115a7d3
"For HDF, PWF, and OSF, which measurements should I look at first, and are any of them just simple combinations instead of raw readings?","For these three failure modes, you should look at the **derived measurement first**, not the raw readings alone:

- **HDF (Heat Dissipation Failure):** look first at **`temp_diff = Process temperature − Air temperature`**
- **PWF (Power Failure):** look first at **`power = Torque × Rotational speed × (2π / 60)`**
- **OSF (Overstrain Failure):** look first at **`strain_indicator = Tool wear × Torque`**

## What’s happening
These are **not simple single-sensor failures**. The context says **HDF, PWF, and OSF are all defined on combinations of two or more raw fields**, so raw values by themselves are not enough for diagnosis.

## Why
From the reference:

- **HDF** requires **Air temperature, Process temperature, Rotational speed**
  - The key mechanism is the **temperature gap**: raw air and process temperatures can each look normal, but the **difference** is what matters.
  - Early warning is when `temp_diff` drops below **8.6 K**, especially if rotational speed is below **1380 rpm**.

- **PWF** requires **Torque, Rotational speed**
  - The important feature is the computed **power**, not torque or speed alone.

- **OSF** requires **Type, Tool wear, Torque**
  - The important feature is the computed **strain_indicator**, which combines **tool wear and torque**.

## Recommended action
1. **Compute and monitor the derived features first:**
   - `temp_diff`
   - `power`
   - `strain_indicator`

2. **Do not rely on raw sensor values alone** to infer root cause.

3. For **HDF specifically**, watch for:
   - `temp_diff < 8.6 K`
   - and rotational speed ` < 1380 rpm`

If you want, I can also turn this into a quick field-by-field checklist for HDF vs PWF vs OSF.","| Derived feature | Formula | Used for |
|---|---|---|
| temp_diff | Process temperature − Air temperature | HDF |
| power | Torque × Rotational speed × (2π / 60) | PWF |
| strain_indicator | Tool wear × Torque | OSF |

**Why derived features matter:** None of the four sensor-driven failure modes (TWF excepted, which uses tool wear directly) can be correctly diagnosed from raw sensor values alone. HDF, PWF, and OSF are all defined on combinations of two or more raw fields. Any retrieval or reasoning system working with this data should compute these derived features before attempting root-cause classification, not rely on an LLM to mentally combine raw values on the fly.

**Quick lookup — which fields matter for which failure mode:**

| Failure mode | Fields required |
|---|---|
| TWF | Tool wear |
| HDF | Air temperature, Process temperature, Rotational speed |
| PWF | Torque, Rotational speed |
| OSF | Type, Tool wear, Torque |
| RNF | None (background rate) |",a6e115a7d3
Can you give me a quick mapping of each failure mode to the exact fields I need to check on the machine?,"Here’s the quick field-to-failure-mode mapping from the context:

| Failure mode | Exact fields to check on the machine | Why these fields matter |
|---|---|---|
| **TWF** | **Tool wear** | TWF uses tool wear directly. |
| **HDF** | **Air temperature, Process temperature, Rotational speed** | Heat Dissipation Failure is diagnosed from the combination of these fields; `temp_diff = Process temperature − Air temperature` is the derived feature used for HDF. |
| **PWF** | **Torque, Rotational speed** | Power Failure uses these fields; `power = Torque × Rotational speed × (2π / 60)` is the derived feature used for PWF. |
| **OSF** | **Type, Tool wear, Torque** | OSF depends on these fields; `strain_indicator = Tool wear × Torque` is the derived feature used for OSF. |
| **RNF** | **None** | RNF is background rate, so no machine fields are required. |

### What’s happening
Each failure mode is tied to specific raw machine fields, and for HDF, PWF, and OSF you’re expected to use derived features rather than raw values alone.

### Why
The context states that:
- **HDF, PWF, and OSF** are defined on combinations of two or more raw fields.
- **TWF** is the exception because it uses **tool wear directly**.
- **RNF** does not require machine fields because it is a **background rate**.

### Recommended action
Use the listed fields for each failure mode when checking the machine. For **HDF, PWF, and OSF**, compute the relevant derived feature first before diagnosis.","| Derived feature | Formula | Used for |
|---|---|---|
| temp_diff | Process temperature − Air temperature | HDF |
| power | Torque × Rotational speed × (2π / 60) | PWF |
| strain_indicator | Tool wear × Torque | OSF |

**Why derived features matter:** None of the four sensor-driven failure modes (TWF excepted, which uses tool wear directly) can be correctly diagnosed from raw sensor values alone. HDF, PWF, and OSF are all defined on combinations of two or more raw fields. Any retrieval or reasoning system working with this data should compute these derived features before attempting root-cause classification, not rely on an LLM to mentally combine raw values on the fly.

**Quick lookup — which fields matter for which failure mode:**

| Failure mode | Fields required |
|---|---|
| TWF | Tool wear |
| HDF | Air temperature, Process temperature, Rotational speed |
| PWF | Torque, Rotational speed |
| OSF | Type, Tool wear, Torque |
| RNF | None (background rate) |",a6e115a7d3
"Which fault can be detected directly from tool wear, and which ones need more than one input to work out the root cause?","- **Detected directly from tool wear:** **Tool Wear Failure (TWF)**  
  - **What’s happening:** The cutting tool is progressively degrading until it can no longer cut cleanly, which can lead to fracture or process failure.  
  - **Why:** The context says to **monitor `Tool wear [min]` directly** for TWF; torque and rotational speed are **not reliable leading indicators** for this fault.  
  - **Recommended action:** Use **tool wear** as the primary diagnostic signal and inspect/replace the tool as wear increases.

- **Needs more than one input to work out the root cause:** **Overstrain Failure (OSF)** and **Power Failure (PWF)**  
  - **Overstrain Failure:** Root cause is based on **both** `Tool wear [min]` and `Torque [Nm]`, via  
    `strain_indicator = Tool wear [min] × Torque [Nm]`.  
    - **Recommended action:** Evaluate both tool wear and torque together; a single signal is not enough to identify the cause.
  - **Power Failure:** Power is a **derived quantity**, not directly measured, and is calculated from **Torque × Rotational speed**.  
    - **Recommended action:** Use **both torque and rotational speed** to compute power and assess whether power-related failure conditions are present.

So, **tool wear directly indicates Tool Wear Failure**, while **Overstrain Failure and Power Failure require multiple inputs** to determine the root cause.","| Derived feature | Formula | Used for |
|---|---|---|
| temp_diff | Process temperature − Air temperature | HDF |
| power | Torque × Rotational speed × (2π / 60) | PWF |
| strain_indicator | Tool wear × Torque | OSF |

**Why derived features matter:** None of the four sensor-driven failure modes (TWF excepted, which uses tool wear directly) can be correctly diagnosed from raw sensor values alone. HDF, PWF, and OSF are all defined on combinations of two or more raw fields. Any retrieval or reasoning system working with this data should compute these derived features before attempting root-cause classification, not rely on an LLM to mentally combine raw values on the fly.

**Quick lookup — which fields matter for which failure mode:**

| Failure mode | Fields required |
|---|---|
| TWF | Tool wear |
| HDF | Air temperature, Process temperature, Rotational speed |
| PWF | Torque, Rotational speed |
| OSF | Type, Tool wear, Torque |
| RNF | None (background rate) |",a6e115a7d3
"When I'm setting up a diagnostic check, what should I compute from temperature, torque, speed, and tool wear before classifying the fault?","Before classifying the fault, compute the **derived feature that matches the failure mechanism**:

- For **Power Failure (PWF)**, compute **`power` from torque and rotational speed**.
- For **Overstrain Failure (OSF)**, compute **`strain_indicator = Tool wear × Torque`**.
- For **Tool Wear Failure (TWF)**, use **`Tool wear [min]` directly**; torque and speed are **not** reliable leading indicators.

### What’s happening
You should not rely on raw temperature, torque, or speed by themselves. The context says the diagnostic distinction depends on the **derived feature**:
- **PWF:** check the **product** of torque and speed as `power`
- **OSF:** check `Tool wear × Torque`
- **TWF:** monitor **tool wear band** directly

### Why
- For **PWF**, normal-looking torque or speed alone can still produce an abnormal **power** value, so you must compute the product.
- For **OSF**, wear and torque trade off, so the relevant signal is their **product**.
- For **TWF**, torque and speed are **not** reliable early warnings; tool wear itself is the primary indicator.

### Recommended action
1. Compute the relevant derived feature first:
   - `power` for PWF
   - `strain_indicator = Tool wear × Torque` for OSF
2. For TWF, inspect `Tool wear [min]` directly.
3. Then classify the fault using that computed value rather than the raw inputs alone.","| Derived feature | Formula | Used for |
|---|---|---|
| temp_diff | Process temperature − Air temperature | HDF |
| power | Torque × Rotational speed × (2π / 60) | PWF |
| strain_indicator | Tool wear × Torque | OSF |

**Why derived features matter:** None of the four sensor-driven failure modes (TWF excepted, which uses tool wear directly) can be correctly diagnosed from raw sensor values alone. HDF, PWF, and OSF are all defined on combinations of two or more raw fields. Any retrieval or reasoning system working with this data should compute these derived features before attempting root-cause classification, not rely on an LLM to mentally combine raw values on the fly.

**Quick lookup — which fields matter for which failure mode:**

| Failure mode | Fields required |
|---|---|
| TWF | Tool wear |
| HDF | Air temperature, Process temperature, Rotational speed |
| PWF | Torque, Rotational speed |
| OSF | Type, Tool wear, Torque |
| RNF | None (background rate) |",a6e115a7d3
How long can a tool run before wear starts becoming a real concern even if everything else looks normal?,"A tool can run for a while, but once cumulative tool wear reaches about **200 minutes**, wear starts becoming a real concern even if everything else looks normal. The risk increases sharply in the **200–240 minute** range.

### What’s happening
This is **Tool Wear Failure (TWF)**, which is a **time-based wear-out failure**, not a stress-based one. That means the tool can look fine in torque, temperature, and rotational speed while wear is still accumulating.

### Why
The context says the mechanism is **progressive mechanical degradation of the cutting tool edge**. As the edge wears down over time, the tool’s cutting ability degrades and failure probability rises. Importantly, **torque and speed are not reliable early warning signs** for this failure mode.

### Recommended action
- **Flag any unit with tool wear > 200 min for priority inspection**
- **Schedule replacement before 240 min** if the unit is expected to keep running
- **Do not wait for torque spikes** as an early warning; monitor `Tool wear [min]` directly

So, the practical answer is: **around 200 minutes is where concern should start, and by 240 minutes replacement should already be planned.**","Yes — tool wear is a time-based failure mode, not a stress-based one. Once cumulative tool wear reaches roughly 200–240 minutes, failure probability rises sharply even if torque, temperature, and rotational speed all look completely normal. Long uninterrupted runtime without other symptoms is exactly the pattern to watch for, since TWF does not reliably show up anywhere else.",6974169956
"If torque, temperature, and speed all stay normal, can the tool still be close to failing from wear?","Yes. The tool can still be close to failing from wear even if torque, temperature, and speed all stay normal.

### What’s happening
This fits **Tool Wear Failure (TWF)**, which is **time-based**, not stress-based.

### Why
The context says tool wear can become dangerous after about **200–240 minutes of cumulative tool wear** even when **torque, temperature, and rotational speed look completely normal**. It also says **torque and rotational speed are not reliable leading indicators** for TWF, so normal readings do **not** rule out wear-related failure.

### Recommended action
- **Check `Tool wear [min]` directly**.
- If tool wear is near the **200–240 minute** range, treat the tool as at elevated risk.
- Don’t rely on torque, temperature, or speed alone to clear the tool for continued use.

","Yes — tool wear is a time-based failure mode, not a stress-based one. Once cumulative tool wear reaches roughly 200–240 minutes, failure probability rises sharply even if torque, temperature, and rotational speed all look completely normal. Long uninterrupted runtime without other symptoms is exactly the pattern to watch for, since TWF does not reliably show up anywhere else.",6974169956
Is long uninterrupted runtime by itself a warning sign for tool wear failure?,"Yes.

### What’s happening
Long uninterrupted runtime **by itself is a warning sign** for Tool Wear Failure. The context says tool wear is a **time-based failure mode**, and once cumulative tool wear reaches roughly **200–240 minutes**, failure probability rises sharply even if all other readings look normal.

### Why
The mechanism is **progressive mechanical degradation of the cutting tool edge**. This is a **wear-out, time/usage-driven failure**, not a stress-overload failure. Because of that, **torque, temperature, and rotational speed may all remain nominal** right up to failure, so long runtime is the key signal.

### Recommended action
- **Flag any unit with tool wear > 200 min for priority inspection**, even if other readings look fine.
- **Schedule tool replacement before 240 min** if it is queued for a long run.
- **Do not rely on torque spikes** as an early warning; they may appear too late.

So, long uninterrupted runtime alone is enough to treat as a warning sign for tool wear failure.","Yes — tool wear is a time-based failure mode, not a stress-based one. Once cumulative tool wear reaches roughly 200–240 minutes, failure probability rises sharply even if torque, temperature, and rotational speed all look completely normal. Long uninterrupted runtime without other symptoms is exactly the pattern to watch for, since TWF does not reliably show up anywhere else.",6974169956
Does this wear mode depend more on elapsed running time than on load or stress?,"Yes. This wear mode is **time/usage-driven rather than load-driven**.

### What’s happening
Tool Wear Failure (TWF) is a **wear-out failure** that builds up over **elapsed running time / cumulative usage**. The context says it is a **time-based failure mode, not a stress-based one**.

### Why
The relevant mechanism is **progressive mechanical degradation of the cutting tool edge**. The context explicitly says failure can rise sharply after about **200–240 minutes** of cumulative tool wear, **even if torque, temperature, and rotational speed look normal**. That means it depends more on **elapsed runtime** than on load or stress.

### Recommended action
Monitor **tool wear and cumulative runtime** closely, especially during long uninterrupted operation. Even if other sensors look normal, prolonged running time should trigger inspection or preventive maintenance before the wear progresses to failure.","Yes — tool wear is a time-based failure mode, not a stress-based one. Once cumulative tool wear reaches roughly 200–240 minutes, failure probability rises sharply even if torque, temperature, and rotational speed all look completely normal. Long uninterrupted runtime without other symptoms is exactly the pattern to watch for, since TWF does not reliably show up anywhere else.",6974169956
Around what runtime should I start expecting the chance of tool wear failure to rise fast?,"You should start expecting the chance of **Tool Wear Failure** to rise fast at about **200–240 minutes of cumulative continuous tool runtime**.

### What’s happening
- Tool wear is a **time-based wear-out failure**, so the risk increases mainly with **usage time**, not with torque, temperature, or rotational speed.
- In the **200–240 minute** range, the failure probability **rises sharply** and can happen even when all other readings look normal.

### Why
- The context says the root cause is **progressive mechanical degradation of the cutting tool edge**.
- As wear accumulates, the tool eventually loses its ability to cut cleanly, which can lead to **tool fracture or process failure**.
- This is **not a stress-overload failure**, so normal torque and speed readings do **not** rule it out.

### Recommended action
- **Monitor `Tool wear [min]` directly** rather than relying on torque or speed as early warning signs.
- If the tool is approaching or entering the **200–240 minute** band, treat it as a **high-risk window** and plan for inspection or replacement.","Yes — tool wear is a time-based failure mode, not a stress-based one. Once cumulative tool wear reaches roughly 200–240 minutes, failure probability rises sharply even if torque, temperature, and rotational speed all look completely normal. Long uninterrupted runtime without other symptoms is exactly the pattern to watch for, since TWF does not reliably show up anywhere else.",6974169956
Can I rely on torque to tell me the tool is wearing out before it actually fails?,"No — you should **not rely on torque** to tell you the tool is wearing out before it fails.

### What’s happening
For **Tool Wear Failure (TWF)**, torque and rotational speed are **not reliable early warning signals**. A torque spike may only show up **after failure is already underway**.

### Why
The context says the key distinction is that **TWF is not defined on torque/speed**. Instead, you should monitor **`Tool wear [min]` directly**.  
Torque is useful for other failure types like **Overstrain Failure**, where risk depends on the combined measure:

- `strain_indicator = Tool wear [min] × Torque [Nm]`

But for **tool wear failure itself**, torque alone does not give a dependable advance warning.

### Recommended action
- **Monitor `Tool wear [min]` directly**
- **Flag any unit with tool wear > 200 min** for priority inspection
- **Schedule tool replacement before 240 min** if the unit is queued for a long run
- **Do not wait for a torque spike** as an early warning

If you want, I can also help distinguish **Tool Wear Failure vs Overstrain Failure** in a simple rule table.","No — torque and rotational speed are not reliable leading indicators for Tool Wear Failure. This is the key diagnostic distinction between TWF and OSF/PWF, which are defined on torque and speed. For TWF, monitor `Tool wear [min]` directly rather than waiting for a torque spike, which may not appear until the failure is already underway.",c8b352cdce
"Is rotational speed a good early warning for tool wear failure, or should I watch something else?","Rotational speed is **not** a good early warning for **Tool Wear Failure**.

### What’s happening
Tool wear failure is a **wear-out, time/usage-driven failure mode**. The context says failure risk rises sharply once **tool wear reaches about 200–240 minutes**, even if **torque, temperature, and rotational speed all look normal**.

### Why
The mechanism is **progressive mechanical degradation of the cutting tool edge**. Because TWF is **not stress-overload driven**, it does **not reliably show up** in rotational speed or torque early enough to use them as warning signals. The context specifically says **do not rely on torque spikes**, and that **torque and rotational speed are not reliable leading indicators**.

### Recommended action
- **Monitor `Tool wear [min]` directly** rather than watching rotational speed.
- **Flag any unit with tool wear > 200 min** for priority inspection.
- **Schedule tool replacement before 240 min** if the unit is queued for a long run.
- Do **not** depend on rotational speed changes as an early warning for tool wear failure.","No — torque and rotational speed are not reliable leading indicators for Tool Wear Failure. This is the key diagnostic distinction between TWF and OSF/PWF, which are defined on torque and speed. For TWF, monitor `Tool wear [min]` directly rather than waiting for a torque spike, which may not appear until the failure is already underway.",c8b352cdce
"For tool wear failure, what should I monitor instead of torque and speed readings?","For **Tool Wear Failure**, you should monitor **`Tool wear [min]` directly** instead of relying on **torque** or **rotational speed** readings.

### What’s happening
Tool wear is a **wear-out failure**: the cutting tool gradually degrades over time until it can no longer cut properly, which can lead to fracture or process failure.

### Why
The context says **torque and rotational speed are not reliable leading indicators** for Tool Wear Failure. In fact, torque, temperature, and speed may all look normal right up to the failure event. The key signal is the **accumulated tool wear time**.

### Recommended action
- **Monitor `Tool wear [min]` directly**
- **Flag units above 200 min** for priority inspection
- **Plan tool replacement before 240 min** if a long run is expected
- **Do not wait for a torque spike** as an early warning sign, because it may happen too late","No — torque and rotational speed are not reliable leading indicators for Tool Wear Failure. This is the key diagnostic distinction between TWF and OSF/PWF, which are defined on torque and speed. For TWF, monitor `Tool wear [min]` directly rather than waiting for a torque spike, which may not appear until the failure is already underway.",c8b352cdce
Why don't torque spikes give me a dependable heads-up for tool wear problems?,"Torque spikes don’t give a dependable heads-up for tool wear because **Tool Wear Failure is wear-out driven, not load-driven**.

### What’s happening
Tool wear builds up progressively over time as the cutting edge degrades. By the time you see a torque change, the failure may already be underway.

### Why
The context says:
- **Torque and rotational speed are not reliable leading indicators for Tool Wear Failure**
- This is the key distinction from other failures that are defined by torque/speed behavior
- For tool wear, you should **monitor `Tool wear [min]` directly**
- A torque spike may appear **too late** to serve as an early warning

### Recommended action
- **Do not rely on torque spikes** to predict tool wear failure
- **Flag any unit with tool wear > 200 min** for priority inspection
- **Schedule tool replacement before 240 min** if the unit is headed into a long run
- Use tool wear time as the primary indicator, not torque readings","No — torque and rotational speed are not reliable leading indicators for Tool Wear Failure. This is the key diagnostic distinction between TWF and OSF/PWF, which are defined on torque and speed. For TWF, monitor `Tool wear [min]` directly rather than waiting for a torque spike, which may not appear until the failure is already underway.",c8b352cdce
What's the best indicator to track if I want to catch tool wear before it turns into a failure?,"**Best indicator to track:** `Tool wear [min]`

### What’s happening
For **Tool Wear Failure (TWF)**, the primary signal is the tool’s accumulated wear time, especially when `Tool wear [min]` is in the **200–240 range**.

### Why
The context says tool wear is a **wear-out failure** caused by **progressive mechanical degradation of the cutting tool edge**. Because of that, **torque and rotational speed are not reliable leading indicators** for TWF, and there’s **no expected air/process temperature anomaly**.

### Recommended action
- **Track `Tool wear [min]` directly** as the main early-warning metric.
- Treat the **200–240 min band as a risk zone**, not a hard failure threshold.
- **Do not rely on torque or rotational speed** to warn you early.
- Be aware that being in this band is **probabilistic**, so confirm with broader maintenance context rather than assuming failure is certain.","No — torque and rotational speed are not reliable leading indicators for Tool Wear Failure. This is the key diagnostic distinction between TWF and OSF/PWF, which are defined on torque and speed. For TWF, monitor `Tool wear [min]` directly rather than waiting for a torque spike, which may not appear until the failure is already underway.",c8b352cdce
"At around 230 minutes of tool wear, does that mean the machine has already failed, or is it still just a warning zone?","At around **230 minutes of tool wear**, the machine is **not automatically failed**. It is still in a **warning / probabilistic risk zone**, not a confirmed failure state.

### What’s happening
- **230 minutes falls inside the 200–240 minute critical band** for Tool Wear Failure.
- In this band, the **failure probability rises sharply**, but **many units still do not fail**.
- So you should treat it as **high risk**, not as proof of failure.

### Why
- The context says Tool Wear Failure is **time-based**, not stress-based.
- **Tool wear `[min]` in the 200–240 range is the primary indicator**.
- **Torque, rotational speed, and temperature may still look normal**, so the absence of other anomalies does **not** rule out risk.
- It is explicitly stated that this band is **probabilistic, not deterministic**: being in-band is **not the same as failed**.

### Recommended action
- **Prioritize inspection now.**
- **Schedule tool replacement soon**, ideally before reaching **240 minutes** if the unit is due for a long run.
- **Do not log it as a failure** unless there is actual corroboration, such as a halt or defect.

In short: **230 minutes = strong warning zone, not confirmed failure.**","Not necessarily. The 200–240 minute band is a probabilistic risk zone, not a deterministic failure threshold — plenty of units run with tool wear in this range and do not fail. Treat 230 minutes as a strong signal to prioritize inspection and schedule tool replacement, not as confirmation that a failure has occurred. Don't report it as a failure in an incident log unless it's corroborated by an actual halt or defect.",6fe5c2d247
"If the tool wear reading is in the 200–240 minute range, should I treat it as a failure or only a high-risk condition?","It should be treated as a **high-risk condition, not a confirmed failure**.

### What’s happening
A tool wear reading in the **200–240 minute range** is the **primary indicator** of Tool Wear Failure risk. It means the unit is in a **critical probabilistic band** where failure becomes more likely.

### Why
The context explicitly says this band is **not deterministic**:
- “Do not treat ‘in-band’ as ‘failed.’”
- A unit with tool wear in this range that has **not failed is common**
- Failures can occur with **no other sensor anomaly**, and torque/temperature/speed may still look normal

So the reading is a **strong warning signal**, not proof that a failure has already occurred.

### Recommended action
- **Flag the unit for priority inspection**
- **Schedule tool replacement proactively**
- **Do not log it as a confirmed failure** unless there is corroboration from an actual halt or defect

In short: **high-risk, yes; confirmed failure, no.**","Not necessarily. The 200–240 minute band is a probabilistic risk zone, not a deterministic failure threshold — plenty of units run with tool wear in this range and do not fail. Treat 230 minutes as a strong signal to prioritize inspection and schedule tool replacement, not as confirmation that a failure has occurred. Don't report it as a failure in an incident log unless it's corroborated by an actual halt or defect.",6fe5c2d247
"Can a unit still keep running normally when tool wear is around 230 minutes, or does that usually mean it’s done for?","Yes, a unit can still keep running normally at around 230 minutes of tool wear. The context says this is a **probabilistic risk zone**, not a guaranteed failure point.

### What’s happening
- **230 minutes** falls inside the **200–240 minute** tool-wear band.
- In that band, **failure probability rises sharply**, but many units still operate normally.
- Tool wear is a **time-based failure mode**, so the machine may look fine on torque, temperature, and speed right up until failure.

### Why
- The mechanism is **cumulative tool wear**: once wear reaches roughly **200–240 minutes**, the likelihood of Tool Wear Failure increases.
- The context explicitly says this is **not a deterministic threshold** and that plenty of units in this range **do not fail**.

### Recommended action
- **Do not treat 230 minutes as proof of failure.**
- **Flag the unit for priority inspection.**
- **Schedule tool replacement proactively**, especially if it’s expected to keep running.
- **Only log a failure** if there is actual evidence of a halt or defect.

So: **it can still run normally, but it should be treated as high risk and close to replacement time.**","Not necessarily. The 200–240 minute band is a probabilistic risk zone, not a deterministic failure threshold — plenty of units run with tool wear in this range and do not fail. Treat 230 minutes as a strong signal to prioritize inspection and schedule tool replacement, not as confirmation that a failure has occurred. Don't report it as a failure in an incident log unless it's corroborated by an actual halt or defect.",6fe5c2d247
"Should I log 230 minutes of tool wear as an actual failure, or only note it for inspection and planned replacement?","**What’s happening:**  
230 minutes of tool wear falls in the **200–240 minute probabilistic risk zone**. That means it is a **strong warning sign**, but **not proof of actual failure**.

**Why:**  
The context says tool wear is a **time-based failure mode**. In this range, failure probability rises sharply, but many units still do **not** fail. Also, torque, temperature, and rotational speed may remain normal, so you should not use those alone to confirm failure. The context explicitly says **not to treat “in-band” as “failed.”**

**Recommended action:**  
- **Do not log 230 minutes as an actual failure** unless there is **corroboration from an actual halt or defect**.  
- **Do note it for inspection and planned replacement.**  
- Treat it as a **priority inspection item** and **schedule tool replacement**, especially if it is headed into a long run.","Not necessarily. The 200–240 minute band is a probabilistic risk zone, not a deterministic failure threshold — plenty of units run with tool wear in this range and do not fail. Treat 230 minutes as a strong signal to prioritize inspection and schedule tool replacement, not as confirmation that a failure has occurred. Don't report it as a failure in an incident log unless it's corroborated by an actual halt or defect.",6fe5c2d247
"When tool wear gets near 230 minutes, is it better to schedule a tool change right away instead of assuming the machine has broken down?","Yes — based on the context, a tool wear reading near 230 minutes should be treated as a strong warning to **schedule tool change/replacement right away**, not as proof that the machine has already broken down.

### What’s happening
- **230 minutes falls in the 200–240 minute risk band** for tool wear.
- In that band, failure risk rises sharply, but **failure is not guaranteed**.
- The machine can still look normal on other sensors while tool wear is getting critical.

### Why
- Tool wear failure is described as a **time-based failure mode**, not a stress-based one.
- The context says the 200–240 minute range is a **probabilistic risk zone**, not a deterministic failure threshold.
- It explicitly says to **treat 230 minutes as a strong signal to prioritize inspection and schedule tool replacement**, not as confirmation of failure.

### Recommended action
- **Do not assume the machine has broken down** unless there is actual evidence like a halt or defect.
- **Prioritize inspection immediately.**
- **Schedule tool replacement/tool change now**, especially if the unit is expected to keep running for a long period.
- If you are logging incidents, **do not record it as a failure unless corroborated by an actual stop or defect**.","Not necessarily. The 200–240 minute band is a probabilistic risk zone, not a deterministic failure threshold — plenty of units run with tool wear in this range and do not fail. Treat 230 minutes as a strong signal to prioritize inspection and schedule tool replacement, not as confirmation that a failure has occurred. Don't report it as a failure in an incident log unless it's corroborated by an actual halt or defect.",6fe5c2d247
Why does my machine start overheating and slowing down when it’s running at low speed?,"What’s happening:  
This sounds like **Heat Dissipation Failure (HDF)**. The machine is overheating and slowing down because heat is not being removed effectively at low speed.

Why:  
According to the context, at **low rotational speed** the machine has less airflow and mechanical agitation, so it carries away less heat. If the **temperature difference between the process and air is small** — specifically **Process temperature − Air temperature < 8.6 K** — there isn’t enough thermal gradient to push heat out, so heat accumulates.

Important note:  
**Low speed alone is not enough to diagnose HDF.** The context says HDF occurs only when both conditions are present together:

- **Rotational speed < 1380 rpm**
- **Temperature gap < 8.6 K**

Recommended action:  
- Check **both** the rotational speed and the **process temperature vs. air temperature** gap.  
- If the machine is overheating enough to exceed its approved limit, or if you see smoke, odor, leakage, or rapid heating, **stop the machine**.  
- Escalate recurring overheating to **maintenance and process engineering**.","This is the classic Heat Dissipation Failure pattern: at low rotational speed, airflow and mechanical agitation drop, which reduces how effectively heat is carried away from the process. If the process temperature and ambient (air) temperature are already close together — specifically `Process temperature − Air temperature < 8.6 K` — there isn't enough of a thermal gradient to push the heat out, so it accumulates. Check both `Rotational speed [rpm] < 1380` and the temperature gap together; neither alone confirms HDF.",b10299f726
Could a small gap between process temperature and air temperature be the reason the heat isn’t leaving the machine?,"Yes — **a small gap between process temperature and air temperature can be the reason heat isn’t leaving the machine**, but **only when it happens together with low rotational speed**.

### What’s happening
This matches the **Heat Dissipation Failure (HDF)** pattern: the machine is not shedding heat effectively, so heat accumulates and the machine can overheat or run slowly.

### Why
According to the context, HDF is a **combined-condition** failure mode:

- `Process temperature − Air temperature < 8.6 K`
- `Rotational speed < 1380 rpm`

The key mechanism is that when the **temperature gap is too small**, there isn’t enough thermal gradient to push heat out. If **rotational speed is also low**, airflow and mechanical agitation drop, which further reduces heat removal.

### Recommended action
- Check **both**:
  - `Process temperature − Air temperature`
  - `Rotational speed`
- Watch for the gap to fall below **8.6 K** **at the same time** speed drops below **1380 rpm**
- Do **not** diagnose this from temperature values alone; the **gap and speed together** are what indicate HDF risk.","This is the classic Heat Dissipation Failure pattern: at low rotational speed, airflow and mechanical agitation drop, which reduces how effectively heat is carried away from the process. If the process temperature and ambient (air) temperature are already close together — specifically `Process temperature − Air temperature < 8.6 K` — there isn't enough of a thermal gradient to push the heat out, so it accumulates. Check both `Rotational speed [rpm] < 1380` and the temperature gap together; neither alone confirms HDF.",b10299f726
What should I check if the rotor is below about 1380 rpm and the unit seems to trap heat?,"What to check:

1. **The temperature gradient**
   - Check whether **Process temperature − Air temperature is below 8.6 K**.
   - The context says heat dissipation failure happens only when the temperature gap is small **and** the rotor is low.

2. **Whether low speed is happening at the same time**
   - Confirm the **rotational speed is below 1380 rpm**.
   - Low RPM alone is not enough; it must coincide with the small thermal gradient.

What’s happening:
- At low rotational speed, **airflow and mechanical agitation drop**, so heat is not carried away effectively.
- If the process temperature and air temperature are already close, there is **not enough thermal driving force** to remove heat, so heat accumulates.

Recommended action:
- **Check both conditions together**, not just rotor speed.
- If the unit has been running **below 1380 rpm for an extended period**, actively monitor the **temperature difference** rather than assuming low speed is safe.
- If both the low-speed condition and small temperature gradient are trending toward the threshold, consider **forced cooling** or **increasing rotational speed**.","This is the classic Heat Dissipation Failure pattern: at low rotational speed, airflow and mechanical agitation drop, which reduces how effectively heat is carried away from the process. If the process temperature and ambient (air) temperature are already close together — specifically `Process temperature − Air temperature < 8.6 K` — there isn't enough of a thermal gradient to push the heat out, so it accumulates. Check both `Rotational speed [rpm] < 1380` and the temperature gap together; neither alone confirms HDF.",b10299f726
Is heat dissipation failure likely when airflow drops and the machine isn’t stirring things up enough?,"Yes — that pattern is consistent with **Heat Dissipation Failure (HDF)**.

### What’s happening
When **airflow drops** and the machine is **not stirring the air/material enough**, heat is not carried away effectively. The result is that **heat accumulates locally**, which can lead to **abnormally high machine or process temperature**.

### Why this happens
The context says that at **low rotational speed**, both **airflow and mechanical agitation** drop, which **reduces convective heat transfer**. If the **process temperature and ambient air temperature are already close together** (specifically, a **small thermal gradient**), there is **not enough thermal driving force** to dissipate heat, so it builds up.

Relevant mechanism from the context:
- **Low rotational speed → lower airflow and mechanical agitation**
- **Lower airflow/agitation → weaker heat removal**
- **Small temperature gap → insufficient thermal gradient**
- **Result: heat accumulates locally**

### Recommended action
Check for the HDF pattern by looking at **both** conditions together:
- **Rotational speed < 1380 rpm**
- **Process temperature − Air temperature < 8.6 K**

Also inspect likely upstream causes:
- blocked vents or dirty filters
- failed/degraded cooling fan, pump, heat exchanger, or coolant circuit
- low, contaminated, or leaking coolant/lubricant

Even if it has not failed yet, the context says this can be an **early indicator of airflow or coolant system issues**, so it is worth raising a **maintenance ticket**.","This is the classic Heat Dissipation Failure pattern: at low rotational speed, airflow and mechanical agitation drop, which reduces how effectively heat is carried away from the process. If the process temperature and ambient (air) temperature are already close together — specifically `Process temperature − Air temperature < 8.6 K` — there isn't enough of a thermal gradient to push the heat out, so it accumulates. Check both `Rotational speed [rpm] < 1380` and the temperature gap together; neither alone confirms HDF.",b10299f726
How do I tell if this is a heat dissipation problem and not just a simple speed issue?,"To tell whether it’s a **heat dissipation problem** rather than just a simple speed issue, check **both conditions together**:

## What’s happening
A **Heat Dissipation Failure (HDF)** occurs when the equipment is:
- running at **low rotational speed**: `Rotational speed [rpm] < 1380`
- and the **temperature gap is small**: `Process temperature [K] − Air temperature [K] < 8.6 K`

**Neither condition alone is enough** to confirm HDF. Low speed by itself is not necessarily a problem.

## Why this indicates heat dissipation failure
At low speed, **airflow and mechanical agitation drop**, which reduces convective heat transfer. If the process and air temperatures are already close together, there is **not enough thermal gradient** to drive heat away from the process, so heat accumulates locally.

## Recommended action
- **Monitor `temp_diff`** as a derived feature, not just raw temperatures.
- If the unit is running **below 1380 rpm for an extended period**, actively check the **temperature gradient** rather than assuming low speed is safe.
- If **both low speed and small temperature gap are trending toward the threshold**, consider **forced cooling** or **increasing rotational speed**.
- A **sustained low thermal gradient at low speed** may also indicate upstream **coolant or airflow issues**, so it may be worth creating a maintenance ticket.","This is the classic Heat Dissipation Failure pattern: at low rotational speed, airflow and mechanical agitation drop, which reduces how effectively heat is carried away from the process. If the process temperature and ambient (air) temperature are already close together — specifically `Process temperature − Air temperature < 8.6 K` — there isn't enough of a thermal gradient to push the heat out, so it accumulates. Check both `Rotational speed [rpm] < 1380` and the temperature gap together; neither alone confirms HDF.",b10299f726
"Is low RPM by itself enough to cause a heat dissipation failure, or does something else have to happen too?","No. Low RPM by itself is **not enough** to cause Heat Dissipation Failure.

### What’s happening
Heat Dissipation Failure (HDF) only occurs when **both** of these happen at the same time:
- **Rotational speed < 1380 rpm**
- **Process temperature − Air temperature < 8.6 K**

So low speed alone is not sufficient; it is a **combined-condition** failure mode.

### Why
At low rotational speed, airflow and mechanical agitation drop, which reduces convective heat transfer. But HDF only develops when the **thermal gradient is also small**, meaning there isn’t enough temperature difference to drive heat away from the process. Without that second condition, low RPM alone is often safe.

### Recommended action
- **Do not diagnose HDF from RPM alone.**
- Check **both** rotational speed and the **process-to-air temperature difference**.
- If you see **sustained low speed plus a small thermal gradient**, investigate possible upstream cooling or airflow issues such as:
  - blocked vents or dirty filters
  - failed/degraded fan, pump, or heat exchanger
  - low/contaminated/leaking coolant or lubricant
  - excessive process load or friction
  - faulty temperature sensor

If you want, I can also turn this into a simple decision rule or checklist.","No. Low rotational speed by itself is not dangerous — many low-speed runs are entirely safe. HDF only occurs when low speed (`< 1380 rpm`) is combined with a small temperature gradient (`temp_diff < 8.6 K`) at the same time. Diagnosing HDF from rotational speed alone is a common misdiagnosis; always check the joint condition, not either factor in isolation.",dab0941fe4
"When I see the machine running slow, should I worry about HDF right away or check another condition first?","If the machine is just **running slow**, don’t jump straight to Heat Dissipation Failure (HDF).

### What’s happening
Low speed by itself is **not enough** to diagnose HDF.

### Why
According to the context, HDF only occurs when **both** of these are true at the same time:
- **Rotational speed < 1380 rpm**
- **Process temperature − Air temperature < 8.6 K**

So the right first check is the **temperature gap** between process and air, not speed alone. The context specifically says diagnosing HDF from rotational speed alone is a common misdiagnosis.

### Recommended action
1. Check **Process temperature − Air temperature** first.
2. Then confirm whether the machine is also below **1380 rpm**.
3. Only if **both conditions** are present should you suspect HDF.

If you want, I can help you interpret a specific reading.","No. Low rotational speed by itself is not dangerous — many low-speed runs are entirely safe. HDF only occurs when low speed (`< 1380 rpm`) is combined with a small temperature gradient (`temp_diff < 8.6 K`) at the same time. Diagnosing HDF from rotational speed alone is a common misdiagnosis; always check the joint condition, not either factor in isolation.",dab0941fe4
What combination of speed and temperature difference actually points to HDF in this machine?,"HDF is indicated when **both** of these happen at the same time:

- **Rotational speed < 1380 rpm**
- **Temperature difference** `temp_diff = Process temperature − Air temperature` **< 8.6 K**

### What’s happening
The machine’s process/component temperature is not being separated from the air/cooling medium as it should be, so the **gap between process temperature and air temperature becomes too small** while the machine is running slowly.

### Why this points to HDF
The context says the key signal is **the joint condition**, not speed alone:

- Low rotational speed by itself is **not** enough to diagnose HDF.
- HDF is identified when **low speed** occurs **together with a small temperature gradient**.
- The important mechanism is that the **temperature difference between the machine/process and its cooling medium becomes abnormal**.

### Recommended action
- Calculate and monitor `temp_diff = Process temperature − Air temperature`.
- Check for the combined condition: **`temp_diff < 8.6 K` and `Rotational speed < 1380 rpm` simultaneously**.
- Do **not** diagnose HDF from low RPM alone; use the **speed + temperature gap** together.","No. Low rotational speed by itself is not dangerous — many low-speed runs are entirely safe. HDF only occurs when low speed (`< 1380 rpm`) is combined with a small temperature gradient (`temp_diff < 8.6 K`) at the same time. Diagnosing HDF from rotational speed alone is a common misdiagnosis; always check the joint condition, not either factor in isolation.",dab0941fe4
"Can a machine be running under 1380 rpm and still be fine, or is that always a bad sign?","Yes — a machine can be running under **1380 rpm** and still be fine. That is **not always** a bad sign.

### What’s happening
Low rotational speed by itself does **not** confirm a fault. According to the context, **Heat Dissipation Failure (HDF)** only occurs when **both** of these happen at the same time:

- `Rotational speed < 1380 rpm`
- `Process temperature − Air temperature < 8.6 K`

### Why
The mechanism is that at low speed, airflow and mechanical agitation drop, which reduces heat removal. But **low speed alone isn’t enough** to cause HDF — there also has to be a small temperature gradient, meaning there isn’t enough thermal drive to move heat away.

So a unit below 1380 rpm can still be operating normally if the temperature difference is not in the risky range.

### Recommended action
- **Do not treat low rpm alone as a failure sign.**
- **Check the temperature gradient (`temp_diff`) alongside speed.**
- If the machine is running below 1380 rpm for an extended period, actively monitor the temperature gap.
- If **both** conditions are trending toward the threshold, consider **forced cooling** or **increasing rotational speed**.

So: **under 1380 rpm can be fine; it only becomes concerning when combined with a low temperature difference.**","No. Low rotational speed by itself is not dangerous — many low-speed runs are entirely safe. HDF only occurs when low speed (`< 1380 rpm`) is combined with a small temperature gradient (`temp_diff < 8.6 K`) at the same time. Diagnosing HDF from rotational speed alone is a common misdiagnosis; always check the joint condition, not either factor in isolation.",dab0941fe4
Why is it risky to diagnose HDF from rotational speed alone instead of looking at the temperature gradient too?,"It’s risky because **low rotational speed alone does not mean Heat Dissipation Failure (HDF)**.

### What’s happening
HDF happens only when **both** of these occur together:
- **Rotational speed < 1380 rpm**
- **Temperature gradient is small**, meaning  
  **Process temperature − Air temperature < 8.6 K**

### Why rotational speed alone is misleading
The context says **many low-speed runs are entirely safe**. Low speed by itself is not dangerous. The real issue is that at low RPM, **airflow and mechanical agitation drop**, so heat is removed less effectively. But HDF is only present when there is also **too little thermal gradient** to drive heat away.

So if you diagnose from speed alone, you can get a **false alarm**:
- low RPM may be normal
- without the small `temp_diff`, it is **not HDF**

### Recommended action
- **Monitor `temp_diff = Process temperature − Air temperature`**
- Check **both conditions together**, not either one in isolation
- If the unit is running below **1380 rpm** for a while, verify whether **`temp_diff < 8.6 K`**
- If both are trending toward the threshold, consider **forced cooling** or **increasing rotational speed**","No. Low rotational speed by itself is not dangerous — many low-speed runs are entirely safe. HDF only occurs when low speed (`< 1380 rpm`) is combined with a small temperature gradient (`temp_diff < 8.6 K`) at the same time. Diagnosing HDF from rotational speed alone is a common misdiagnosis; always check the joint condition, not either factor in isolation.",dab0941fe4
How can I spot an early heat dissipation issue before the machine actually fails?,"To spot an early heat dissipation issue, monitor the **temperature gap and rotational speed together**, not the raw temperatures alone.

### What’s happening
An early warning sign is when:

- `Process temperature − Air temperature < 8.6 K`
- **and** `Rotational speed < 1380 rpm`

This combined condition indicates **Heat Dissipation Failure** risk before the machine actually fails.

### Why it happens
At **low rotational speed**, airflow and mechanical agitation drop, so **convective heat transfer weakens**. If the **process and air temperatures are already close together**, there isn’t enough thermal driving force to remove heat, so heat accumulates locally.

### What to do
- Track `temp_diff = Process temperature − Air temperature` as a key derived feature.
- Watch for it to fall below **8.6 K** while speed is below **1380 rpm**.
- Treat a **sustained low thermal gradient at low speed** as an early indicator of possible **coolant or airflow system issues upstream**.
- Raise a **maintenance ticket** even if the machine has not yet derated or shut down.

In short: **small temperature gap + low speed = early warning sign**.","Compute `temp_diff = Process temperature − Air temperature` as a first-class derived feature, and watch for it to drop below 8.6 K at the same time rotational speed drops below 1380 rpm. Raw air and process temperatures can each look 'normal' individually while the gap between them is what actually signals risk, so track the gap and the speed together rather than either raw sensor value.",ed04edaa26
Should I be tracking the temperature gap instead of just the raw air and process temperatures?,"Yes — for this failure mode, you should track the **temperature gap** as a derived feature, not just the raw air and process temperatures.

### What’s happening
This is the **Heat Dissipation Failure** pattern. The key indicator is when:

- **Process temperature − Air temperature < 8.6 K**
- **Rotational speed < 1380 rpm**

### Why this matters
The context says raw air and process temperatures can each look normal on their own, but the **gap between them** is what signals risk. At low rotational speed, airflow and mechanical agitation drop, so the system can’t carry heat away effectively. If the process and air temperatures are already close, there isn’t enough thermal gradient to dissipate heat, so heat accumulates.

### Recommended action
- Track **`temp_diff = Process temperature − Air temperature`** as a monitored derived feature.
- Watch it **together with rotational speed**, especially if speed is below **1380 rpm**.
- Consider **forced cooling** or **increasing rotational speed** if both conditions are trending toward the threshold.

### Bottom line
**Yes** — tracking the **temperature gap** is recommended and more informative than relying on raw temperatures alone for detecting Heat Dissipation Failure.","Compute `temp_diff = Process temperature − Air temperature` as a first-class derived feature, and watch for it to drop below 8.6 K at the same time rotational speed drops below 1380 rpm. Raw air and process temperatures can each look 'normal' individually while the gap between them is what actually signals risk, so track the gap and the speed together rather than either raw sensor value.",ed04edaa26
What combo of readings should I watch when I want to catch this failure mode sooner?,"What to watch depends on the failure mode:

## If you mean **Heat Dissipation Failure**
Watch this **combo**:
- **Process temperature − Air temperature** (the temperature gap)
- **Rotational speed**

### Why
The context says the early warning signal is when:
- `temp_diff = Process temperature − Air temperature` **drops below 8.6 K**
- **at the same time** rotational speed **drops below 1380 rpm**

It also says the raw temperatures can each look normal on their own, so the **gap + speed together** is the important pattern.

### Recommended action
Track `temp_diff` as a derived feature and alert when:
- `temp_diff < 8.6 K`
- and `rotational speed < 1380 rpm`

---

## If you mean **Tool Wear Failure**
Watch:
- **Tool wear [min]** directly

### Why
Tool wear is described as **time-based**, not stress-based. Torque, temperature, and rotational speed may all look normal, so they are **not reliable early indicators**.

### Recommended action
- Flag any unit with **tool wear > 200 min** for priority inspection
- Plan replacement before **240 min** if a long run is expected
- Don’t wait for a torque spike

---

If you want, I can also turn this into a simple alert rule format.","Compute `temp_diff = Process temperature − Air temperature` as a first-class derived feature, and watch for it to drop below 8.6 K at the same time rotational speed drops below 1380 rpm. Raw air and process temperatures can each look 'normal' individually while the gap between them is what actually signals risk, so track the gap and the speed together rather than either raw sensor value.",ed04edaa26
Is there a specific temp difference and spindle speed range that points to heat dissipation trouble?,"Yes. The context gives a specific combined pattern for Heat Dissipation Failure:

### What points to heat dissipation trouble
- **Temperature gap:** `Process temperature [K] − Air temperature [K] < 8.6 K`
- **Spindle/rotational speed:** `Rotational speed [rpm] < 1380`

### What’s happening
Heat dissipation failure occurs when the process cannot shed heat effectively during **low-speed operation**. The low rotational speed reduces airflow and mechanical agitation, so heat is not carried away well.

### Why it happens
From the context: at low rotational speed, **airflow and mechanical agitation drop**, which reduces convective heat transfer. If the process and ambient air temperatures are already close together, there is **not enough thermal gradient** to push heat out, so heat accumulates locally.

### Recommended action
- Check whether **both conditions** are present together, since **neither one alone confirms** the failure.
- If you see a sustained low thermal gradient at low speed, it may indicate **coolant or airflow system issues upstream**.
- It is worth creating a **maintenance ticket**, even if the failure has not fully triggered yet.","Compute `temp_diff = Process temperature − Air temperature` as a first-class derived feature, and watch for it to drop below 8.6 K at the same time rotational speed drops below 1380 rpm. Raw air and process temperatures can each look 'normal' individually while the gap between them is what actually signals risk, so track the gap and the speed together rather than either raw sensor value.",ed04edaa26
Why would the machine look normal on both temperatures but still be at risk of heat dissipation failure?,"The machine can look normal on both individual temperature readings because **Heat Dissipation Failure is not triggered by either temperature alone**. What matters is the **temperature gap**:

- `temp_diff = Process temperature − Air temperature`
- Risk increases when **`temp_diff < 8.6 K`** and **rotational speed < 1380 rpm** at the same time.

### What’s happening
Even if **air temperature** and **process temperature** each appear within normal range, the **difference between them** can be too small. That means there is not enough thermal gradient to move heat away effectively.

### Why this is risky
From the context: at **low rotational speed**, airflow and mechanical agitation drop, so convective heat transfer weakens. If the process and ambient temperatures are already close, there is **insufficient thermal driving force** to dissipate heat, so heat accumulates locally.

### Recommended action
- Monitor the derived feature **`temp_diff = Process temperature − Air temperature`**
- Check it together with **rotational speed**
- Flag risk when **`temp_diff < 8.6 K`** and **speed < 1380 rpm**
- Don’t rely on the raw temperature values alone, since they can look normal while the machine is still at risk","Compute `temp_diff = Process temperature − Air temperature` as a first-class derived feature, and watch for it to drop below 8.6 K at the same time rotational speed drops below 1380 rpm. Raw air and process temperatures can each look 'normal' individually while the gap between them is what actually signals risk, so track the gap and the speed together rather than either raw sensor value.",ed04edaa26
Why would the motor seem weak even if the torque reading looks okay?,"What’s happening: the motor can seem weak even when torque looks okay because **power is the real indicator**, not torque alone.

Why: **Power is derived from both torque and rotational speed**:

`Power [W] = Torque [Nm] × Rotational speed [rpm] × (2π / 60)`

So a torque reading that appears normal can still produce **underpowered operation** if it combines with rotational speed in a way that makes the computed power fall below **3500 W**. The context specifically notes that **torque or speed alone can look fine while the combined power is out of range**.

Recommended action:
1. **Compute and monitor power directly** instead of checking torque by itself.
2. Check for a **compensatory pattern** such as **very high torque with very low speed** or **very high speed with very low torque**, which is the classic Power Failure signature.
3. If computed power trends toward the limit, **adjust torque or speed setpoints**.
4. If power is out of band without a setpoint change, **investigate drive/motor calibration**.","Underpowering happens when the computed mechanical power falls below 3500 W — this reflects torque that's too low relative to the current rotational speed, which risks an incomplete or stalled process. Power isn't measured directly; it's derived as `Power [W] = Torque [Nm] × Rotational speed [rpm] × (2π / 60)`. A torque reading that looks fine on its own can still combine with rotational speed to produce an underpowered result, so always check the computed power value rather than torque alone.",4598d51056
What does it mean when the calculated mechanical power drops below 3500 W during a cut?,"When the calculated mechanical power drops below **3500 W** during a cut, it indicates **underpowering**.

### What’s happening
- The process is being delivered **too little mechanical power**.
- This means the machine may not have enough power to complete the cut properly.

### Why
- Power is calculated as:  
  **Power [W] = Torque [Nm] × Rotational speed [rpm] × (2π / 60)**
- A value below **3500 W** means the **torque is too low relative to the current rotational speed**.
- According to the context, this creates a risk of an **incomplete or stalled process**.

### Recommended action
- **Monitor the computed power directly** as a derived feature.
- If power is trending toward **3500 W**, **adjust torque or speed setpoints** before it reaches the limit.
- If power seems to drift without a setpoint change, **investigate drive/motor calibration**.","Underpowering happens when the computed mechanical power falls below 3500 W — this reflects torque that's too low relative to the current rotational speed, which risks an incomplete or stalled process. Power isn't measured directly; it's derived as `Power [W] = Torque [Nm] × Rotational speed [rpm] × (2π / 60)`. A torque reading that looks fine on its own can still combine with rotational speed to produce an underpowered result, so always check the computed power value rather than torque alone.",4598d51056
Can low rotational speed make the machine feel underpowered even with decent torque?,"Yes — **low rotational speed can make the machine feel underpowered even if torque seems decent**.

### What’s happening
The machine’s power is not judged from torque alone. It is computed as:

**Power = Torque × Rotational speed × (2π / 60)**

So if rotational speed is low enough, the **computed power can still fall below 3500 W**, which is considered **Power Failure / underpowered**.

### Why this happens
A torque reading may look fine on its own, but if it is combined with **low rotational speed**, the product can still be too small. The context specifically notes that:

- a torque or speed value can look normal in isolation
- the **product** is what matters
- very high torque with very low speed is a classic Power Failure pattern

### Recommended action
- **Do not assess torque or rotational speed separately**
- **Compute the derived power value**
- Check whether it is:
  - **below 3500 W** → underpowered
  - **above 9000 W** → overpowered

If the machine feels underpowered, the first step is to verify the **computed power**, not just the torque reading.","Underpowering happens when the computed mechanical power falls below 3500 W — this reflects torque that's too low relative to the current rotational speed, which risks an incomplete or stalled process. Power isn't measured directly; it's derived as `Power [W] = Torque [Nm] × Rotational speed [rpm] × (2π / 60)`. A torque reading that looks fine on its own can still combine with rotational speed to produce an underpowered result, so always check the computed power value rather than torque alone.",4598d51056
"How do I check whether the power issue is coming from torque, speed, or both?","Check the **derived power value**, not torque or speed by themselves.

### What’s happening
Power Failure can come from:
- **Torque too low relative to speed** → underpowered
- **A compensatory mismatch** between the two, such as:
  - **very high torque + very low speed**
  - **very high speed + very low torque**

Either combination can push computed power outside the safe **3500–9000 W** band.

### Why
The context says power is calculated as:

\[
\text{Power [W]} = \text{Torque [Nm]} \times \text{Rotational speed [rpm]} \times \left(\frac{2\pi}{60}\right)
\]

So a torque or speed reading may look normal on its own, but the **product** can still be out of range. The classic Power Failure signature is a **compensatory pattern** in torque and speed.

### Recommended action
1. **Compute power from torque and rotational speed.**
2. **Check whether the result is below 3500 W or above 9000 W.**
3. If power is out of range, look for a mismatch pattern:
   - high torque with low speed
   - high speed with low torque
4. Do **not** diagnose from torque or speed alone.","Underpowering happens when the computed mechanical power falls below 3500 W — this reflects torque that's too low relative to the current rotational speed, which risks an incomplete or stalled process. Power isn't measured directly; it's derived as `Power [W] = Torque [Nm] × Rotational speed [rpm] × (2π / 60)`. A torque reading that looks fine on its own can still combine with rotational speed to produce an underpowered result, so always check the computed power value rather than torque alone.",4598d51056
"Is the actual power value something the system measures directly, or is it calculated from torque and rpm?","The system does **not** measure actual power directly. It **calculates power** from torque and rotational speed.

### What’s happening
Power is treated as a **derived quantity**:
- `Power [W] = Torque [Nm] × Rotational speed [rad/s]`
- If speed is in rpm: `Power [W] = Torque [Nm] × Rotational speed [rpm] × (2π / 60)`

### Why
The context explicitly says:
- “**Power is a derived quantity, not a directly measured sensor value**”
- A normal-looking torque or speed value can still produce an **out-of-range power** value

### Recommended action
- **Do not interpret torque or rpm separately**
- **Compute and monitor the power feature itself**
- Check whether the computed power falls outside the safe band of **3500–9000 W**","Underpowering happens when the computed mechanical power falls below 3500 W — this reflects torque that's too low relative to the current rotational speed, which risks an incomplete or stalled process. Power isn't measured directly; it's derived as `Power [W] = Torque [Nm] × Rotational speed [rpm] × (2π / 60)`. A torque reading that looks fine on its own can still combine with rotational speed to produce an underpowered result, so always check the computed power value rather than torque alone.",4598d51056
"Can very high torque with very low rpm be a sign of Power Failure, even if each value looks okay by itself?","Yes. Very high torque with very low rpm can be a sign of **Power Failure**, even if each value looks acceptable on its own.

### What’s happening
This is a classic **compensatory pattern**: one variable is extreme in the opposite direction of the other. In this case, **very high torque + very low rotational speed** can still produce a **computed power** value outside the safe range.

### Why
Power is **not** evaluated from torque or speed separately. It is derived as:

`Power [W] = Torque [Nm] × Rotational speed [rpm] × (2π / 60)`

Because of that, a combination that looks harmless individually can still push power:
- **below 3500 W** → underpowered
- **above 9000 W** → overpowered

The context specifically says that **very high torque with very low speed** is a **classic Power Failure signature**.

### Recommended action
- **Compute and check the derived power value**
- **Do not rely on torque or rpm in isolation**
- Investigate Power Failure if the calculated power is **outside 3500–9000 W**

If you want, I can also help you interpret a specific torque/rpm pair against the power threshold.","It can be — that compensatory pattern (very high torque with very low speed, or very high speed with very low torque) is the classic Power Failure signature. Because `Power = Torque × Rotational speed × (2π/60)`, an extreme combination in either direction can push the computed power outside the safe 3500–9000 W band even when neither individual value looks alarming on its own. Always evaluate the computed power, not torque or speed in isolation.",d2e0f66011
"If the machine shows low speed but torque is unusually high, should I worry about a PWF condition?","Yes — that pattern is a classic **Power Failure (PWF)** signature.

### What’s happening
If the machine has **low rotational speed** but **unusually high torque**, that compensatory combination can indicate PWF.

### Why
The context says PWF is detected by the **computed power**, not by torque or speed alone:

- `Power = Torque × Rotational speed × (2π / 60)`
- A **very high torque with very low speed** is the classic compensatory pattern for PWF.
- Even if each value seems acceptable by itself, the **product** can fall **outside the safe 3500–9000 W band**.

### Recommended action
- **Check the derived power value** directly.
- Don’t rely on torque or speed in isolation.
- If computed power is **below 3500 W or above 9000 W**, treat it as a likely **Power Failure** condition and investigate the electrical/power supply side.","It can be — that compensatory pattern (very high torque with very low speed, or very high speed with very low torque) is the classic Power Failure signature. Because `Power = Torque × Rotational speed × (2π/60)`, an extreme combination in either direction can push the computed power outside the safe 3500–9000 W band even when neither individual value looks alarming on its own. Always evaluate the computed power, not torque or speed in isolation.",d2e0f66011
Is it normal to ignore torque or speed on their own and just check the calculated power for Power Failure?,"No — for **Power Failure**, it is **not** normal to ignore torque or speed on their own and only check the calculated power.

### What’s happening
Power Failure is based on the **derived power value** computed from torque and rotational speed:

`Power [W] = Torque [Nm] × Rotational speed [rpm] × (2π / 60)`

The failure triggers if this computed power is:
- **below 3500 W**, or
- **above 9000 W**

### Why
The context explicitly says **do not evaluate torque or speed in isolation**. A torque or speed reading can look normal by itself, but their **product** can still produce an out-of-band power value. The classic warning sign is a compensatory pattern such as:
- **very high torque with very low speed**, or
- **very high speed with very low torque**

So the mechanism is that **power is a derived quantity**, and the machine can still be in Power Failure even when each sensor reading seems acceptable on its own.

### Recommended action
- **Compute and monitor the derived power metric**
- **Check the product, not the individual factors**
- Treat torque and speed only as inputs to the power calculation, not as standalone pass/fail indicators for Power Failure

If you want, I can also summarize the exact Power Failure thresholds in a simple rule format.","It can be — that compensatory pattern (very high torque with very low speed, or very high speed with very low torque) is the classic Power Failure signature. Because `Power = Torque × Rotational speed × (2π/60)`, an extreme combination in either direction can push the computed power outside the safe 3500–9000 W band even when neither individual value looks alarming on its own. Always evaluate the computed power, not torque or speed in isolation.",d2e0f66011
Can a big mismatch between rotational speed and torque push power outside the safe range during predictive maintenance?,"Yes.

### What’s happening
A big mismatch between rotational speed and torque can push the **computed power** outside the safe range.

### Why
Power is a **derived** value, not a direct sensor reading:

\[
Power = Torque \times Rotational\ speed \times (2\pi / 60)
\]

So a **compensatory pattern** like:
- **very high torque + very low speed**, or
- **very high speed + very low torque**

can still produce **Power < 3500 W** or **Power > 9000 W**. That is the classic **Power Failure** signature.

### Recommended action
- **Do not judge torque or speed in isolation.**
- **Compute and monitor the derived power value**.
- Check whether it falls **outside 3500–9000 W**.
- If it does, treat it as a **Power Failure** condition.","It can be — that compensatory pattern (very high torque with very low speed, or very high speed with very low torque) is the classic Power Failure signature. Because `Power = Torque × Rotational speed × (2π/60)`, an extreme combination in either direction can push the computed power outside the safe 3500–9000 W band even when neither individual value looks alarming on its own. Always evaluate the computed power, not torque or speed in isolation.",d2e0f66011
Why would very high speed with very low torque still point to a Power Failure issue?,"A very high speed with very low torque can still indicate **Power Failure** because the issue is not torque or speed by themselves, but the **computed power** from both values together.

### What’s happening
Power Failure is triggered when mechanical power goes **outside the safe 3500–9000 W band**:
- **Below 3500 W** = underpowered
- **Above 9000 W** = overpowered

### Why this happens
Power is a **derived quantity**:

\[
Power = Torque \times Rotational\ speed \times (2\pi / 60)
\]

So a **very high speed** can multiply a **very low torque** enough to push the total power **out of range**. The context specifically says this compensatory pattern — **very high speed with very low torque, or vice versa** — is a **classic Power Failure signature**.

### Recommended action
- **Do not evaluate torque or speed in isolation**
- **Calculate the derived power value**
- Check whether the computed power is **< 3500 W or > 9000 W**
- If it is outside that band, treat it as a **Power Failure condition**

If you want, I can also help interpret a specific torque/speed reading against the safe power band.","It can be — that compensatory pattern (very high torque with very low speed, or very high speed with very low torque) is the classic Power Failure signature. Because `Power = Torque × Rotational speed × (2π/60)`, an extreme combination in either direction can push the computed power outside the safe 3500–9000 W band even when neither individual value looks alarming on its own. Always evaluate the computed power, not torque or speed in isolation.",d2e0f66011
How do I work out machine power from torque and rpm in practice?,"In practice, you calculate machine power as a **derived value** from torque and rotational speed:

**Power [W] = Torque [Nm] × Rotational speed [rpm] × (2π / 60)**

### What’s happening
You should not judge power from torque or rpm separately. The system considers the **computed power** itself, and a power failure is triggered if that value is:

- **Below 3500 W** → underpowered
- **Above 9000 W** → overpowered

### Why this happens
According to the context, **power is not measured directly**. It is derived from torque and speed:

- `Power [W] = Torque [Nm] × Rotational speed [rad/s]`
- Since speed is usually in rpm, use:
  - `Torque [Nm] × Rotational speed [rpm] × (2π / 60)`

This means a torque reading that looks acceptable on its own can still produce an underpowered or overpowered result once combined with rpm.

### Recommended action
- Compute **power as its own metric** from torque and rpm.
- Monitor the **calculated power value**, not torque and speed independently.
- Check for:
  - **< 3500 W** if the machine seems underpowered or stalled
  - **> 9000 W** if the machine may be overloaded

If you want, I can also show a quick numeric example using your torque and rpm values.","`Power [W] = Torque [Nm] × Rotational speed [rad/s]`, and since rotational speed is usually recorded in rpm, that's `Torque [Nm] × Rotational speed [rpm] × (2π / 60)`. Power Failure triggers when this computed value falls below 3500 W (underpowered) or above 9000 W (overpowered) — monitor it as its own derived metric rather than reading torque and speed separately.",556fd12d0f
What’s the formula for calculating power from torque and rotational speed?,"The formula is:

**Power [W] = Torque [Nm] × Rotational speed [rad/s]**

If rotational speed is in **rpm**, use:

**Power [W] = Torque [Nm] × Rotational speed [rpm] × (2π / 60)**

### What’s happening
Power is a **derived quantity**, not a directly measured sensor value.

### Why
According to the context, you should calculate power from the **product of torque and rotational speed**. A normal-looking torque or speed value by itself can still produce an out-of-range power value.

### Recommended action
Always compute and monitor the **derived power** value rather than checking torque or speed in isolation.","`Power [W] = Torque [Nm] × Rotational speed [rad/s]`, and since rotational speed is usually recorded in rpm, that's `Torque [Nm] × Rotational speed [rpm] × (2π / 60)`. Power Failure triggers when this computed value falls below 3500 W (underpowered) or above 9000 W (overpowered) — monitor it as its own derived metric rather than reading torque and speed separately.",556fd12d0f
"If my speed reading is in rpm, how do I convert it when checking power from torque?","If your speed reading is in **rpm**, convert it to **rad/s** by multiplying by **\(2\pi / 60\)**.

### What’s happening
To check power from torque, use:

\[
Power\,[W] = Torque\,[Nm] \times Rotational\ speed\,[rad/s]
\]

Since speed is often logged in **rpm**, the context says to calculate it as:

\[
Power\,[W] = Torque\,[Nm] \times Rotational\ speed\,[rpm] \times \left(\frac{2\pi}{60}\right)
\]

### Why
Power is a **derived quantity**, not a directly measured sensor value. The mechanism in the context is that torque and speed must be combined into a single computed power value, and Power Failure is triggered when that computed power falls **below 3500 W** or goes **above 9000 W**.

### Recommended action
- Convert rpm using **\(2\pi / 60\)**
- Compute **power** from **torque × speed**
- Check the **computed power value**, not torque or speed separately
- Compare the result against the **3500–9000 W** safe band","`Power [W] = Torque [Nm] × Rotational speed [rad/s]`, and since rotational speed is usually recorded in rpm, that's `Torque [Nm] × Rotational speed [rpm] × (2π / 60)`. Power Failure triggers when this computed value falls below 3500 W (underpowered) or above 9000 W (overpowered) — monitor it as its own derived metric rather than reading torque and speed separately.",556fd12d0f
At what calculated power level does a power failure get flagged as underpowered or overpowered?,"A power failure is flagged when the **computed mechanical power** falls outside the safe band:

- **Underpowered:** `Power < 3500 W`
- **Overpowered:** `Power > 9000 W`

### What’s happening
The system calculates power from torque and rotational speed:

`Power [W] = Torque [Nm] × Rotational speed [rpm] × (2π / 60)`

So the failure is not based on torque or speed alone, but on their **product**.

### Why
The context says power failure occurs when the delivered mechanical power is either:

- **too low** to complete the process, or
- **too high** and likely to overload the machine

That’s why the flag is triggered below **3500 W** or above **9000 W**.

### Recommended action
- Compute the **derived power** value from torque and speed.
- Check whether it is **below 3500 W** or **above 9000 W**.
- Do **not** evaluate torque or speed separately, since either one can look normal while the combined power is out of range.","`Power [W] = Torque [Nm] × Rotational speed [rad/s]`, and since rotational speed is usually recorded in rpm, that's `Torque [Nm] × Rotational speed [rpm] × (2π / 60)`. Power Failure triggers when this computed value falls below 3500 W (underpowered) or above 9000 W (overpowered) — monitor it as its own derived metric rather than reading torque and speed separately.",556fd12d0f
"Should I monitor torque and speed separately, or track the derived power value for this fault?","You should **track the derived power value**, not torque and speed separately for this fault.

### What’s happening
This fault is **Power Failure**, which is triggered when the **computed power** falls below **3500 W** or rises above **9000 W**.

### Why
Power is a **derived quantity**, calculated from torque and rotational speed:

\[
Power\,[W] = Torque\,[Nm] \times Rotational\ speed\,[rad/s]
\]

Since speed is usually logged in rpm:

\[
Power\,[W] = Torque\,[Nm] \times Rotational\ speed\,[rpm] \times \frac{2\pi}{60}
\]

The context specifically says that **torque or speed can look normal individually while the product is out of range**, so you should **not evaluate them in isolation**.

### Recommended action
- **Compute and monitor power as its own first-class derived metric**
- Use it in your real-time dashboard rather than relying on separate torque and speed readings
- If power trends toward **3500 W** or **9000 W**, adjust torque or speed setpoints before the limit is reached
- If power drifts outside the band without an obvious setpoint change, investigate **drive/motor calibration**

","`Power [W] = Torque [Nm] × Rotational speed [rad/s]`, and since rotational speed is usually recorded in rpm, that's `Torque [Nm] × Rotational speed [rpm] × (2π / 60)`. Power Failure triggers when this computed value falls below 3500 W (underpowered) or above 9000 W (overpowered) — monitor it as its own derived metric rather than reading torque and speed separately.",556fd12d0f
Can the same tool wear and torque be fine on one product variant but still trip an overstrain failure on another?,"Yes.

### What’s happening
The same `Tool wear × Torque` value can be acceptable on one product variant and still cause an **Overstrain Failure** on another.

### Why
Overstrain Failure is based on the **strain indicator**:

`strain_indicator = Tool wear × Torque`

But the failure threshold is **variant-specific**:
- **Low (L):** about **11,000 min·Nm**
- **Medium (M):** about **12,000 min·Nm**
- **High (H):** about **13,000 min·Nm**

So a value that is safe for one `Type` can exceed the limit for another. The context explicitly says the threshold is **product-quality-dependent** and that applying one global threshold causes false positives and false negatives.

### Recommended action
Always check:
1. the product’s **Type** (`L`, `M`, or `H`)
2. `Tool wear × Torque`
3. compare that product against the **correct variant-specific threshold**

Do not assume the same wear and torque are safe across all variants.","Yes — Overstrain Failure thresholds are product-quality-dependent. The same `Tool wear × Torque` value that's safe on a Low (L) quality variant (threshold ≈ 11,000 min·Nm) can exceed the limit on a Medium (M, ≈ 12,000 min·Nm) or High (H, ≈ 13,000 min·Nm) variant, and vice versa. Applying one global threshold across all variants produces false positives on L and false negatives on H, so the product `Type` must always be checked alongside the strain calculation.",d87b9c0dfa
Why does one global overstrain threshold give false alarms on low-quality parts and miss issues on high-quality ones?,"What’s happening:
- Overstrain Failure is triggered by the product of `Tool wear × Torque` exceeding a threshold.
- That threshold is not the same for all parts: it depends on the product quality `Type`:
  - Low (L): ~11,000 min·Nm
  - Medium (M): ~12,000 min·Nm
  - High (H): ~13,000 min·Nm

Why one global threshold fails:
- The same strain value can be acceptable for one quality variant and excessive for another.
- If you use one fixed threshold for all variants:
  - it will flag too many Low-quality parts as failures when they are still within their lower, variant-specific limit, and
  - it will miss failures on High-quality parts because their higher threshold means some truly risky cases won’t cross the global cutoff.
- The context explicitly says this causes both false positives on L and false negatives on H.

Recommended action:
- Always check the product `Type` (L/M/H) alongside `Tool wear` and `Torque`.
- Compute `Tool wear × Torque` and compare it against the correct variant-specific threshold, not a single global number.","Yes — Overstrain Failure thresholds are product-quality-dependent. The same `Tool wear × Torque` value that's safe on a Low (L) quality variant (threshold ≈ 11,000 min·Nm) can exceed the limit on a Medium (M, ≈ 12,000 min·Nm) or High (H, ≈ 13,000 min·Nm) variant, and vice versa. Applying one global threshold across all variants produces false positives on L and false negatives on H, so the product `Type` must always be checked alongside the strain calculation.",d87b9c0dfa
Do I need to check the product type before judging whether Tool wear × Torque is too high?,"Yes. You should check the product `Type` before judging whether `Tool wear × Torque` is too high.

### What’s happening
Overstrain Failure is based on the product of:

- `Tool wear`
- `Torque`

But that product is **not compared to one fixed threshold**. It must be checked against the threshold for the product’s `Type`:

- **L**: about **11,000 min·Nm**
- **M**: about **12,000 min·Nm**
- **H**: about **13,000 min·Nm**

### Why
The context says the same `Tool wear × Torque` value can be:

- safe on one variant
- a failure on another

So `Type` is essential. Without it, you can get:

- **false positives** on **L**
- **false negatives** on **H**

### Recommended action
1. **Always include `Type` (L/M/H) in the check**
2. Compute `Tool wear × Torque`
3. Compare it to the **variant-specific threshold**
4. Don’t judge risk from wear or torque alone

If you want, I can also help you turn this into a simple decision rule or formula.","Yes — Overstrain Failure thresholds are product-quality-dependent. The same `Tool wear × Torque` value that's safe on a Low (L) quality variant (threshold ≈ 11,000 min·Nm) can exceed the limit on a Medium (M, ≈ 12,000 min·Nm) or High (H, ≈ 13,000 min·Nm) variant, and vice versa. Applying one global threshold across all variants produces false positives on L and false negatives on H, so the product `Type` must always be checked alongside the strain calculation.",d87b9c0dfa
"What are the separate overstrain limits for Low, Medium, and High quality variants?","The separate overstrain limits are:

- **Low (L):** about **11,000 min·Nm**
- **Medium (M):** about **12,000 min·Nm**
- **High (H):** about **13,000 min·Nm**

**What’s happening:** Overstrain Failure happens when the accumulated mechanical strain, calculated as **`tool wear × torque`**, exceeds the threshold.

**Why:** The threshold is **product-quality-dependent**. The same sensor values can be safe on one variant and cause failure on another, so the product **Type** must be checked alongside the strain calculation.

**Recommended action:** Always compare **`Tool wear × Torque`** to the correct threshold for the product’s **L/M/H** type, rather than using one global limit.","Yes — Overstrain Failure thresholds are product-quality-dependent. The same `Tool wear × Torque` value that's safe on a Low (L) quality variant (threshold ≈ 11,000 min·Nm) can exceed the limit on a Medium (M, ≈ 12,000 min·Nm) or High (H, ≈ 13,000 min·Nm) variant, and vice versa. Applying one global threshold across all variants produces false positives on L and false negatives on H, so the product `Type` must always be checked alongside the strain calculation.",d87b9c0dfa
"If two jobs have the same wear and torque, why can one pass and the other fail depending on the variant?","What’s happening:  
Two jobs can have the same `Tool wear` and `Torque` but still differ in outcome because **Overstrain Failure is checked against the product variant (`Type`: L/M/H)**.

Why:  
The context says the failure rule is based on:

- `strain_indicator = Tool wear × Torque`
- This product is compared to a **variant-specific threshold**, not one global threshold

Approximate thresholds are:

- **L:** ~11,000 min·Nm
- **M:** ~12,000 min·Nm
- **H:** ~13,000 min·Nm

So the **same wear and torque** can be:

- **above the threshold** for one variant → fail
- **below the threshold** for another variant → pass

Recommended action:  
Always evaluate **`Tool wear × Torque` together with the `Type` field**. Do **not** use a single universal cutoff across all jobs.","Yes — Overstrain Failure thresholds are product-quality-dependent. The same `Tool wear × Torque` value that's safe on a Low (L) quality variant (threshold ≈ 11,000 min·Nm) can exceed the limit on a Medium (M, ≈ 12,000 min·Nm) or High (H, ≈ 13,000 min·Nm) variant, and vice versa. Applying one global threshold across all variants produces false positives on L and false negatives on H, so the product `Type` must always be checked alongside the strain calculation.",d87b9c0dfa
"What exactly is the strain indicator, and how is it calculated from tool wear and torque?","The **strain indicator** is a **derived measure of accumulated mechanical strain**. It combines:

- **Tool wear** in minutes, and
- **Current torque** in Nm

### How it is calculated
\[
\text{strain\_indicator} = \text{Tool wear [min]} \times \text{Torque [Nm]}
\]

### What it means
It reflects how much stress the tool is under **given its current wear state**. The context says this matters because **neither tool wear nor torque alone is enough** to assess risk:  
- a **worn tool under moderate torque** can still be at risk, and  
- a **fresh tool under high torque** can also trigger overstrain.

### Why it matters
**Overstrain Failure (OSF)** occurs when this strain indicator exceeds a **variant-specific threshold**:

- **L:** about **11,000 min·Nm**
- **M:** about **12,000 min·Nm**
- **H:** about **13,000 min·Nm**

### Recommended action
- **Compute the indicator directly** from tool wear and torque.
- **Compare it to the threshold for the machine variant**.
- If it is near or above threshold, treat it as an **overstrain risk** and reduce mechanical load / torque if possible.

If you want, I can also contrast **strain_indicator** with the **power** calculation so the two derived metrics are easier to distinguish.","`strain_indicator = Tool wear [min] × Torque [Nm]` — it's a derived measure of accumulated mechanical strain that combines how worn the tool is with how much torque is currently being applied. Overstrain Failure occurs when this value exceeds a variant-specific threshold (L ≈ 11,000, M ≈ 12,000, H ≈ 13,000 min·Nm). Neither tool wear nor torque alone tells you the risk — a worn tool under moderate torque and a fresh tool under high torque can both trigger OSF.",433090e42a
Why do we use strain indicator instead of looking at tool wear or torque by themselves when checking OSF risk?,"We use **strain_indicator** because **Overstrain Failure (OSF)** is caused by the **combined effect** of tool wear and torque, not either one alone.

### What’s happening
`strain_indicator = Tool wear [min] × Torque [Nm]`

OSF happens when this **product** exceeds a variant-specific threshold:
- **L:** ~11,000 min·Nm
- **M:** ~12,000 min·Nm
- **H:** ~13,000 min·Nm

### Why not tool wear or torque by themselves?
Because the context says **neither one alone tells you the risk**:
- A **worn tool under moderate torque** can still fail.
- A **fresh tool under high torque** can also fail.

So looking at only wear or only torque would miss cases where the **combined mechanical strain** is already too high.

### Recommended action
Monitor the **strain_indicator** directly and compare it to the variant-specific threshold. Use tool wear and torque together, since OSF risk depends on their **multiplication**, not on either signal in isolation.","`strain_indicator = Tool wear [min] × Torque [Nm]` — it's a derived measure of accumulated mechanical strain that combines how worn the tool is with how much torque is currently being applied. Overstrain Failure occurs when this value exceeds a variant-specific threshold (L ≈ 11,000, M ≈ 12,000, H ≈ 13,000 min·Nm). Neither tool wear nor torque alone tells you the risk — a worn tool under moderate torque and a fresh tool under high torque can both trigger OSF.",433090e42a
"At what strain indicator value does overstrain failure usually happen for the L, M, and H variants?","Overstrain Failure usually happens when the **strain indicator** exceeds a variant-specific threshold:

- **L variant:** about **11,000 min·Nm**
- **M variant:** about **12,000 min·Nm**
- **H variant:** about **13,000 min·Nm**

Why this happens:
- The strain indicator is calculated as:

  `strain_indicator = Tool wear [min] × Torque [Nm]`

- Overstrain Failure occurs when this value goes **above the threshold for that product Type**.

Recommended action:
- Always check the **variant (L/M/H)** together with the strain indicator.
- Do **not** use one global threshold for all variants, since that can cause false positives on L and false negatives on H.","`strain_indicator = Tool wear [min] × Torque [Nm]` — it's a derived measure of accumulated mechanical strain that combines how worn the tool is with how much torque is currently being applied. Overstrain Failure occurs when this value exceeds a variant-specific threshold (L ≈ 11,000, M ≈ 12,000, H ≈ 13,000 min·Nm). Neither tool wear nor torque alone tells you the risk — a worn tool under moderate torque and a fresh tool under high torque can both trigger OSF.",433090e42a
Can a tool with only moderate wear still cause overstrain failure if the torque gets too high?,"Yes.

### What’s happening
A tool with only moderate wear can still cause **Overstrain Failure** if the **torque is high enough**.

### Why
The relevant mechanism is:

`strain_indicator = Tool wear [min] × Torque [Nm]`

Overstrain Failure happens when this product exceeds the **variant-specific threshold**. The context explicitly says that **wear and torque trade off against each other**, so a worn tool under moderate torque and a fresh tool under high torque can both trigger OSF.

### Recommended action
- Compute **tool wear × torque** for the tool.
- Compare the result against the correct threshold for the tool’s **Type**:
  - **L ≈ 11,000**
  - **M ≈ 12,000**
  - **H ≈ 13,000 min·Nm**
- Do not assume moderate wear is safe if torque may be elevated.","`strain_indicator = Tool wear [min] × Torque [Nm]` — it's a derived measure of accumulated mechanical strain that combines how worn the tool is with how much torque is currently being applied. Overstrain Failure occurs when this value exceeds a variant-specific threshold (L ≈ 11,000, M ≈ 12,000, H ≈ 13,000 min·Nm). Neither tool wear nor torque alone tells you the risk — a worn tool under moderate torque and a fresh tool under high torque can both trigger OSF.",433090e42a
How can I tell if my machine is close to an OSF event using the combined wear-and-torque value?,"Yes. For **OSF (Overstrain Failure)**, the key signal is the **combined wear-and-torque value**:

- **`strain_indicator = Tool wear [min] × Torque [Nm]`**

### What’s happening
If this value gets **above the OSF threshold**, the machine is close to an overstrain event.

Thresholds are approximately:
- **Low variant (L): ~11,000 min·Nm**
- **Medium variant (M): ~12,000 min·Nm**
- **High variant (H): ~13,000 min·Nm**

### Why this matters
The context says OSF is based on the **joint effect** of wear and torque. So:
- **Tool wear alone** is not enough
- **Torque alone** is not enough
- A **worn tool under moderate torque** or a **fresh tool under high torque** can both push the strain indicator into the failure zone

### Recommended action
1. **Calculate**: `tool wear × torque`
2. **Compare** it to the threshold for your machine variant
3. If it is **near or above the threshold**, reduce load and inspect the tool condition before continuing

If you want, I can also help you estimate the strain indicator from your wear and torque values.","`strain_indicator = Tool wear [min] × Torque [Nm]` — it's a derived measure of accumulated mechanical strain that combines how worn the tool is with how much torque is currently being applied. Overstrain Failure occurs when this value exceeds a variant-specific threshold (L ≈ 11,000, M ≈ 12,000, H ≈ 13,000 min·Nm). Neither tool wear nor torque alone tells you the risk — a worn tool under moderate torque and a fresh tool under high torque can both trigger OSF.",433090e42a
"Can a brand-new tool still hit overstrain if the torque gets high enough, or is low wear always safe?","Yes — a brand-new tool can still hit overstrain if the torque is high enough.

### What’s happening
Overstrain Failure is based on:

`strain_indicator = Tool wear × Torque`

So even if tool wear is very low, a sufficiently high torque can make the product exceed the overstrain threshold.

### Why
The context explicitly says low wear is **not automatically safe** because the two factors trade off against each other. In other words, **neither tool wear nor torque alone is enough to judge risk**. A fresh tool under high torque can still trigger Overstrain Failure.

### Recommended action
- Compute `Tool wear × Torque`
- Compare that result against the **variant-specific threshold** for the product’s `Type`:
  - **L** ≈ 11,000 min·Nm
  - **M** ≈ 12,000 min·Nm
  - **H** ≈ 13,000 min·Nm
- Do **not** assume low wear means safe; always check the calculated strain against the correct threshold.","Not automatically. Because `strain_indicator = Tool wear × Torque`, a fresh tool (low wear) can still reach the overstrain threshold if torque is high enough — the two factors trade off against each other. Always compute the product against the variant-specific threshold for the product's `Type` (L/M/H) rather than assuming low wear alone is safe.",72e90335be
How do I check whether tool wear and torque together are enough to trigger overstrain on a given type?,"To check whether **tool wear and torque together are enough to trigger Overstrain Failure**, do this:

## What’s happening
Compute the combined strain measure:

**strain_indicator = Tool wear [min] × Torque [Nm]**

Then compare that product against the threshold for the product’s **Type**:

- **L:** about **11,000 min·Nm**
- **M:** about **12,000 min·Nm**
- **H:** about **13,000 min·Nm**

If the product exceeds the threshold for that type, Overstrain Failure can be triggered.

## Why this works
The context says Overstrain Failure depends on the **combination** of wear and torque, not either one alone. A worn tool under moderate torque or a fresh tool under high torque can both fail, because the relevant mechanism is the **product** of the two values.

So you should **not** judge risk from tool wear or torque separately.

## Recommended action
1. **Always include `Type` (L/M/H)** in the check.
2. **Calculate `Tool wear × Torque`.**
3. **Compare it to the correct variant threshold** for that type.
4. If the batch is near the limit, consider:
   - lowering the torque setpoint, or
   - replacing the tool earlier.

If you want, I can also show the check as a simple decision rule or formula.","Not automatically. Because `strain_indicator = Tool wear × Torque`, a fresh tool (low wear) can still reach the overstrain threshold if torque is high enough — the two factors trade off against each other. Always compute the product against the variant-specific threshold for the product's `Type` (L/M/H) rather than assuming low wear alone is safe.",72e90335be
"If a tool is barely worn, does that automatically mean it won’t fail from strain under heavy load?","No. A tool being barely worn does **not automatically** mean it won’t fail under heavy load.

### What’s happening
Overstrain Failure is based on the combined strain measure:

`strain_indicator = Tool wear × Torque`

So even if tool wear is low, a **high torque / heavy load** can still push the strain indicator over the failure threshold.

### Why this matters
The context explicitly says that **neither tool wear nor torque alone tells you the risk**. A fresh or barely worn tool can still trigger Overstrain Failure if the load is high enough. The threshold also depends on the product `Type` (L/M/H), so the same wear level can be safe for one variant and unsafe for another.

### Recommended action
Do **not** assume low wear is safe. Compute:

`Tool wear × Torque`

and compare it to the correct threshold for the product type:
- **L:** ~11,000 min·Nm
- **M:** ~12,000 min·Nm
- **H:** ~13,000 min·Nm

If the product is under heavy load, check the full strain indicator before continuing operation.","Not automatically. Because `strain_indicator = Tool wear × Torque`, a fresh tool (low wear) can still reach the overstrain threshold if torque is high enough — the two factors trade off against each other. Always compute the product against the variant-specific threshold for the product's `Type` (L/M/H) rather than assuming low wear alone is safe.",72e90335be
"What should I compare against the overstrain limit for an L, M, or H tool type?","For an **L, M, or H tool type**, compare the **product of Tool wear and Torque**:

- **strain_indicator = Tool wear [min] × Torque [Nm]**

Then compare that value against the **variant-specific overstrain threshold** for the tool’s **Type (L/M/H)** — **not** a single global limit.

### What’s happening
Overstrain Failure occurs when the combined effect of **tool wear** and **torque** becomes too high.

### Why
The context says strain accumulates as:

- **Tool wear × Torque**

So a tool can fail from overstrain either because:
- it is **more worn under moderate torque**, or
- it is **less worn but under very high torque**

### Recommended action
1. Get the tool’s **Type**: **L, M, or H**
2. Compute:
   - **Tool wear × Torque**
3. Compare that result to the **matching variant-specific threshold** for that type
4. If it exceeds the limit, treat it as a **higher-priority mechanical overstrain risk**

If you want, I can help you turn this into a simple decision rule or pseudocode.","Not automatically. Because `strain_indicator = Tool wear × Torque`, a fresh tool (low wear) can still reach the overstrain threshold if torque is high enough — the two factors trade off against each other. Always compute the product against the variant-specific threshold for the product's `Type` (L/M/H) rather than assuming low wear alone is safe.",72e90335be
"Is the strain check based on wear alone, or do I need to multiply wear by torque before judging safety?","It is **not based on wear alone**.

### What’s happening
For **Overstrain Failure**, the safety check uses a combined measure:

- **`strain_indicator = Tool wear [min] × Torque [Nm]`**

So you **do need to multiply wear by torque** before judging whether the tool is safe.

### Why
The context says overstrain risk comes from **both**:
- how worn the tool is, and
- how much torque is currently being applied.

It also explicitly says:
- **Neither tool wear nor torque alone tells you the risk**
- Overstrain Failure occurs when the combined `strain_indicator` exceeds a threshold

### Recommended action
- Calculate: **wear × torque**
- Compare the result to the variant-specific threshold:
  - **L ≈ 11,000 min·Nm**
  - **M ≈ 12,000 min·Nm**
  - **H ≈ 13,000 min·Nm**

If you want, I can also help distinguish this from **Tool Wear Failure**, which is different and is monitored directly by wear time alone.","Not automatically. Because `strain_indicator = Tool wear × Torque`, a fresh tool (low wear) can still reach the overstrain threshold if torque is high enough — the two factors trade off against each other. Always compute the product against the variant-specific threshold for the product's `Type` (L/M/H) rather than assuming low wear alone is safe.",72e90335be
"Why would a machine still fail even when torque, temperature, speed, and tool wear all look normal?","A machine can still fail because **the failure mode may not show up in torque, temperature, speed, or tool wear in a simple way**.

### What’s happening
Two relevant failure modes in the context can explain this:

1. **Heat Dissipation Failure (HDF)**
   - Air and process temperature can each look normal.
   - The real indicator is the **gap** between them:
     - `temp_diff = Process temperature − Air temperature`
     - Risk increases when `temp_diff < 8.6 K` **and** `Rotational speed < 1380 rpm` together.

2. **Tool Wear Failure (TWF)**
   - This is a **time-based** failure mode.
   - Failure probability rises sharply after about **200–240 minutes** of tool wear time, even if **torque, temperature, and rotational speed all look normal**.
   - Torque is **not** a reliable early warning for tool wear.

### Why this happens
- For **HDF**, normal-looking individual temperatures do not rule it out; the issue is the **combination of a small temperature difference and low speed**.
- For **TWF**, the machine can fail simply because the tool has accumulated enough runtime. It may show **no obvious sensor abnormality** beforehand.

### Recommended action
- **Check the derived HDF condition**:
  - Compute `temp_diff = Process temperature − Air temperature`
  - Look for `temp_diff < 8.6 K` together with `Rotational speed < 1380 rpm`
- **Check tool wear time directly**:
  - If cumulative tool wear is in the **200–240 minute** range, prioritize inspection and schedule tool replacement.
- **Do not rely on torque alone** to rule out failure.

If you want, I can turn this into a short incident-log style diagnosis statement.","This is most likely a background failure with no sensor signature at all — in this knowledge base, that's classified as RNF (Random Failure). It occurs independently of torque, temperature, speed, or tool wear, and is modeled as a small constant probability (~0.1%) applied to every process instance. If none of the TWF/HDF/PWF/OSF trigger conditions were met, don't force a sensor-based explanation onto the event — treat it as irreducible background risk instead.",50acea25e7
"If none of the usual failure triggers show up, should I still try to explain the breakdown from sensor data?","No. If none of the usual failure triggers show up, you should **not** try to force a sensor-based explanation.

### What’s happening
This is most likely **RNF (Random Failure)**: a background failure with **no sensor signature**.

### Why
From the context:
- RNF has **no correlation** with air temperature, process temperature, rotational speed, torque, or tool wear.
- It is modeled as an **irreducible background risk** (about **0.1%** per process instance).
- If the TWF/HDF/PWF/OSF trigger conditions are not met, you should **not force a sensor-based root cause** onto the event.

### Recommended action
- **Treat it as RNF / background risk**, not as a sensor-driven breakdown.
- **Track it separately** from TWF/HDF/PWF/OSF statistics.
- Focus on **rapid detection after the fact and containment**, plus operational mitigations like **redundancy, spare parts, and fast response crews** rather than prediction.","This is most likely a background failure with no sensor signature at all — in this knowledge base, that's classified as RNF (Random Failure). It occurs independently of torque, temperature, speed, or tool wear, and is modeled as a small constant probability (~0.1%) applied to every process instance. If none of the TWF/HDF/PWF/OSF trigger conditions were met, don't force a sensor-based explanation onto the event — treat it as irreducible background risk instead.",50acea25e7
"In a predictive maintenance setup, is there a type of failure that happens basically as background risk with no clear sensor signature?","Yes — that type of failure is **Random Failure (RNF)**.

### What’s happening
It is a **background failure risk** that can occur even when all sensor readings look normal. The context says RNF has **no sensor signature** and happens **independently of torque, temperature, speed, or tool wear**.

### Why this happens
The mechanism described is an **irreducible background failure rate**: a small constant probability applied to each process instance, regardless of process state. In other words, if none of the TWF/HDF/PWF/OSF trigger conditions are met, you should **not force a sensor-based root cause**.

### Recommended action
- **Classify it as RNF** when there is no clear sensor-based cause.
- **Track it separately** from the other failure modes in reporting.
- Focus the response on **rapid detection after the fact and containment**, not prevention, since it is unpredictable by nature.","This is most likely a background failure with no sensor signature at all — in this knowledge base, that's classified as RNF (Random Failure). It occurs independently of torque, temperature, speed, or tool wear, and is modeled as a small constant probability (~0.1%) applied to every process instance. If none of the TWF/HDF/PWF/OSF trigger conditions were met, don't force a sensor-based explanation onto the event — treat it as irreducible background risk instead.",50acea25e7
"How do I classify a breakdown when every reading seems fine and no TWF, HDF, PWF, or OSF condition was met?","If **no TWF, HDF, PWF, or OSF condition was met** but a failure is still flagged, the context says it should be classified as **RNF**:

- **RNF = “No condition met, but failure flagged” → likely RNF**
- **Severity:** **Variable**
- **Response:** **Case-by-case, post-hoc review**

### What’s happening
This means the readings did **not** trigger any of the derived failure conditions:
- no tool wear in the TWF band,
- no low-temperature/low-speed HDF condition,
- no power outside the PWF range,
- no tool_wear × torque over the OSF threshold.

### Why
Per the SOP, if **no condition is met** but there is still a failure flag, the incident is treated as **RNF** rather than one of the specific failure modes.

### Recommended action
- Log it as **RNF**
- Send it for **case-by-case review**
- Investigate post-hoc, since the context does not give a specific immediate response window for RNF

If you want, I can also help you format this into a triage note.","This is most likely a background failure with no sensor signature at all — in this knowledge base, that's classified as RNF (Random Failure). It occurs independently of torque, temperature, speed, or tool wear, and is modeled as a small constant probability (~0.1%) applied to every process instance. If none of the TWF/HDF/PWF/OSF trigger conditions were met, don't force a sensor-based explanation onto the event — treat it as irreducible background risk instead.",50acea25e7
Is it normal to see a rare machine failure that doesn’t seem tied to any operating condition or wear pattern?,"Not necessarily. Based on the context, a rare failure that does **not** line up with any operating condition or wear pattern can still be real, but the specific failure mode is **not identified** by the provided information.

### What’s happening
The context describes failure modes that usually have recognizable signatures:
- **Heat Dissipation Failure (HDF):** tied to abnormal temperature behavior and cooling issues, especially the joint condition `temp_diff < 8.6 K` with `Rotational speed < 1380 rpm`.
- **Tool Wear Failure (TWF):** a **time-based** failure that can appear after long cumulative runtime even when torque, temperature, and speed look normal.
- **Power Failure:** shows up through abnormal voltage/current/power/speed relationships or sudden voltage loss.

If a failure seems **rare** and **not tied to operating conditions or wear**, the context does **not** provide enough information to say which failure it is.

### Why this may happen
From the context:
- **Tool wear** can fail without obvious stress-based warning signs.
- **Heat dissipation issues** should show temperature/cooling-related patterns.
- **Power failure** should show electrical or speed deviation patterns.

So if none of those patterns are present, the context does not support a confident diagnosis.

### Recommended action
- **Do not guess the failure mode from rarity alone.**
- Check whether:
  - the machine has had **long uninterrupted runtime** (possible TWF),
  - there is a **temperature gap/cooling issue** with low speed (possible HDF),
  - there are **voltage/current/speed irregularities** (possible power failure).
- If the data still shows no matching pattern, the context says **there isn’t enough information** to diagnose it.

If you want, I can help you compare the observed behavior against the listed signatures.","This is most likely a background failure with no sensor signature at all — in this knowledge base, that's classified as RNF (Random Failure). It occurs independently of torque, temperature, speed, or tool wear, and is modeled as a small constant probability (~0.1%) applied to every process instance. If none of the TWF/HDF/PWF/OSF trigger conditions were met, don't force a sensor-based explanation onto the event — treat it as irreducible background risk instead.",50acea25e7
Can I really build a predictive model for RNF failures if they don’t line up with any sensor readings?,"No — not if you mean a **sensor-based predictive model for RNF specifically**.

### What’s happening
RNF is defined as a **random failure with no sensor signature**. The context says it has **no correlation** with:
- air temperature
- process temperature
- rotational speed
- torque
- tool wear

So if the sensors look normal, that is exactly what RNF looks like.

### Why
The mechanism described in the context is that RNF is an **irreducible background risk**: it occurs independently of the sensor readings and is modeled as a **small constant probability (~0.1%)** applied to every process instance. Because there is no real sensor pattern to learn, a model should **not be expected to outperform the base rate** in any meaningful way. If a model claims a strong sensor explanation for RNF, the context says to treat that as **likely overfitting to coincidence**.

### Recommended action
- **Do not build sensor-based early-warning rules for RNF specifically.**
- Treat RNF as a **background risk** instead of a predictable event.
- Use **redundancy, spare-part availability, and rapid-response maintenance crews** to reduce impact.
- Track RNF incidents separately in reporting so they aren’t misattributed to other failure modes.

If you want, I can also help distinguish RNF from the other failure classes mentioned in the context.","No — by design, this class of failure (RNF) has no correlation with air temperature, process temperature, rotational speed, torque, or tool wear, so a sensor-based model shouldn't be expected to meaningfully outperform the base rate. If a report or model claims a confident sensor-driven explanation for one of these events, treat that explanation with skepticism; it's more likely overfitting to coincidence. Redundancy, spare-part availability, and fast response crews mitigate this risk better than prediction.",cb2d1a82cd
Why would a sensor-based model be a bad fit for random failures like RNF?,"A sensor-based model is a bad fit for RNF because RNF has **no sensor signature by design**.

### What’s happening
Random Failure (RNF) is described as a **low-probability background failure** that occurs **independently of sensor readings**. There is no meaningful correlation with:
- air temperature
- process temperature
- rotational speed
- torque
- tool wear

So the failure can happen even when all sensors look normal.

### Why
Because RNF is **irreducible background risk**, a model built on sensor features should not be expected to do better than the **base rate**. If a model appears to explain RNF using sensor patterns, the context says that is likely **overfitting to coincidence**, not a real causal relationship.

### Recommended action
- **Do not build sensor-based early-warning rules for RNF specifically**
- Treat RNF as background risk
- Use **general reliability measures** instead:
  - redundancy
  - spare-part availability
  - rapid-response maintenance crews
- Track RNF separately in reporting so it is not mistaken for another failure mechanism","No — by design, this class of failure (RNF) has no correlation with air temperature, process temperature, rotational speed, torque, or tool wear, so a sensor-based model shouldn't be expected to meaningfully outperform the base rate. If a report or model claims a confident sensor-driven explanation for one of these events, treat that explanation with skepticism; it's more likely overfitting to coincidence. Redundancy, spare-part availability, and fast response crews mitigate this risk better than prediction.",cb2d1a82cd
"If a report says it can predict an RNF event from temperature, speed, torque, or tool wear, should I trust it?","No — you should **not trust** that claim.

### What’s happening
An **RNF (Random Failure)** event has **no sensor signature by design**. The context says RNF is **not correlated** with:

- air temperature
- process temperature
- rotational speed
- torque
- tool wear

So a report saying it can predict RNF from those features is not describing a real mechanism.

### Why
The knowledge base explicitly says:

- RNF has **no correlation** with those sensor features.
- Any model trying to predict RNF from them should **not be expected to perform meaningfully better than the base rate**.
- If a model claims a strong sensor-based explanation for an RNF-labeled event, it is likely **overfitting to coincidental patterns**, not finding a causal signature.

### Recommended action
- Treat the report with **skepticism**.
- Do **not** rely on temperature, speed, torque, or tool wear as predictors of RNF.
- If the event is labeled RNF and no other failure trigger conditions were met, treat it as **irreducible background risk** rather than a sensor-detectable failure.","No — by design, this class of failure (RNF) has no correlation with air temperature, process temperature, rotational speed, torque, or tool wear, so a sensor-based model shouldn't be expected to meaningfully outperform the base rate. If a report or model claims a confident sensor-driven explanation for one of these events, treat that explanation with skepticism; it's more likely overfitting to coincidence. Redundancy, spare-part availability, and fast response crews mitigate this risk better than prediction.",cb2d1a82cd
What’s the best way to reduce the impact of RNF failures if prediction won’t work well?,"If prediction won’t work well, the best way to reduce the impact of **RNF (Random Failure)** is to treat it as **irreducible background risk** and focus on **operational resilience**, not prediction.

### What’s happening
RNF has **no sensor signature**: it does not correlate with air temperature, process temperature, rotational speed, torque, or tool wear. So a sensor-based predictive model should not be expected to do better than the base rate.

### Why
The context says RNF is **unpredictable by nature** and that any sensor-based explanation is likely **overfitting to coincidence**, not a real causal signal.

### Recommended action
Use measures that reduce the impact of unexpected failures:
- **Redundancy**
- **Spare-part availability**
- **Rapid-response maintenance crews**
- **Rapid detection-after-the-fact and containment**
- **Track RNF-labeled incidents separately** so they are not misattributed during root-cause review

So, if prediction won’t work well, the best mitigation is **reliability planning and fast response**, rather than trying to build a predictive model.","No — by design, this class of failure (RNF) has no correlation with air temperature, process temperature, rotational speed, torque, or tool wear, so a sensor-based model shouldn't be expected to meaningfully outperform the base rate. If a report or model claims a confident sensor-driven explanation for one of these events, treat that explanation with skepticism; it's more likely overfitting to coincidence. Redundancy, spare-part availability, and fast response crews mitigate this risk better than prediction.",cb2d1a82cd
Is it normal for this type of failure to show no clear correlation with machine sensors?,"Yes — **for a Random Failure, it is normal to see no clear correlation with machine sensors**.

### What’s happening
This failure type is described as **random and unpredictable by nature**, so it may not produce a consistent sensor pattern before it occurs.

### Why
The context says incidents with no clear cause should be treated as **Random Failure**, and that this type is **unpredictable by nature**. Because of that, there may be **no meaningful sensor signature or root-cause correlation** to track.

### Recommended action
- **Track these incidents separately** in reporting, rather than assigning them to TWF/HDF/PWF/OSF root-cause categories.
- Focus on **rapid detection after the fact** and **containment**, not prevention.
- Avoid forcing a sensor-based root cause when the event is uncaused, since that would distort the data.","No — by design, this class of failure (RNF) has no correlation with air temperature, process temperature, rotational speed, torque, or tool wear, so a sensor-based model shouldn't be expected to meaningfully outperform the base rate. If a report or model claims a confident sensor-driven explanation for one of these events, treat that explanation with skepticism; it's more likely overfitting to coincidence. Redundancy, spare-part availability, and fast response crews mitigate this risk better than prediction.",cb2d1a82cd
"How should I log an incident when there’s no clear cause, instead of grouping it with TWF, HDF, PWF, or OSF stats?","What’s happening:  
This is most likely an **RNF (Random Failure)** — a failure with **no clear sensor-based cause**.

Why:  
The context says that if **none of the TWF/HDF/PWF/OSF trigger conditions were met**, you should **not force a sensor-based explanation**. It specifically states that this kind of event is a **background failure with no sensor signature** and should be treated as **irreducible background risk**.

Recommended action:  
- **Log it separately** in your reporting.  
- **Do not fold it into TWF, HDF, PWF, or OSF root-cause statistics.**  
- Treat it as a **post-hoc / after-the-fact** event, with emphasis on **rapid detection and containment**, not prevention.  

If you want, I can also help you phrase a short incident-log entry for RNF.","Track them separately in your reporting rather than folding them into TWF/HDF/PWF/OSF root-cause statistics, since attributing an uncaused event to one of those mechanisms will distort your data. Because this failure type is unpredictable by nature, the response protocol should emphasize rapid detection-after-the-fact and containment, not prevention.",13359538bd
"Should random failures be counted in the same root-cause reports as the other failure modes, or kept separate?","Random failures should be **kept separate**, not counted in the same root-cause reports as the other failure modes.

### What’s happening
These incidents are **random, no-clear-cause failures**. They occur independently of sensor readings and do not show a specific torque, temperature, speed, or wear signature.

### Why
The context says random failure represents:
- **unmodeled component defects**
- **unexpected external events**
- **residual failure risk inherent to any mechanical system**

It also explicitly says to **track them separately in reporting rather than folding them into TWF/HDF/PWF/OSF root-cause statistics**, because doing otherwise would **distort the data**.

### Recommended action
- **Do not include RNF incidents in the same root-cause statistics** as the other failure mechanisms.
- **Track RNF-labeled incidents separately** in your reports.
- Focus response on **rapid detection after the fact and containment**, since this failure type is unpredictable and not suited to sensor-based early-warning rules.","Track them separately in your reporting rather than folding them into TWF/HDF/PWF/OSF root-cause statistics, since attributing an uncaused event to one of those mechanisms will distort your data. Because this failure type is unpredictable by nature, the response protocol should emphasize rapid detection-after-the-fact and containment, not prevention.",13359538bd
"For an uncaused failure, what’s the right response: try to prevent it, or focus on finding it fast and containing it?","For an **uncaused / random failure**, the right response is to **focus on finding it fast and containing it**, **not** trying to prevent it through a sensor-based prediction model.

### What’s happening
This is a **Random Failure (RNF)**: an event that is **unpredictable by nature** and may not correlate with sensors or process conditions.

### Why
The context says RNF has **no meaningful correlation** with air temperature, process temperature, rotational speed, torque, or tool wear. Because of that, a predictive or preventive model based on those signals should **not be expected to outperform the base rate**. The guidance also says that if someone claims a confident sensor-driven explanation for such an event, it should be treated with skepticism because it is likely **overfitting to coincidence**.

### Recommended action
- **Do not rely on prevention/prediction** for this failure class.
- **Emphasize rapid detection-after-the-fact and containment**.
- Use **redundancy, spare-part availability, and fast response crews** to mitigate impact.
- **Track these incidents separately** in reporting, rather than mixing them into other root-cause categories.

So, in short: **fast detection and containment, not prevention**.","Track them separately in your reporting rather than folding them into TWF/HDF/PWF/OSF root-cause statistics, since attributing an uncaused event to one of those mechanisms will distort your data. Because this failure type is unpredictable by nature, the response protocol should emphasize rapid detection-after-the-fact and containment, not prevention.",13359538bd
"If a machine event can’t be tied to any known mechanism, how should I handle it in predictive maintenance reporting?","If a machine event can’t be tied to any known mechanism, treat it as **Random Failure (RNF)**.

### What’s happening
The event is a **background failure with no sensor signature** and no clear root cause. In this knowledge base, if none of the known trigger conditions apply, you should **not force a sensor-based explanation** onto it.

### Why
RNF is described as an **irreducible background risk** that occurs independently of torque, temperature, speed, or tool wear. Because it has **no clear cause**, putting it into TWF/HDF/PWF/OSF root-cause statistics would **distort your data**.

### Recommended action
- **Track RNF incidents separately** in your predictive maintenance reporting.
- **Do not attribute** them to other failure mechanisms.
- Focus response on **rapid detection-after-the-fact and containment**, not prediction or prevention.
- Use general reliability measures like **redundancy, spare parts, and rapid-response maintenance crews** to reduce impact.","Track them separately in your reporting rather than folding them into TWF/HDF/PWF/OSF root-cause statistics, since attributing an uncaused event to one of those mechanisms will distort your data. Because this failure type is unpredictable by nature, the response protocol should emphasize rapid detection-after-the-fact and containment, not prevention.",13359538bd
"What’s the best way to deal with random, unpredictable failures so they don’t mess up the failure data?","What’s happening: you’re dealing with **Random Failure (RNF)** — a failure that occurs **independently of sensor readings** and has **no torque, temperature, speed, or wear signature**.

Why this matters: the context says RNF is a **low-probability background failure rate** and is **unpredictable by nature**. It also says that **incident reports with no clear cause should be tracked separately**, because folding them into TWF/HDF/PWF/OSF root-cause statistics will **distort your data**.

Recommended action:
- **Do not assign these events to other failure modes** just to make the data fit.
- **Track them separately** in reporting as RNF / uncaused events.
- Focus on **rapid detection-after-the-fact and containment**, not prevention.
- Mitigate operational impact with **redundancy, spare-part availability, and fast response crews** rather than a predictive model.","Track them separately in your reporting rather than folding them into TWF/HDF/PWF/OSF root-cause statistics, since attributing an uncaused event to one of those mechanisms will distort your data. Because this failure type is unpredictable by nature, the response protocol should emphasize rapid detection-after-the-fact and containment, not prevention.",13359538bd
"Who do I notify right away if we get a high-severity machine event like overpower, OSF, or anything that meets stop criteria?","Notify the **line supervisor immediately**.

Why: the SOP says **high-severity incidents**—including **PWF overpower, OSF, or any incident meeting the halt criteria**—must be routed to the line supervisor right away. If the event also meets halt criteria, the line should be stopped immediately.","Route high-severity incidents (PWF overpower, OSF, or any incident meeting the halt criteria) to the line supervisor immediately. Low- and medium-severity incidents — such as PWF underpower, HDF, or TWF — go to the standard maintenance queue instead. Always cross-check a model's predicted failure probability against the actual computed derived feature (power, temp_diff, strain_indicator) before writing a report that asserts a specific root cause.",c0ed104e40
"For lower-severity alarms like underpower, HDF, or TWF, should I send it to the line supervisor or just put it in the normal maintenance queue?","For lower-severity alarms like **underpower, HDF, or TWF**, you should **put them in the standard maintenance queue**, not send them immediately to the line supervisor.

### Why
The SOP says:
- **High-severity incidents** go to the **line supervisor immediately**
- **Low- and medium-severity incidents** — including **PWF underpower, HDF, and TWF** — go to the **standard maintenance queue**

Also, **TWF** is described as typically a **quality/downtime issue** rather than an acute safety hazard, so it does **not automatically require a halt**.

### Recommended action
- **Underpower / HDF / TWF:** send to the **normal maintenance queue**
- Only escalate to the **line supervisor immediately** if the incident is **high-severity** or meets **halt criteria**

If you want, I can also summarize the exact **high vs. low/medium escalation rules** in a quick table.","Route high-severity incidents (PWF overpower, OSF, or any incident meeting the halt criteria) to the line supervisor immediately. Low- and medium-severity incidents — such as PWF underpower, HDF, or TWF — go to the standard maintenance queue instead. Always cross-check a model's predicted failure probability against the actual computed derived feature (power, temp_diff, strain_indicator) before writing a report that asserts a specific root cause.",c0ed104e40
"Before I write up a root-cause report, do I need to compare the model’s failure prediction with the actual derived feature values like power, temp_diff, or strain_indicator?","Yes. Before writing a root-cause report, you should **cross-check the model’s failure prediction against the actual computed derived feature values**.

Why:
- The SOP says a model’s predicted failure probability is **not the same as a confirmed condition**.
- It specifically instructs you to verify the model’s flag against the derived feature:
  - **power** for PWF
  - **temp_diff** for HDF
  - **strain_indicator** for OSF
- It also says incident reports must state **which condition(s) fired and their measured values vs. threshold**.

Recommended action:
1. Compute the relevant derived feature.
2. Compare it to the threshold/condition.
3. Only then write the report with a specific root cause.

So, **don’t rely on the model prediction alone**; confirm it with the actual derived feature first.","Route high-severity incidents (PWF overpower, OSF, or any incident meeting the halt criteria) to the line supervisor immediately. Low- and medium-severity incidents — such as PWF underpower, HDF, or TWF — go to the standard maintenance queue instead. Always cross-check a model's predicted failure probability against the actual computed derived feature (power, temp_diff, strain_indicator) before writing a report that asserts a specific root cause.",c0ed104e40
What’s the right escalation path when the incident looks serious enough to halt the machine?,"If the incident looks serious enough to halt the machine, **stop the process immediately** and **escalate to the line supervisor right away**.

### Why
Per the SOP, you must halt the line if **any** of these are true:
- **Computed power exceeds 9000 W**
- **`tool_wear × torque` exceeds the variant threshold by more than 10%**
- **Two or more failure conditions are met simultaneously**

These are the **halt criteria**, which are stricter than the normal severity rating.

### What to do
1. **Halt the machine/process immediately** if the halt criteria are met.
2. **Notify the line supervisor immediately** for any high-severity incident or any incident that meets halt criteria.
3. In the incident report, include:
   - Which condition(s) fired and their measured values vs. threshold
   - Severity classification and recommended response window
   - The specific corrective action from the relevant failure-mode document
   - Whether immediate halt is required per the halt criteria

### Important note
A model’s predicted failure probability is **not** enough by itself. Before writing a report that names a root cause, **cross-check the prediction against the actual computed derived feature** (such as power, temp_diff, or strain_indicator).

If you want, I can also turn this into a short escalation checklist.","Route high-severity incidents (PWF overpower, OSF, or any incident meeting the halt criteria) to the line supervisor immediately. Low- and medium-severity incidents — such as PWF underpower, HDF, or TWF — go to the standard maintenance queue instead. Always cross-check a model's predicted failure probability against the actual computed derived feature (power, temp_diff, strain_indicator) before writing a report that asserts a specific root cause.",c0ed104e40
"If the prediction says one thing but the computed feature doesn’t match, what should I trust before documenting the failure cause?","What’s happening: the **prediction and the computed feature are disagreeing**, so you should treat that as a **diagnostic mismatch** and not document the failure cause yet.

Why: the context says some failure modes are tied to **specific computed conditions**, not just model predictions. In particular, **halt criteria** and **failure attribution** depend on the actual feature checks:
- **Computed power > 9000 W**
- **tool_wear × torque exceeding the variant threshold by more than 10%**
- **Two or more failure conditions at once**

Also, for **Tool Wear Failure**, the context explicitly says not to rely on torque/speed as leading indicators; for **Overstrain Failure**, the **Type** variant matters because each variant has its own threshold.

Recommended action:
1. **Trust the computed feature and the defined threshold logic first**.
2. **Check the relevant variant/type and threshold** if the feature is near a boundary.
3. **Do not document the failure cause from the prediction alone** if the computed evidence doesn’t support it.
4. If the computed condition doesn’t match the predicted failure mode, **treat it as a mismatch for review/escalation**, not as a confirmed root cause.","Route high-severity incidents (PWF overpower, OSF, or any incident meeting the halt criteria) to the line supervisor immediately. Low- and medium-severity incidents — such as PWF underpower, HDF, or TWF — go to the standard maintenance queue instead. Always cross-check a model's predicted failure probability against the actual computed derived feature (power, temp_diff, strain_indicator) before writing a report that asserts a specific root cause.",c0ed104e40
How is the severity rating different from the rule for stopping the line right away?,"The **severity rating** tells you **how urgent the failure mode is to investigate**. For example, the SOP says:

- **High/Immediate**: PWF-overpower, OSF
- **Medium/Same-shift**: HDF, PWF-underpower
- **Low–Medium/Next window**: TWF

The **stop-the-line rule** is a **separate, stricter check**. You must **halt the line immediately** only if one of these occurs:

1. **Computed power exceeds 9000 W**
2. **tool_wear × torque** is **more than 10% above** the variant threshold
3. **Two or more failure conditions are met at once**

So the key difference is:

- **Severity** = how urgent the issue is to investigate and route
- **Immediate halt criteria** = whether production must stop right away

A **high severity finding does not automatically mean a full halt** unless it also meets one of the halt criteria.

**Recommended action:**  
Classify the failure mode by severity first, then check the halt criteria separately. If a halt criterion is met, stop the line immediately and notify the line supervisor. If not, follow the severity-based response window and escalation path.","They're related but not the same check. Severity (from the triage table — e.g. PWF-overpower and OSF are High/Immediate, HDF and PWF-underpower are Medium/Same-shift, TWF is Low–Medium/Next window) tells you how urgently to investigate. Halt criteria is a separate, stricter overlay: you must stop the line immediately if computed power exceeds 9000 W, `tool_wear × torque` exceeds the variant threshold by more than 10%, or two or more failure conditions are met at once — regardless of what the severity table alone would suggest. A High-severity finding doesn't automatically mean a full halt if it doesn't also meet one of those three halt conditions.",958fe04268
"If a failure mode shows up as high severity, does that always mean I have to halt the line?","No. A **high-severity** failure mode does **not automatically** mean you must halt the line.

### What’s happening
Severity and halt status are **separate checks**:
- **Severity** tells you how urgently to investigate.
- **Halt criteria** is a stricter overlay that decides whether the line must stop immediately.

### Why
Per the SOP, you must halt **only if any of these are true**:
1. Computed power exceeds **9000 W**
2. `tool_wear × torque` exceeds the variant threshold by **more than 10%**
3. **Two or more failure conditions** are met at the same time

The context explicitly says:  
> “A High-severity finding doesn't automatically mean a full halt if it doesn't also meet one of those three halt conditions.”

### Recommended action
- If it’s **high severity** but **none of the halt criteria are met**, **do not halt the line**.
- **Notify the line supervisor immediately** for high-severity incidents.
- Otherwise, **flag it for inspection at the next scheduled maintenance window** if it’s not a halt condition.

If you want, I can also help you check a specific case against the halt criteria.","They're related but not the same check. Severity (from the triage table — e.g. PWF-overpower and OSF are High/Immediate, HDF and PWF-underpower are Medium/Same-shift, TWF is Low–Medium/Next window) tells you how urgently to investigate. Halt criteria is a separate, stricter overlay: you must stop the line immediately if computed power exceeds 9000 W, `tool_wear × torque` exceeds the variant threshold by more than 10%, or two or more failure conditions are met at once — regardless of what the severity table alone would suggest. A High-severity finding doesn't automatically mean a full halt if it doesn't also meet one of those three halt conditions.",958fe04268
"What are the exact conditions that make me stop the line immediately, even if the triage severity looks lower?","You must **stop the line immediately** if **any one** of these halt criteria is met, **even if the severity table says the issue is only low or medium**:

1. **Computed power exceeds 9000 W**
2. **`tool_wear × torque` exceeds the variant threshold by more than 10%**
3. **Two or more failure conditions are met at the same time**

### What’s happening
These are treated as **hard halt conditions**. The severity rating only tells you how urgent the investigation is; it does **not** override the halt rules.

### Why
The SOP says the halt criteria are a **separate, stricter overlay** from severity. It explicitly states to halt immediately if **any** of the three conditions above are true, **regardless of which failure mode triggered** or what the severity table suggests.

### Recommended action
- **If any halt criterion is met:** stop the line immediately and escalate accordingly.
- **If none are met:** do **not** halt the line; flag the unit for inspection at the next scheduled maintenance window instead.","They're related but not the same check. Severity (from the triage table — e.g. PWF-overpower and OSF are High/Immediate, HDF and PWF-underpower are Medium/Same-shift, TWF is Low–Medium/Next window) tells you how urgently to investigate. Halt criteria is a separate, stricter overlay: you must stop the line immediately if computed power exceeds 9000 W, `tool_wear × torque` exceeds the variant threshold by more than 10%, or two or more failure conditions are met at once — regardless of what the severity table alone would suggest. A High-severity finding doesn't automatically mean a full halt if it doesn't also meet one of those three halt conditions.",958fe04268
"When I’m checking a fault, should I treat the severity table and the halt criteria as the same thing or separate checks?","They should be treated as **separate checks**.

### What’s happening
- The **severity table** tells you **how urgent the fault is to investigate**:
  - PWF-overpower and OSF = **High/Immediate**
  - HDF and PWF-underpower = **Medium/Same-shift**
  - TWF = **Low–Medium/Next window**
- The **halt criteria** is a **separate, stricter overlay** that tells you whether the line must stop immediately.

### Why
The context explicitly says severity and halt criteria are “**related but not the same check**.” A fault can be high severity **without** requiring a full halt unless it also meets one of the halt conditions.

The halt conditions are:
- Computed power **exceeds 9000 W**
- `tool_wear × torque` exceeds the variant threshold by **more than 10%**
- **Two or more failure conditions** are met at once

### Recommended action
1. **Check severity first** to understand urgency and routing.
2. **Then check halt criteria separately** to decide whether to stop the line immediately.
3. If halt criteria are **not** met, treat it as an inspection/escalation case rather than an immediate stop.

So: **severity = urgency**, **halt criteria = stop/no-stop decision**.","They're related but not the same check. Severity (from the triage table — e.g. PWF-overpower and OSF are High/Immediate, HDF and PWF-underpower are Medium/Same-shift, TWF is Low–Medium/Next window) tells you how urgently to investigate. Halt criteria is a separate, stricter overlay: you must stop the line immediately if computed power exceeds 9000 W, `tool_wear × torque` exceeds the variant threshold by more than 10%, or two or more failure conditions are met at once — regardless of what the severity table alone would suggest. A High-severity finding doesn't automatically mean a full halt if it doesn't also meet one of those three halt conditions.",958fe04268
"For predictive maintenance triage, how do I know whether a finding needs urgent investigation versus an actual line stop?","Here’s the triage rule:

## What’s happening
A finding can be **urgent to investigate** without requiring an **actual line stop**.

## Why
The SOP says **severity and halt criteria are different checks**:

- **Severity** tells you how quickly to investigate:
  - **High / Immediate**: PWF-overpower, OSF
  - **Medium / Same-shift**: HDF, PWF-underpower
  - **Low–Medium / Next window**: TWF

- **Halt criteria** are stricter and require stopping the line immediately if **any** of these are true:
  1. Computed power exceeds **9000 W**
  2. `tool_wear × torque` exceeds the variant threshold by **more than 10%**
  3. **Two or more failure conditions** are met at the same time

The context explicitly says a **High-severity finding does not automatically mean a full halt** unless one of those halt criteria is also met.

## Recommended action
- If the finding is **High-severity** but **does not meet halt criteria**:  
  **Investigate immediately / route to the line supervisor**, but **do not stop the line**.

- If the finding **does meet halt criteria**:  
  **Stop the line immediately** and escalate to the **line supervisor**.

- If it is **Low or Medium severity** and does **not** meet halt criteria:  
  Send it to the **standard maintenance queue** for the next maintenance window.","They're related but not the same check. Severity (from the triage table — e.g. PWF-overpower and OSF are High/Immediate, HDF and PWF-underpower are Medium/Same-shift, TWF is Low–Medium/Next window) tells you how urgently to investigate. Halt criteria is a separate, stricter overlay: you must stop the line immediately if computed power exceeds 9000 W, `tool_wear × torque` exceeds the variant threshold by more than 10%, or two or more failure conditions are met at once — regardless of what the severity table alone would suggest. A High-severity finding doesn't automatically mean a full halt if it doesn't also meet one of those three halt conditions.",958fe04268
"Do I have to stop the line every time a failure condition shows up, or can I keep running until a real stop criterion is hit?","No — you do **not** have to stop the line every time a failure condition appears.

### What’s happening
A failure condition can be **flagged** without forcing an immediate stop. The SOP says to halt only if one of these **specific stop criteria** is met:

- **Computed power > 9000 W**
- **`tool_wear × torque` exceeds the variant threshold by more than 10%**
- **Two or more failure conditions fire simultaneously**

### Why
The context explicitly separates **failure detection/severity** from **halt criteria**. A failure condition by itself may indicate something to inspect, but it is **not automatically a line-stopping event**. The SOP notes that unnecessary halts have their own production cost.

### Recommended action
- **If only one failure condition is detected:** keep running and **flag the unit for inspection at the next scheduled maintenance window**.
- **If any halt criterion is met:** stop the line immediately.
- For power-related issues, **monitor computed power directly** and adjust torque/speed if it trends toward the limits.

If you want, I can also turn the halt criteria into a simple decision checklist.","No — only when one of the specific halt criteria is met: computed power over 9000 W, `tool_wear × torque` exceeding the variant threshold by more than 10%, or two or more failure conditions firing simultaneously. Otherwise, flag the unit for inspection at the next scheduled maintenance window instead of halting; unnecessary halts carry their own production cost.",7f5a1e5a56
What exact conditions mean I should halt production immediately instead of just flagging the unit for the next maintenance window?,"You should **halt production immediately** if **any one** of these conditions is true:

1. **Computed power exceeds 9000 W**
2. **`tool_wear × torque` exceeds the variant threshold by more than 10%**
3. **Two or more failure conditions are happening at the same time**  
   - This is treated as a higher-severity multi-mode failure.

### Why
The SOP says the **halt criteria are separate from severity**: even if a failure mode would normally go to the maintenance queue, you must stop the line immediately when one of the three halt conditions above is met. A high-severity finding alone does **not** automatically require a halt unless it also meets one of those criteria.

### Recommended action
- **If any halt criterion is met:** stop production immediately and route the incident to the **line supervisor**.
- **If none are met:** **do not halt**; instead, **flag the unit for inspection at the next scheduled maintenance window**.","No — only when one of the specific halt criteria is met: computed power over 9000 W, `tool_wear × torque` exceeding the variant threshold by more than 10%, or two or more failure conditions firing simultaneously. Otherwise, flag the unit for inspection at the next scheduled maintenance window instead of halting; unnecessary halts carry their own production cost.",7f5a1e5a56
"If the power draw goes over 9000 W, is that always a hard stop for the machine?","No.

### What’s happening
If computed power goes over **9000 W**, that is a **Power Failure** condition because the power is outside the safe operating band.

### Why
The context says Power Failure triggers when:
- `Power < 3500 W`, or
- `Power > 9000 W`

It also says the general triage SOP is:

- **Stop the production line only when specific halt criteria are met**
- One of those halt criteria is **computed power over 9000 W**

So **over 9000 W is a halt criterion**, but it is not described as “always” a hard stop in every situation beyond that rule set.

### Recommended action
- **If computed power is over 9000 W, halt the line** per the SOP.
- Otherwise, if power is only trending toward the limit, **adjust torque or speed setpoints** before it exceeds the threshold.
- Also **investigate drive/motor calibration** if the power drifts outside the band without an obvious setpoint change.","No — only when one of the specific halt criteria is met: computed power over 9000 W, `tool_wear × torque` exceeding the variant threshold by more than 10%, or two or more failure conditions firing simultaneously. Otherwise, flag the unit for inspection at the next scheduled maintenance window instead of halting; unnecessary halts carry their own production cost.",7f5a1e5a56
How do I decide whether a wear and torque warning is serious enough to shut the line down right away?,"A wear and torque warning alone is **not enough to decide** that the line should be shut down right away.

### What’s happening
For **Tool Wear Failure**, the important signal is **tool wear time** itself, especially when it enters the **critical band of about 200 to 240 minutes**. In that range, failure probability rises sharply and can happen **without any other sensor anomaly**. The context specifically says **torque and rotational speed may still look nominal right up to failure**.

### Why
The mechanism here is that **torque is not a reliable early warning for tool wear**. By the time torque changes, failure may already be underway. The context explicitly says to **monitor `Tool wear [min]` directly rather than waiting for a torque spike**.

### Recommended action
- **Flag any unit with tool wear > 200 min for priority inspection**, even if torque looks normal.
- **Schedule tool replacement before 240 min** if the unit is about to run a long job.
- **Do not use torque warning alone as the shutdown trigger** for Tool Wear Failure.

### Practical decision rule from the context
If you have a **wear warning above 200 min**, treat it as **serious and urgent for inspection**.  
If you only have a **torque warning without tool wear information**, the context does **not** support shutting the line down immediately based on torque alone.

If you want, I can turn this into a simple **stop / inspect / continue** rule set.","No — only when one of the specific halt criteria is met: computed power over 9000 W, `tool_wear × torque` exceeding the variant threshold by more than 10%, or two or more failure conditions firing simultaneously. Otherwise, flag the unit for inspection at the next scheduled maintenance window instead of halting; unnecessary halts carry their own production cost.",7f5a1e5a56
"When multiple failure signals appear at once, do I need to stop the equipment, or is it still okay to wait for scheduled maintenance?","Yes — if **two or more failure conditions are firing simultaneously**, the SOP says this meets a **specific halt criterion**.

### What’s happening
Multiple failure signals at once indicate the equipment is in a higher-risk condition, not just a single isolated warning.

### Why
From the **General Triage and Escalation SOP**:  
- You only avoid stopping the line when no halt criteria are met.  
- One of the explicit halt criteria is **“two or more failure conditions firing simultaneously.”**

### Recommended action
- **Stop / halt the equipment rather than waiting for scheduled maintenance.**
- Then follow the appropriate failure-specific actions and escalate as needed.

So in this case, **do not wait for scheduled maintenance**; the SOP indicates the equipment should be stopped.","No — only when one of the specific halt criteria is met: computed power over 9000 W, `tool_wear × torque` exceeding the variant threshold by more than 10%, or two or more failure conditions firing simultaneously. Otherwise, flag the unit for inspection at the next scheduled maintenance window instead of halting; unnecessary halts carry their own production cost.",7f5a1e5a56
"What does the product type label L, M, or H actually tell me on the machine?","The `L`, `M`, or `H` label tells you the **product quality variant** on the machine:

- **L = Low**
- **M = Medium**
- **H = High**

### What’s happening
This label does **not** change the HDF, PWF, or TWF calculations, but it **does matter for Overstrain Failure**.

### Why it matters
Overstrain Failure depends on:

- **Tool wear × Torque**

and the **failure threshold depends on the product type**:

- **L:** about **11,000 min·Nm**
- **M:** about **12,000 min·Nm**
- **H:** about **13,000 min·Nm**

So the same sensor readings can be safe on one variant and a failure on another.

### Recommended action
Always check the machine’s **Type (L/M/H)** before judging whether the current **Tool wear × Torque** level is safe. Use the variant-specific threshold, not one global threshold.","`Type` records the product's quality variant — Low (L), Medium (M), or High (H). It doesn't appear in the HDF, PWF, or TWF calculations, but it's essential for Overstrain Failure: each variant has its own `Tool wear × Torque` threshold (L ≈ 11,000, M ≈ 12,000, H ≈ 13,000 min·Nm), so the same sensor readings can be safe on one variant and a failure on another.",117ffdb817
"Why is the Type field important if it doesn’t show up in the HDF, PWF, or TWF calculations?","The **Type** field matters because it changes the **Overstrain Failure (OSF)** threshold, even though it is **not used in the HDF, PWF, or TWF calculations**.

### What’s happening
- `Type` indicates the product’s quality variant: **L, M, or H**
- Each variant has a different **`tool_wear × torque` OSF threshold**:
  - **L ≈ 11,000 min·Nm**
  - **M ≈ 12,000 min·Nm**
  - **H ≈ 13,000 min·Nm**

### Why it matters
The same sensor values can mean:
- **safe** for one variant, but
- **an OSF failure** for another variant

So even if `Type` doesn’t affect the HDF, PWF, or TWF formulas, it is **essential for correctly evaluating OSF risk**.

### Recommended action
Always check `Type` before concluding the equipment is safe from overstrain. Use the correct variant threshold when evaluating **tool wear × torque**, because the wrong `Type` could lead to a missed failure or a false alarm.","`Type` records the product's quality variant — Low (L), Medium (M), or High (H). It doesn't appear in the HDF, PWF, or TWF calculations, but it's essential for Overstrain Failure: each variant has its own `Tool wear × Torque` threshold (L ≈ 11,000, M ≈ 12,000, H ≈ 13,000 min·Nm), so the same sensor readings can be safe on one variant and a failure on another.",117ffdb817
"How does Low, Medium, or High product type change the overstrain failure limit?","Low, Medium, and High product types change the **overstrain failure limit** because the threshold is **variant-specific**:

- **Low (L):** about **11,000 min·Nm**
- **Medium (M):** about **12,000 min·Nm**
- **High (H):** about **13,000 min·Nm**

### What’s happening
Overstrain failure happens when:

**Tool wear × Torque > threshold**

That threshold depends on the product `Type`:
- The same `Tool wear × Torque` value may be **safe for H**, but **fail on M or L**
- Or it may be **safe for M/H**, but **fail on L**

### Why
The context says overstrain failure is **product-quality-dependent**. In other words, the product type sets a different limit for accumulated mechanical strain, so using one global threshold would be wrong.

### Recommended action
Always:
1. Check the product `Type` first
2. Compute **Tool wear × Torque**
3. Compare it to the correct threshold for that type:
   - **L:** ~11,000
   - **M:** ~12,000
   - **H:** ~13,000

Do **not** use a single threshold for all products.","`Type` records the product's quality variant — Low (L), Medium (M), or High (H). It doesn't appear in the HDF, PWF, or TWF calculations, but it's essential for Overstrain Failure: each variant has its own `Tool wear × Torque` threshold (L ≈ 11,000, M ≈ 12,000, H ≈ 13,000 min·Nm), so the same sensor readings can be safe on one variant and a failure on another.",117ffdb817
Can the same torque and tool wear readings be okay for one type but a failure for another?,"Yes — for **Overstrain Failure**, the same torque and tool wear readings can be **safe for one product type and a failure for another**.

### What’s happening
The product `Type` field changes the failure threshold:
- **L**: about **11,000**
- **M**: about **12,000**
- **H**: about **13,000**

The relevant quantity is:

**strain_indicator = Tool wear × Torque**

So the same readings can fall below the threshold for one type and exceed it for another.

### Why
The context says each variant has its own **Type-specific `Tool wear × Torque` threshold**, so the same sensor readings can be acceptable on one variant but trigger an **Overstrain Failure** on another.

### Recommended action
- Always compute **`Tool wear × Torque`** against the threshold for the unit’s **Type (L/M/H)**.
- Do **not** assume the same readings mean the same thing across product types.
- If you’re dealing with **Tool Wear Failure** specifically, monitor **`Tool wear [min]` directly**; torque is **not** a reliable early warning for that failure mode.","`Type` records the product's quality variant — Low (L), Medium (M), or High (H). It doesn't appear in the HDF, PWF, or TWF calculations, but it's essential for Overstrain Failure: each variant has its own `Tool wear × Torque` threshold (L ≈ 11,000, M ≈ 12,000, H ≈ 13,000 min·Nm), so the same sensor readings can be safe on one variant and a failure on another.",117ffdb817
"What threshold values should I watch for on L, M, and H parts when checking overstrain risk?","Watch these approximate **strain_indicator = wear × torque** thresholds for overstrain risk, based on product type:

- **L (Low):** about **11,000 min·Nm**
- **M (Medium):** about **12,000 min·Nm**
- **H (High):** about **13,000 min·Nm**

### What’s happening
Overstrain failure occurs when the accumulated mechanical strain, defined as **tool wear × torque**, exceeds the threshold for that product variant.

### Why
The threshold is **product-quality-dependent**: the same wear and torque values may be safe on one variant but trigger failure on another.

### Recommended action
- Always include the product **Type (L/M/H)** in the check.
- Treat threshold breaches as **higher priority** than TWF alone.
- If a run is close to the variant threshold, consider **reducing torque setpoint** or **replacing the tool earlier**.","`Type` records the product's quality variant — Low (L), Medium (M), or High (H). It doesn't appear in the HDF, PWF, or TWF calculations, but it's essential for Overstrain Failure: each variant has its own `Tool wear × Torque` threshold (L ≈ 11,000, M ≈ 12,000, H ≈ 13,000 min·Nm), so the same sensor readings can be safe on one variant and a failure on another.",117ffdb817
"What unit is the power feature in, and how is it calculated from torque and rpm?","The **power** feature is measured in **watts (W)**.

### How it is calculated
It is computed from torque and rotational speed as:

- **Power [W] = Torque [Nm] × Rotational speed [rad/s]**
- Since speed is usually given in **rpm**:
  - **Power [W] = Torque [Nm] × Rotational speed [rpm] × (2π / 60)**

### What’s happening
Power is a **derived feature**, not a directly measured sensor value. So you should evaluate the **computed power** itself, not torque and rpm separately.

### Why
A torque or speed reading may look normal on its own, but the **product** can still fall outside the acceptable range. The context notes that Power Failure is triggered when computed power goes **below 3500 W** or **above 9000 W**.

### Recommended action
- Compute and monitor **power** as its own metric.
- Check the **combined torque × speed effect**, not either input in isolation.
- If power approaches the limits, adjust torque or speed setpoints before crossing the threshold.","`power` is measured in watts (W), computed as `Torque [Nm] × Rotational speed [rpm] × (2π/60)`. `strain_indicator` doesn't correspond to a standard physical unit — it's simply `Tool wear [min] × Torque [Nm]`, expressed here as min·Nm, and is only meaningful relative to its variant-specific threshold, not as an absolute physical quantity.",ca8be638d6
"Does strain_indicator have a real physical unit, or is it just a derived index?","`strain_indicator` is **not a standard physical unit**. It is a **derived index** defined as:

- `strain_indicator = Tool wear [min] × Torque [Nm]`
- Expressed in the context as **min·Nm**

### What’s happening
It represents **accumulated mechanical strain** by combining:
- how worn the tool is, and
- how much torque is being applied.

### Why it matters
It is used for **Overstrain Failure (OSF)** detection. The context says OSF occurs when this derived value exceeds a **variant-specific threshold**:
- L ≈ 11,000 min·Nm
- M ≈ 12,000 min·Nm
- H ≈ 13,000 min·Nm

The key point is that **it’s only meaningful relative to that threshold**, not as an absolute physical quantity.

### Recommended action
- Monitor `strain_indicator` as a **derived diagnostic feature**, not as a physical measurement.
- Compare it against the **variant-specific OSF threshold**.
- If it is trending upward toward the threshold, reduce the combined loading effect by managing **tool wear** and/or **torque**.","`power` is measured in watts (W), computed as `Torque [Nm] × Rotational speed [rpm] × (2π/60)`. `strain_indicator` doesn't correspond to a standard physical unit — it's simply `Tool wear [min] × Torque [Nm]`, expressed here as min·Nm, and is only meaningful relative to its variant-specific threshold, not as an absolute physical quantity.",ca8be638d6
Why is strain_indicator shown as min·Nm instead of a standard engineering unit?,"`strain_indicator` is shown as `min·Nm` because it is **not a standard physical engineering unit** in this dataset.

### What’s happening
It is defined as:

- `Tool wear [min] × Torque [Nm]`

So the displayed unit is just the product of the two input units:

- minutes × newton-meters = `min·Nm`

### Why this is used
According to the context, `strain_indicator` is a **derived feature** used to track accumulated mechanical strain, but it is **only meaningful relative to a variant-specific threshold**, not as an absolute physical quantity.

In other words:
- it’s a **risk indicator**
- not a standard measured unit like watts or pascals
- its importance comes from whether it exceeds the threshold for the product variant

### Recommended action
Use `strain_indicator` only for **threshold comparison**:
- Low (L): about `11,000 min·Nm`
- Medium (M): about `12,000 min·Nm`
- High (H): about `13,000 min·Nm`

If it exceeds the relevant threshold, it indicates **Overstrain Failure (OSF)** risk and should be escalated accordingly.","`power` is measured in watts (W), computed as `Torque [Nm] × Rotational speed [rpm] × (2π/60)`. `strain_indicator` doesn't correspond to a standard physical unit — it's simply `Tool wear [min] × Torque [Nm]`, expressed here as min·Nm, and is only meaningful relative to its variant-specific threshold, not as an absolute physical quantity.",ca8be638d6
How do I interpret power in watts when the machine is running at a given torque and speed?,"**What’s happening**

Power in watts is the **derived product of torque and rotational speed**, not a separate sensor reading:

\[
Power\,[W] = Torque\,[Nm] \times Rotational\ speed\,[rad/s]
\]

If speed is in rpm, use:

\[
Power\,[W] = Torque\,[Nm] \times Rotational\ speed\,[rpm] \times \frac{2\pi}{60}
\]

So when the machine is running, the wattage tells you the **combined operating load** from both torque and speed.

**Why this matters**

A machine can have:

- **very high torque and very low speed**, or
- **very high speed and very low torque**

and still be in trouble. That compensatory pattern is the classic **Power Failure** signature. Even if torque or speed looks normal on its own, the **computed power** can fall **below 3500 W** or rise **above 9000 W**, which indicates underpowered or overpowered operation.

**Recommended action**

- **Compute power from torque and rotational speed.**
- **Do not interpret torque or speed in isolation.**
- Check whether the derived power is within the **3500–9000 W** band.
- If power is outside that range, treat it as a **Power Failure** condition and investigate the load/drive conditions.

If you want, I can also show a quick example calculation using your torque and speed values.","`power` is measured in watts (W), computed as `Torque [Nm] × Rotational speed [rpm] × (2π/60)`. `strain_indicator` doesn't correspond to a standard physical unit — it's simply `Tool wear [min] × Torque [Nm]`, expressed here as min·Nm, and is only meaningful relative to its variant-specific threshold, not as an absolute physical quantity.",ca8be638d6
"Is strain_indicator only useful compared with its threshold, rather than as an absolute value?","Yes — based on the context, `strain_indicator` is **not** meant to be interpreted as an absolute physical value on its own.

### What’s happening
`strain_indicator = Tool wear [min] × Torque [Nm]` is a derived measure of accumulated mechanical strain. It is only meaningful when compared to the **variant-specific overstrain threshold** for the product type:

- **L:** ~11,000 min·Nm  
- **M:** ~12,000 min·Nm  
- **H:** ~13,000 min·Nm  

### Why
The context explicitly says:

- `strain_indicator` “doesn't correspond to a standard physical unit”
- it is “only meaningful relative to its variant-specific threshold, not as an absolute physical quantity”
- Overstrain Failure happens **when the value exceeds the threshold**

So the key question is not “Is the number high in general?” but “Does it exceed the threshold for this variant?”

### Recommended action
- Compute `strain_indicator`
- Compare it against the threshold for the machine’s `Type` (L/M/H)
- Treat it as a **risk indicator relative to threshold**, not as an absolute standalone metric

If you want, I can also summarize this as a one-line rule for operators or monitoring logic.","`power` is measured in watts (W), computed as `Torque [Nm] × Rotational speed [rpm] × (2π/60)`. `strain_indicator` doesn't correspond to a standard physical unit — it's simply `Tool wear [min] × Torque [Nm]`, expressed here as min·Nm, and is only meaningful relative to its variant-specific threshold, not as an absolute physical quantity.",ca8be638d6
"With Type M at 298 K air temp, 308 K process temp, 1600 rpm, 30 Nm torque, and 215 min wear, does this point to tool wear fault or something else?","This points to **elevated tool-wear risk**, but **not a confirmed tool wear fault** by itself.

### What’s happening
- **Tool wear = 215 min**
  - This is **inside the 200–240 min TWF band**, so it is a **possible TWF risk marker**.
- **Air/process temps, speed, torque**
  - temp difference = **308 − 298 = 10 K**
  - speed = **1600 rpm**
  - These do **not** meet the HDF condition.
- **Power**
  - Derived power is about **5027 W**, which is **inside** the 3500–9000 W band, so no PWF.
- **Strain indicator**
  - 215 × 30 = **6450 min·Nm**, well below the OSF threshold, so no OSF.

### Why
From the context, **tool wear in the 200–240 minute band is a probabilistic risk marker, not a deterministic failure**. The examples explicitly say units in this range often continue running normally and should not be logged as a confirmed failure unless other conditions are also present.

### Recommended action
- **Flag for priority inspection queue**
- **Schedule tool replacement soon / proactively**
- **Do not stop the line immediately** based on this reading alone

So: **it suggests elevated tool-wear risk, not a confirmed tool wear fault.**","**Step 1 — check each condition:**
- Tool wear: 215 min → inside the 200–240 min TWF band. ✅ possible TWF
- temp_diff = 308 − 298 = 10 K (not < 8.6 K) and speed 1600 rpm (not < 1380 rpm) → HDF condition not met
- power = 30 × 1600 × (2π/60) ≈ 5027 W → inside the 3500–9000 W band → no PWF
- strain_indicator = 215 × 30 = 6450 min·Nm, well under the M threshold (12,000) → no OSF

**Step 2 — severity:** Only TWF is in-band. Per the severity table, TWF is Low–Medium severity with a next-scheduled-window response.

**Step 3 — halt check:** None of the three halt criteria are met (power is in-band, no OSF overage, only one condition fired), so no immediate halt is required.

**Conclusion:** Flag for the priority inspection queue and schedule tool replacement soon, but this does not require stopping the line.",8c2f90045b
What should I check first if the tool wear is 215 minutes but the speed and temperature readings don’t look like the other fault patterns?,"What’s happening: **Tool wear is already in the risk zone** at **215 minutes**, which falls inside the **200–240 minute band** for Tool Wear Failure.

Why: **Tool Wear Failure is time-based, not sensor-pattern-based.** The context says it can occur **without any other anomaly**, and **torque, temperature, and rotational speed may all look nominal** right up to failure. It also says **torque and rotational speed are not reliable leading indicators** for tool wear.

Recommended action: **Prioritize inspection and schedule tool replacement soon.** Do **not** wait for speed or temperature to match other fault patterns, and do **not** treat 215 minutes as a confirmed failure by itself unless there is an actual halt or defect.","**Step 1 — check each condition:**
- Tool wear: 215 min → inside the 200–240 min TWF band. ✅ possible TWF
- temp_diff = 308 − 298 = 10 K (not < 8.6 K) and speed 1600 rpm (not < 1380 rpm) → HDF condition not met
- power = 30 × 1600 × (2π/60) ≈ 5027 W → inside the 3500–9000 W band → no PWF
- strain_indicator = 215 × 30 = 6450 min·Nm, well under the M threshold (12,000) → no OSF

**Step 2 — severity:** Only TWF is in-band. Per the severity table, TWF is Low–Medium severity with a next-scheduled-window response.

**Step 3 — halt check:** None of the three halt criteria are met (power is in-band, no OSF overage, only one condition fired), so no immediate halt is required.

**Conclusion:** Flag for the priority inspection queue and schedule tool replacement soon, but this does not require stopping the line.",8c2f90045b
"In this example, is the torque and speed combination high enough to explain the issue, or is it mainly a wear-only case?","This looks **mainly like a wear-only case, not a torque/speed-driven failure**.

### What’s happening
- **Tool Wear Failure (TWF)** is identified by **tool wear in the 200–240 min band**.
- The context specifically says **torque and rotational speed are not reliable leading indicators for TWF**.

### Why
- For **Power Failure (PWF)**, the key issue is a **compensatory torque-speed pattern** that makes **computed power** go outside the **3500–9000 W** safe band.
- If the question is whether the **torque and speed combination alone is high enough to explain the issue**, the context says you must **evaluate computed power, not torque or speed in isolation**.
- Since no computed power value is provided here, there isn’t enough information to say this is a power failure.
- Based on the context, if the failure was flagged without a power trigger, it is more consistent with **wear**.

### Recommended action
- **Check the tool wear directly** and confirm whether it falls in the **200–240 min band**.
- If it does, treat it as **TWF** and escalate for **next scheduled maintenance window**.
- Don’t rely on torque or speed alone to diagnose wear.
- If you want to rule out power failure, compute **power = torque × rotational speed × (2π/60)** and compare it to the **3500–9000 W** band.","**Step 1 — check each condition:**
- Tool wear: 215 min → inside the 200–240 min TWF band. ✅ possible TWF
- temp_diff = 308 − 298 = 10 K (not < 8.6 K) and speed 1600 rpm (not < 1380 rpm) → HDF condition not met
- power = 30 × 1600 × (2π/60) ≈ 5027 W → inside the 3500–9000 W band → no PWF
- strain_indicator = 215 × 30 = 6450 min·Nm, well under the M threshold (12,000) → no OSF

**Step 2 — severity:** Only TWF is in-band. Per the severity table, TWF is Low–Medium severity with a next-scheduled-window response.

**Step 3 — halt check:** None of the three halt criteria are met (power is in-band, no OSF overage, only one condition fired), so no immediate halt is required.

**Conclusion:** Flag for the priority inspection queue and schedule tool replacement soon, but this does not require stopping the line.",8c2f90045b
"Does this reading need the machine stopped right away, or can it wait for the next maintenance window?","I can’t tell from the context alone whether this specific reading needs an immediate stop.

What the context says:
- You **stop the machine right away** only if one of these halt criteria is met:
  1. **Computed power > 9000 W**
  2. **`tool_wear × torque` exceeds the variant threshold by more than 10%**
  3. **Two or more failure conditions are firing at the same time**
- If none of those are met, the unit should be **flagged for inspection at the next scheduled maintenance window**.

Why:
- The halt decision is a **separate, stricter overlay** from the failure severity.
- For example, **Tool Wear Failure** is generally **Low–Medium / next window**, and it can happen even when torque, temperature, and speed look normal.

Recommended action:
- If you can provide the actual reading values, I can check them against the halt criteria.
- If the reading does **not** meet one of the three halt conditions, **wait for the next maintenance window**.
- If it **does** meet any halt condition, **stop the machine immediately**.","**Step 1 — check each condition:**
- Tool wear: 215 min → inside the 200–240 min TWF band. ✅ possible TWF
- temp_diff = 308 − 298 = 10 K (not < 8.6 K) and speed 1600 rpm (not < 1380 rpm) → HDF condition not met
- power = 30 × 1600 × (2π/60) ≈ 5027 W → inside the 3500–9000 W band → no PWF
- strain_indicator = 215 × 30 = 6450 min·Nm, well under the M threshold (12,000) → no OSF

**Step 2 — severity:** Only TWF is in-band. Per the severity table, TWF is Low–Medium severity with a next-scheduled-window response.

**Step 3 — halt check:** None of the three halt criteria are met (power is in-band, no OSF overage, only one condition fired), so no immediate halt is required.

**Conclusion:** Flag for the priority inspection queue and schedule tool replacement soon, but this does not require stopping the line.",8c2f90045b
How urgent is a Type M case when only the wear band is hit and the power and strain numbers stay below their limits?,"A Type M case with **only the wear band hit** and **power/strain below their limits** is **not urgent in this context**.

### What’s happening
This matches **Tool Wear Failure (TWF)** conditions: the key indicator is **tool wear in the 200–240 min band**. The context says torque, rotational speed, and temperature can all still look nominal, and that being in-band is **not deterministic failure**.

### Why
Relevant mechanism from the context:
- **TWF trigger:** tool wear in the **200–240 min band**
- **Power Failure** requires power **outside 3500–9000 W**
- **Overstrain Failure** requires `tool wear × torque` over the variant threshold
- If power and strain are still below their limits, then **PWF and OSF are not confirmed**

Severity guidance in the SOP:
- **TWF = Low–Medium**
- **Response window = Next scheduled window**

### Recommended action
- **Do not escalate as immediate/high urgency** based on this signature alone
- **Schedule inspection or maintenance in the next scheduled window**
- Keep monitoring, because the wear band is a **probabilistic warning zone**, not a guaranteed failure","**Step 1 — check each condition:**
- Tool wear: 215 min → inside the 200–240 min TWF band. ✅ possible TWF
- temp_diff = 308 − 298 = 10 K (not < 8.6 K) and speed 1600 rpm (not < 1380 rpm) → HDF condition not met
- power = 30 × 1600 × (2π/60) ≈ 5027 W → inside the 3500–9000 W band → no PWF
- strain_indicator = 215 × 30 = 6450 min·Nm, well under the M threshold (12,000) → no OSF

**Step 2 — severity:** Only TWF is in-band. Per the severity table, TWF is Low–Medium severity with a next-scheduled-window response.

**Step 3 — halt check:** None of the three halt criteria are met (power is in-band, no OSF overage, only one condition fired), so no immediate halt is required.

**Conclusion:** Flag for the priority inspection queue and schedule tool replacement soon, but this does not require stopping the line.",8c2f90045b
"For a Type L machine, how do I tell if a reading with air temp 295 K, process temp 300 K, speed 1200 rpm, torque 35 Nm, and tool wear 50 min points to HDF?","For this **Type L** reading, it points to **HDF**.

### Why
Check the two HDF conditions from the example:

- **Temperature difference** = process temp − air temp = **300 − 295 = 5 K**
  - This is **less than 8.6 K**, so it matches the HDF temperature condition.
- **Rotational speed** = **1200 rpm**
  - This is **below 1380 rpm**, so it matches the HDF speed condition.

Since **both HDF conditions hold at the same time**, HDF is confirmed.

### What about the other failure modes?
- **Tool wear = 50 min** → far below the TWF band, so **no TWF**
- **Power** = 35 × 1200 × (2π/60) ≈ **4398 W**
  - This is inside the **3500–9000 W** band, so **no PWF**
- **Strain indicator** = 50 × 35 = **1750 min·Nm**
  - This is far below the **Type L OSF threshold (11,000)**, so **no OSF**

### Recommended action
- Diagnose as **HDF**
- Investigate the **cooling/airflow system**
- Consider **raising rotational speed** rather than stopping production outright
- Based on the example, **HDF alone is Medium severity** and does **not** require an immediate halt

","**Step 1 — check each condition:**
- Tool wear: 50 min → far below the TWF band → no TWF
- temp_diff = 300 − 295 = 5 K (< 8.6 K) **and** speed 1200 rpm (< 1380 rpm) → both HDF conditions hold → HDF confirmed
- power = 35 × 1200 × (2π/60) ≈ 4398 W → inside the 3500–9000 W band → no PWF
- strain_indicator = 50 × 35 = 1750 min·Nm, far under the L threshold (11,000) → no OSF

**Step 2 — severity:** HDF alone is Medium severity, same-shift response.

**Step 3 — halt check:** Only one condition (HDF) is met, and no individual metric breaches a halt threshold, so an immediate halt isn't required.

**Conclusion:** Diagnose as HDF. Investigate the coolant/airflow system and consider raising rotational speed rather than stopping production outright.",e581e4ba19
"In that example with 5 K temp difference and 1200 rpm, why does it count as HDF but not the other fault modes?","It counts as **HDF** because **both required HDF conditions are met at the same time**:

- **Temperature difference** = 300 K − 295 K = **5 K**, which is **below 8.6 K**
- **Rotational speed** = **1200 rpm**, which is **below 1380 rpm**

The context explicitly says HDF occurs only when **low speed** is combined with a **small temperature gradient**. So in that example, the joint condition is satisfied.

Why it is **not** the other fault modes:

- **TWF**: tool wear was **50 min**, which is far below the TWF band in the example, so no TWF.
- **PWF**: the computed power was about **4398 W**, which is **inside** the 3500–9000 W band, so no PWF.
- **OSF**: the strain indicator was **1750 min·Nm**, far below the threshold for that type, so no OSF.

Recommended action from the example:
- **Investigate the coolant/airflow system**
- **Consider raising rotational speed**
- No immediate halt was required in that case because only HDF was present and no halt threshold was exceeded.","**Step 1 — check each condition:**
- Tool wear: 50 min → far below the TWF band → no TWF
- temp_diff = 300 − 295 = 5 K (< 8.6 K) **and** speed 1200 rpm (< 1380 rpm) → both HDF conditions hold → HDF confirmed
- power = 35 × 1200 × (2π/60) ≈ 4398 W → inside the 3500–9000 W band → no PWF
- strain_indicator = 50 × 35 = 1750 min·Nm, far under the L threshold (11,000) → no OSF

**Step 2 — severity:** HDF alone is Medium severity, same-shift response.

**Step 3 — halt check:** Only one condition (HDF) is met, and no individual metric breaches a halt threshold, so an immediate halt isn't required.

**Conclusion:** Diagnose as HDF. Investigate the coolant/airflow system and consider raising rotational speed rather than stopping production outright.",e581e4ba19
"What should I check first when the numbers show HDF only and the severity is medium, not a stop-now issue?","What’s happening: this is **HDF only**, which is classified as **Medium severity** with a **same-shift** response.

Why: the SOP says HDF is confirmed when **`temp_diff < 8.6 K` and `rotational speed < 1380 rpm`**. In the worked example, that condition alone was enough to diagnose HDF, and it explicitly says **an immediate halt isn’t required** when only HDF is met and no halt threshold is breached. The halt rules are stricter and only trigger if **power exceeds 9000 W**, **`tool_wear × torque` exceeds the variant threshold by more than 10%**, or **two or more failure conditions are met**.

Recommended action: **check the coolant/airflow system first** and consider whether **rotational speed should be raised**. Since this is medium severity and not a stop-now issue, send it to the **standard maintenance queue** rather than stopping the line.","**Step 1 — check each condition:**
- Tool wear: 50 min → far below the TWF band → no TWF
- temp_diff = 300 − 295 = 5 K (< 8.6 K) **and** speed 1200 rpm (< 1380 rpm) → both HDF conditions hold → HDF confirmed
- power = 35 × 1200 × (2π/60) ≈ 4398 W → inside the 3500–9000 W band → no PWF
- strain_indicator = 50 × 35 = 1750 min·Nm, far under the L threshold (11,000) → no OSF

**Step 2 — severity:** HDF alone is Medium severity, same-shift response.

**Step 3 — halt check:** Only one condition (HDF) is met, and no individual metric breaches a halt threshold, so an immediate halt isn't required.

**Conclusion:** Diagnose as HDF. Investigate the coolant/airflow system and consider raising rotational speed rather than stopping production outright.",e581e4ba19
"If tool wear is only 50 min and the calculated power sits around 4398 W, does that rule out TWF, PWF, and OSF?","Not necessarily — but **with those values, TWF, PWF, and OSF are not indicated** in the context.

### What’s happening
- **Tool wear = 50 min**  
  This is described as **far below the TWF band**, so **no Tool Wear Failure (TWF)**.
- **Calculated power ≈ 4398 W**  
  This sits **inside the 3500–9000 W band**, so **no Power Failure (PWF)**.
- **Overstrain check**  
  OSF is based on `strain_indicator = Tool wear × Torque`. In the worked example with the same tool wear and torque 35 Nm, the value was **1750 min·Nm**, which is **far under the threshold**, so **no OSF**.

### Why
- **TWF** is diagnosed from **tool wear directly**, and 50 min is explicitly below the failure band.
- **PWF** is based on the **computed power**, and 4398 W is explicitly in-range.
- **OSF** depends on **tool wear × torque**; with the example values, it stays well below the threshold.

### Recommended action
Based on the context, **don’t flag TWF, PWF, or OSF from these numbers alone**.  
If you want a complete diagnosis, you’d still need to check the other failure conditions separately, especially **HDF**, which in the worked example was confirmed by the temperature difference and speed.

","**Step 1 — check each condition:**
- Tool wear: 50 min → far below the TWF band → no TWF
- temp_diff = 300 − 295 = 5 K (< 8.6 K) **and** speed 1200 rpm (< 1380 rpm) → both HDF conditions hold → HDF confirmed
- power = 35 × 1200 × (2π/60) ≈ 4398 W → inside the 3500–9000 W band → no PWF
- strain_indicator = 50 × 35 = 1750 min·Nm, far under the L threshold (11,000) → no OSF

**Step 2 — severity:** HDF alone is Medium severity, same-shift response.

**Step 3 — halt check:** Only one condition (HDF) is met, and no individual metric breaches a halt threshold, so an immediate halt isn't required.

**Conclusion:** Diagnose as HDF. Investigate the coolant/airflow system and consider raising rotational speed rather than stopping production outright.",e581e4ba19
"For this diagnostic case, is it better to inspect the cooling or airflow path, and can I keep the line running while I do it?","**What’s happening:** This looks like a **Heat Dissipation Failure (HDF)**, where the machine is not removing heat effectively.

**Why:** The context says HDF is commonly caused by **blocked vents, dirty filters, or restricted airflow**, and also by failed cooling components or coolant issues. It also notes that if a unit is running **below 1380 rpm** for an extended period, you should watch the **temperature gradient** more closely.

**What to inspect:**  
- **Yes, inspect the cooling and airflow path** first: filters, vents, fans, cooling fins, and heat exchangers.  
- Also check the cooling circuit if applicable: coolant level, flow, pressure, leakage, and condition.

**Can you keep the line running?**  
- The context does **not** say it is safe to keep the line running while inspecting.  
- It recommends **reducing machine load and allowing controlled cooling according to the operating procedure**, so don’t assume continuous operation is safe.

**Recommended action:**  
1. Verify the temperature reading with a trusted instrument when safe.  
2. Inspect and clean filters, vents, fans, cooling fins, and heat exchangers.  
3. Check coolant level/flow/pressure/leakage/condition if there is a coolant circuit.  
4. Reduce load and allow controlled cooling per procedure.  
5. Repair or replace defective cooling components and recalibrate faulty sensors if needed.","**Step 1 — check each condition:**
- Tool wear: 50 min → far below the TWF band → no TWF
- temp_diff = 300 − 295 = 5 K (< 8.6 K) **and** speed 1200 rpm (< 1380 rpm) → both HDF conditions hold → HDF confirmed
- power = 35 × 1200 × (2π/60) ≈ 4398 W → inside the 3500–9000 W band → no PWF
- strain_indicator = 50 × 35 = 1750 min·Nm, far under the L threshold (11,000) → no OSF

**Step 2 — severity:** HDF alone is Medium severity, same-shift response.

**Step 3 — halt check:** Only one condition (HDF) is met, and no individual metric breaches a halt threshold, so an immediate halt isn't required.

**Conclusion:** Diagnose as HDF. Investigate the coolant/airflow system and consider raising rotational speed rather than stopping production outright.",e581e4ba19
"How do I check if this Type H reading is an overpowered PWF: air temp 300 K, process temp 311 K, speed 1800 rpm, torque 55 Nm, and tool wear 30 min?","**What’s happening:**  
This reading is an **overpowered PWF**.

**Why:**  
Compute the derived power from torque and speed:

- power = 55 × 1800 × (2π/60) ≈ **10,367 W**

The context says:

- **PWF is overpowered when power is above 9000 W**

Since **10,367 W > 9000 W**, the PWF condition is met.

Other checks:
- Tool wear = 30 min → far below the TWF band, so **no TWF**
- temp_diff = 311 − 300 = 11 K → not an HDF case
- strain_indicator = 30 × 55 = 1650 min·Nm → far below the H threshold, so **no OSF**

**Recommended action:**  
This is **High severity** and requires an **immediate halt**. Stop the line now.","**Step 1 — check each condition:**
- Tool wear: 30 min → far below the TWF band → no TWF
- temp_diff = 311 − 300 = 11 K (not < 8.6 K) → no HDF
- power = 55 × 1800 × (2π/60) ≈ 10,367 W → **above 9000 W** → PWF (overpowered)
- strain_indicator = 30 × 55 = 1650 min·Nm, far under the H threshold (13,000) → no OSF

**Step 2 — severity:** PWF-overpower is High severity, immediate response.

**Step 3 — halt check:** Computed power (10,367 W) exceeds the 9000 W halt threshold on its own → **halt required immediately.**

**Conclusion:** Overpower PWF, confirmed by the derived power calculation — stop the line now, not at the next scheduled window.",f28320728d
Why would a machine at 1800 rpm and 55 Nm trigger a PWF alarm when the temps look normal and tool wear is only 30 minutes?,"What’s happening: the machine is triggering a **PWF (Power/Wear/Overpower Failure)** because the **derived power is too high**, even though the temperatures look normal and tool wear is only 30 minutes.

Why: based on the context, the key calculation is:

- **power = torque × speed × (2π/60)**
- At **1800 rpm** and **55 Nm**:
  - power ≈ **10,367 W**
- That is **above the 9000 W threshold**, so it is classified as **PWF-overpower**

The other conditions do **not** explain the alarm:
- **Tool wear 30 min** is far below the TWF critical band of **200–240 min**
- The temperature difference **311 − 300 = 11 K** is not in the HDF range
- So the alarm is driven by **overpower**, not temperature or tool wear

Recommended action:
- Treat it as **high severity**
- **Stop the line immediately / halt the machine**, since the computed power alone exceeds the halt threshold
- Investigate why the machine is running at excessive load for that speed/torque combination","**Step 1 — check each condition:**
- Tool wear: 30 min → far below the TWF band → no TWF
- temp_diff = 311 − 300 = 11 K (not < 8.6 K) → no HDF
- power = 55 × 1800 × (2π/60) ≈ 10,367 W → **above 9000 W** → PWF (overpowered)
- strain_indicator = 30 × 55 = 1650 min·Nm, far under the H threshold (13,000) → no OSF

**Step 2 — severity:** PWF-overpower is High severity, immediate response.

**Step 3 — halt check:** Computed power (10,367 W) exceeds the 9000 W halt threshold on its own → **halt required immediately.**

**Conclusion:** Overpower PWF, confirmed by the derived power calculation — stop the line now, not at the next scheduled window.",f28320728d
What calculation shows whether this setup is above the 9000 W limit and needs an immediate stop?,"What’s happening:
- The setup’s **power** is calculated from torque and rotational speed:
  - **power = torque × rotational speed × (2π/60)**

Why this matters:
- The context says to **halt immediately if computed power exceeds 9000 W**.
- In the worked example, this calculation was:
  - **55 × 1800 × (2π/60) ≈ 10,367 W**
- Since **10,367 W > 9000 W**, it is **above the limit**.

Recommended action:
- **Stop the line immediately**.
- This is an **overpowered Power Failure (PWF)** condition with **high severity**.","**Step 1 — check each condition:**
- Tool wear: 30 min → far below the TWF band → no TWF
- temp_diff = 311 − 300 = 11 K (not < 8.6 K) → no HDF
- power = 55 × 1800 × (2π/60) ≈ 10,367 W → **above 9000 W** → PWF (overpowered)
- strain_indicator = 30 × 55 = 1650 min·Nm, far under the H threshold (13,000) → no OSF

**Step 2 — severity:** PWF-overpower is High severity, immediate response.

**Step 3 — halt check:** Computed power (10,367 W) exceeds the 9000 W halt threshold on its own → **halt required immediately.**

**Conclusion:** Overpower PWF, confirmed by the derived power calculation — stop the line now, not at the next scheduled window.",f28320728d
"Can you explain why this case is not TWF, HDF, or OSF, but still ends up as a high-severity PWF?","This case would be **PWF, not TWF, HDF, or OSF**, because the deciding trigger is the **computed power** condition.

### What’s happening
From the SOP, **PWF is possible when computed power is outside 3500–9000 W**.  
That is the direct mechanism that makes this a PWF case.

### Why it is not TWF
- **TWF** requires **tool wear in the 200–240 min band**.
- If that band is not met, TWF does not apply.

### Why it is not HDF
- **HDF** requires both:
  - `temp_diff < 8.6 K`
  - `rotational speed < 1380 rpm`
- If either condition is missing, HDF is not confirmed.

### Why it is not OSF
- **OSF** requires **`tool_wear × torque` over the variant threshold**.
- If that derived strain indicator is not above the threshold, OSF does not apply.

### Why it still ends up as high-severity PWF
The SOP says:
- **PWF overpower = High severity**
- **PWF underpower = Medium severity**

So if the power-based trigger is the one that fired and it is the **overpower** form, the case is classified as **high-severity PWF**.

### Recommended action
Per the SOP, **high-severity incidents should be routed to the line supervisor immediately**.

If you want, I can also help map a specific reading into these conditions step by step.","**Step 1 — check each condition:**
- Tool wear: 30 min → far below the TWF band → no TWF
- temp_diff = 311 − 300 = 11 K (not < 8.6 K) → no HDF
- power = 55 × 1800 × (2π/60) ≈ 10,367 W → **above 9000 W** → PWF (overpowered)
- strain_indicator = 30 × 55 = 1650 min·Nm, far under the H threshold (13,000) → no OSF

**Step 2 — severity:** PWF-overpower is High severity, immediate response.

**Step 3 — halt check:** Computed power (10,367 W) exceeds the 9000 W halt threshold on its own → **halt required immediately.**

**Conclusion:** Overpower PWF, confirmed by the derived power calculation — stop the line now, not at the next scheduled window.",f28320728d
"For a reading with 300 K air temp, 311 K process temp, 1800 rpm, 55 Nm torque, and 30 min wear, should I halt the machine right away or wait for the next window?","**What’s happening:**  
This reading matches **PWF (power failure / overpowered)**.

**Why:**  
- Air temp: 300 K  
- Process temp: 311 K  
- **temp_diff = 311 − 300 = 11 K**, so **HDF is not triggered** because it is not below **8.6 K**.  
- **Power = 55 × 1800 × (2π/60) ≈ 10,367 W**, which is **above the 9000 W threshold**. The context says this is an **overpowered PWF** condition.  
- Tool wear: **30 min**, which is far below the TWF band, so **no TWF**.  
- Strain indicator: **30 × 55 = 1650 min·Nm**, far below the OSF threshold, so **no OSF**.

**Recommended action:**  
**Halt the machine right away.** The context explicitly says power above **9000 W** requires an immediate stop, not waiting for the next window.","**Step 1 — check each condition:**
- Tool wear: 30 min → far below the TWF band → no TWF
- temp_diff = 311 − 300 = 11 K (not < 8.6 K) → no HDF
- power = 55 × 1800 × (2π/60) ≈ 10,367 W → **above 9000 W** → PWF (overpowered)
- strain_indicator = 30 × 55 = 1650 min·Nm, far under the H threshold (13,000) → no OSF

**Step 2 — severity:** PWF-overpower is High severity, immediate response.

**Step 3 — halt check:** Computed power (10,367 W) exceeds the 9000 W halt threshold on its own → **halt required immediately.**

**Conclusion:** Overpower PWF, confirmed by the derived power calculation — stop the line now, not at the next scheduled window.",f28320728d
"For this reading with Type L, 296 K air temp, 307 K process temp, 1400 rpm, 60 Nm, and 195 min wear, is OSF actually the fault here?","Yes — **OSF is the confirmed fault here**.

### Why
For **Type L**, OSF is based on the strain indicator:

- **strain_indicator = tool wear × torque**
- **195 × 60 = 11,700 min·Nm**

From the context, the **L threshold is 11,000**, and **11,700 is above that threshold**, so **OSF is confirmed**.

### Check the other fault conditions
- **TWF:** tool wear is **195 min**, which is **just below** the 200–240 min band, so **no TWF**
- **HDF:**  
  - temp diff = **307 − 296 = 11 K**, not less than 8.6 K  
  - speed = **1400 rpm**, not less than 1380 rpm  
  So **no HDF**
- **PWF:** power is about **8796 W**, which is **inside** the 3500–9000 W band, so **no PWF**

### What’s happening
This is a **single-mode OSF failure** for Type L, driven by **tool wear × torque exceeding the OSF threshold**.

### Recommended action
- **Escalate for immediate inspection**
- OSF is **high severity**
- A **full halt is not automatically mandated** from this reading alone, since the OSF margin is under 10% over threshold and no other failure condition is present

","**Step 1 — check each condition:**
- Tool wear: 195 min → just below the 200–240 TWF band → no TWF (close, but not in-band)
- temp_diff = 307 − 296 = 11 K (not < 8.6 K) and speed 1400 rpm (not < 1380 rpm) → no HDF
- power = 60 × 1400 × (2π/60) ≈ 8796 W → inside the 3500–9000 W band → no PWF
- strain_indicator = 195 × 60 = 11,700 min·Nm → **above the L threshold (11,000)** → OSF confirmed

**Step 2 — severity:** OSF is High severity, immediate response, regardless of margin.

**Step 3 — halt check:** 11,700 exceeds 11,000 by about 6.4% — under the 10% overage that would force an automatic halt, and no other condition co-occurs, so this doesn't meet the halt criteria on its own even though it's high-severity.

**Conclusion:** OSF — escalate to the line supervisor for immediate inspection, but a full production halt isn't automatically mandated unless the margin worsens past 10% over threshold or another condition appears.",dda4fe63ab
Why does the strain indicator from 195 min and 60 Nm point to OSF even though the other values look normal?,"What’s happening: the **strain indicator** is calculated as:

`strain_indicator = Tool wear × Torque`

For **195 min** and **60 Nm**:

`195 × 60 = 11,700 min·Nm`

Why it points to **OSF**: for **Type L**, the OSF threshold is about **11,000 min·Nm**. Since **11,700 > 11,000**, the reading triggers **Overstrain Failure** even if tool wear and torque each look individually normal.

Relevant mechanism: the context says OSF depends on the **combined mechanical strain**, not on wear or torque alone. So a moderate torque on a worn tool can still exceed the variant-specific limit.

Recommended action: **treat this as a high-severity OSF**, and **escalate for immediate inspection**. A full halt is not automatically required from this example alone unless the margin worsens past the halt rule or another failure mode appears.","**Step 1 — check each condition:**
- Tool wear: 195 min → just below the 200–240 TWF band → no TWF (close, but not in-band)
- temp_diff = 307 − 296 = 11 K (not < 8.6 K) and speed 1400 rpm (not < 1380 rpm) → no HDF
- power = 60 × 1400 × (2π/60) ≈ 8796 W → inside the 3500–9000 W band → no PWF
- strain_indicator = 195 × 60 = 11,700 min·Nm → **above the L threshold (11,000)** → OSF confirmed

**Step 2 — severity:** OSF is High severity, immediate response, regardless of margin.

**Step 3 — halt check:** 11,700 exceeds 11,000 by about 6.4% — under the 10% overage that would force an automatic halt, and no other condition co-occurs, so this doesn't meet the halt criteria on its own even though it's high-severity.

**Conclusion:** OSF — escalate to the line supervisor for immediate inspection, but a full production halt isn't automatically mandated unless the margin worsens past 10% over threshold or another condition appears.",dda4fe63ab
"What checks would rule out TWF, HDF, and PWF before calling this OSF on the machine?","To rule out **TWF, HDF, and PWF** before calling it **OSF**, check that none of their trigger conditions are present:

### 1) Rule out TWF
- **Check tool wear**
- If tool wear is **below the TWF band**, then TWF is not present.

### 2) Rule out HDF
- **Check temperature difference:** `temp_diff = process temp − air temp`
- **Check rotational speed**
- HDF is ruled out if the reading does **not** show the HDF pattern:
  - `temp_diff < 8.6 K` **and**
  - `speed < 1380 rpm`

### 3) Rule out PWF
- **Check derived power:** `power = torque × speed × (2π/60)`
- PWF is ruled out if power is **outside** the PWF band:
  - not in **3500–9000 W**

### 4) Then assess OSF
- **Check strain_indicator:** `tool wear × torque`
- OSF is supported when the strain indicator is in the **OSF/H threshold range**:
  - **above 13,000** for the example shown

### What’s happening
You only call it **OSF** after **TWF, HDF, and PWF have been excluded** by the above checks and the **strain_indicator** supports OSF.

### Recommended action
- Compute and compare the derived features:
  - `temp_diff`
  - `power`
  - `strain_indicator`
- If only OSF is confirmed, treat it as a **high-severity incident**.
- Per the SOP, **route OSF immediately to the line supervisor**.","**Step 1 — check each condition:**
- Tool wear: 195 min → just below the 200–240 TWF band → no TWF (close, but not in-band)
- temp_diff = 307 − 296 = 11 K (not < 8.6 K) and speed 1400 rpm (not < 1380 rpm) → no HDF
- power = 60 × 1400 × (2π/60) ≈ 8796 W → inside the 3500–9000 W band → no PWF
- strain_indicator = 195 × 60 = 11,700 min·Nm → **above the L threshold (11,000)** → OSF confirmed

**Step 2 — severity:** OSF is High severity, immediate response, regardless of margin.

**Step 3 — halt check:** 11,700 exceeds 11,000 by about 6.4% — under the 10% overage that would force an automatic halt, and no other condition co-occurs, so this doesn't meet the halt criteria on its own even though it's high-severity.

**Conclusion:** OSF — escalate to the line supervisor for immediate inspection, but a full production halt isn't automatically mandated unless the margin worsens past 10% over threshold or another condition appears.",dda4fe63ab
"Is 11,700 min·Nm enough to trigger an immediate stop, or just an operator escalation and inspection?","This is **Overstrain Failure (OSF)** for the **Low (L)** variant.

### Why
- **strain_indicator = Tool wear × Torque**
- Here that is **195 min × 60 Nm = 11,700 min·Nm**
- The **L threshold is ~11,000 min·Nm**
- Since **11,700 exceeds 11,000**, OSF is **confirmed**

### Action
- **Severity:** High
- **Recommended response:** **Immediate operator escalation and inspection**
- **Immediate stop?** **Not automatically**, because the context says the halt criterion is not met unless the margin worsens past **10% over threshold** or another condition appears.
- 11,700 is only about **6.4% above** 11,000, so this is **escalate/inspect**, not an automatic stop.

### Bottom line
**It calls for operator escalation and immediate inspection, not an immediate stop.**","**Step 1 — check each condition:**
- Tool wear: 195 min → just below the 200–240 TWF band → no TWF (close, but not in-band)
- temp_diff = 307 − 296 = 11 K (not < 8.6 K) and speed 1400 rpm (not < 1380 rpm) → no HDF
- power = 60 × 1400 × (2π/60) ≈ 8796 W → inside the 3500–9000 W band → no PWF
- strain_indicator = 195 × 60 = 11,700 min·Nm → **above the L threshold (11,000)** → OSF confirmed

**Step 2 — severity:** OSF is High severity, immediate response, regardless of margin.

**Step 3 — halt check:** 11,700 exceeds 11,000 by about 6.4% — under the 10% overage that would force an automatic halt, and no other condition co-occurs, so this doesn't meet the halt criteria on its own even though it's high-severity.

**Conclusion:** OSF — escalate to the line supervisor for immediate inspection, but a full production halt isn't automatically mandated unless the margin worsens past 10% over threshold or another condition appears.",dda4fe63ab
"If the OSF threshold is 11,000, how close is this case to the automatic halt limit, and what would push it over?","This case is already **over the Low-variant OSF threshold**.

### What’s happening
For **Type L**, the Overstrain Failure threshold is **about 11,000 min·Nm**.

From the worked example in the context:
- `strain_indicator = Tool wear × Torque = 195 × 60 = 11,700 min·Nm`

So this case is:
- **11,700 − 11,000 = 700 min·Nm over the limit**
- That is about **6.4% above threshold**

### Why
The context says OSF occurs when the **strain_indicator** exceeds the variant-specific threshold:
- **L ≈ 11,000**
- **M ≈ 12,000**
- **H ≈ 13,000**

So for this **L** case, the product of **tool wear × torque** has crossed the OSF limit.

### What would push it over the automatic halt limit
The context says this case is **still under the 10% overage that would force an automatic halt**.

So to push it over the automatic halt limit, the strain would need to rise to **more than 10% above 11,000**, i.e. above about:
- **12,100 min·Nm**

That could happen if either:
- **tool wear increases**, or
- **torque increases**, or
- both increase

### Recommended action
- **Escalate immediately for inspection** because OSF is already confirmed.
- It is **not automatically mandated to halt yet** based on the provided example, unless the overage worsens past **10% over threshold** or another failure condition appears.","**Step 1 — check each condition:**
- Tool wear: 195 min → just below the 200–240 TWF band → no TWF (close, but not in-band)
- temp_diff = 307 − 296 = 11 K (not < 8.6 K) and speed 1400 rpm (not < 1380 rpm) → no HDF
- power = 60 × 1400 × (2π/60) ≈ 8796 W → inside the 3500–9000 W band → no PWF
- strain_indicator = 195 × 60 = 11,700 min·Nm → **above the L threshold (11,000)** → OSF confirmed

**Step 2 — severity:** OSF is High severity, immediate response, regardless of margin.

**Step 3 — halt check:** 11,700 exceeds 11,000 by about 6.4% — under the 10% overage that would force an automatic halt, and no other condition co-occurs, so this doesn't meet the halt criteria on its own even though it's high-severity.

**Conclusion:** OSF — escalate to the line supervisor for immediate inspection, but a full production halt isn't automatically mandated unless the margin worsens past 10% over threshold or another condition appears.",dda4fe63ab
"How do I diagnose a Type H machine with air temp at 295 K, process temp at 300 K, speed 1200 rpm, torque 70 Nm, and tool wear 195 min?","**Diagnosis: Multi-mode failure — HDF + OSF**

### What’s happening
For a **Type H** machine with:
- Air temp = **295 K**
- Process temp = **300 K**
- Speed = **1200 rpm**
- Torque = **70 Nm**
- Tool wear = **195 min**

the worked example shows:

- **Tool wear:** 195 min is **below the TWF band** → **no TWF**
- **Temperature difference:** 300 − 295 = **5 K**, which is **< 8.6 K**
- **Speed:** **1200 rpm**, which is **< 1380 rpm**
  - Since both HDF conditions hold, **HDF is confirmed**
- **Power:** 70 × 1200 × (2π/60) ≈ **8796 W**
  - This is **inside the 3500–9000 W band** → **no PWF**
- **Strain indicator:** 195 × 70 = **13,650 min·Nm**
  - This is **above the Type H threshold of 13,000** → **OSF confirmed**

### Why
The context identifies the relevant mechanisms as:
- **HDF** when temperature difference is below **8.6 K** and speed is below **1380 rpm**
- **OSF** when the strain indicator exceeds the Type H threshold of **13,000**

Both are present here.

### Recommended action
- **Immediate halt required**
- The context says that **two or more failure conditions occurring simultaneously** satisfies the halt criteria
- Since **HDF + OSF** are both active, the line should be **stopped immediately**

**Bottom line:** This is a **multi-mode failure** with **HDF and OSF firing together**, so **halt the machine immediately**.","**Step 1 — check each condition:**
- Tool wear: 195 min → below the TWF band → no TWF
- temp_diff = 300 − 295 = 5 K (< 8.6 K) **and** speed 1200 rpm (< 1380 rpm) → HDF confirmed
- power = 70 × 1200 × (2π/60) ≈ 8796 W → inside the 3500–9000 W band → no PWF
- strain_indicator = 195 × 70 = 13,650 min·Nm → **above the H threshold (13,000)** → OSF confirmed

**Step 2 — severity:** Both HDF (Medium) and OSF (High) are firing at once — take the higher of the two, High/Immediate.

**Step 3 — halt check:** Neither condition individually crosses its 'exceeds by >10%' or power threshold, but **two or more failure conditions are met simultaneously (HDF and OSF)** — that alone satisfies the halt criteria.

**Conclusion:** Multi-mode failure (HDF + OSF) — halt the line immediately per the simultaneous-conditions rule, even though neither condition alone would have forced a halt.",9cfa8e5555
"With temp difference only 5 K and speed 1200 rpm, does that confirm a heat-delay fault on this reading?","Yes — **that confirms a Heat Dissipation Failure (HDF)** on this reading **if** the temperature gap is indeed `Process temp − Air temp = 5 K` and the speed is `1200 rpm`.

### What’s happening
This is the **combined-condition** failure mode for HDF:
- `Process temperature − Air temperature < 8.6 K`
- `Rotational speed < 1380 rpm`

Your reading meets **both** conditions:
- temp difference = **5 K** < 8.6 K
- speed = **1200 rpm** < 1380 rpm

### Why
From the context, HDF is confirmed only when **both** the small temperature gap **and** low rotational speed occur together. The mechanism is that the process is **unable to shed heat effectively during low-speed operation**.

### Recommended action
Treat this as **HDF, Medium severity**, with a **same-shift response**:
- inspect the cooling/airflow system
- check fan speed, flow, and pressure
- consider whether operating speed can be increased rather than stopping production immediately

If you want, I can also help check whether any other failure mode is indicated by the full reading.","**Step 1 — check each condition:**
- Tool wear: 195 min → below the TWF band → no TWF
- temp_diff = 300 − 295 = 5 K (< 8.6 K) **and** speed 1200 rpm (< 1380 rpm) → HDF confirmed
- power = 70 × 1200 × (2π/60) ≈ 8796 W → inside the 3500–9000 W band → no PWF
- strain_indicator = 195 × 70 = 13,650 min·Nm → **above the H threshold (13,000)** → OSF confirmed

**Step 2 — severity:** Both HDF (Medium) and OSF (High) are firing at once — take the higher of the two, High/Immediate.

**Step 3 — halt check:** Neither condition individually crosses its 'exceeds by >10%' or power threshold, but **two or more failure conditions are met simultaneously (HDF and OSF)** — that alone satisfies the halt criteria.

**Conclusion:** Multi-mode failure (HDF + OSF) — halt the line immediately per the simultaneous-conditions rule, even though neither condition alone would have forced a halt.",9cfa8e5555
"At 70 Nm and 1200 rpm, what power comes out to, and is it still in the normal range for this case?","At **70 Nm** and **1200 rpm**, the computed power is:

\[
Power = 70 \times 1200 \times \left(\frac{2\pi}{60}\right) \approx 8796\text{ W}
\]

### What’s happening
- The **derived power** is about **8.8 kW**.
- This is **within the normal / non-failure range** for Power Failure, which is **3500–9000 W**.

### Why
Per the context, power must be calculated from **torque × rotational speed** and checked as a derived metric, not from torque or speed alone.  
Since **8796 W** falls inside the accepted band, **Power Failure is not triggered**.

### Recommended action
- **No power-related fault** based on this reading.
- Continue monitoring; if you’re diagnosing the machine overall, check the other conditions separately (temperature, tool wear, strain indicator, etc.).","**Step 1 — check each condition:**
- Tool wear: 195 min → below the TWF band → no TWF
- temp_diff = 300 − 295 = 5 K (< 8.6 K) **and** speed 1200 rpm (< 1380 rpm) → HDF confirmed
- power = 70 × 1200 × (2π/60) ≈ 8796 W → inside the 3500–9000 W band → no PWF
- strain_indicator = 195 × 70 = 13,650 min·Nm → **above the H threshold (13,000)** → OSF confirmed

**Step 2 — severity:** Both HDF (Medium) and OSF (High) are firing at once — take the higher of the two, High/Immediate.

**Step 3 — halt check:** Neither condition individually crosses its 'exceeds by >10%' or power threshold, but **two or more failure conditions are met simultaneously (HDF and OSF)** — that alone satisfies the halt criteria.

**Conclusion:** Multi-mode failure (HDF + OSF) — halt the line immediately per the simultaneous-conditions rule, even though neither condition alone would have forced a halt.",9cfa8e5555
Does 195 min of tool wear and 70 Nm torque trigger the overload strain condition here?,"Yes — **Overstrain Failure (OSF)** is triggered here.

### What’s happening
- `strain_indicator = Tool wear × Torque`
- With **195 min** tool wear and **70 Nm** torque:

  **195 × 70 = 13,650 min·Nm**

### Why
For the **High (H)** variant, the OSF threshold is about **13,000 min·Nm**.  
Since **13,650 > 13,000**, the overstrain condition is **confirmed**.

### Recommended action
- Treat this as **High severity / immediate attention**
- Inspect the tool and process before continuing

### Important note
The context does **not** say this alone automatically forces a halt unless the margin exceeds the threshold by more than 10% or another failure condition is present simultaneously.","**Step 1 — check each condition:**
- Tool wear: 195 min → below the TWF band → no TWF
- temp_diff = 300 − 295 = 5 K (< 8.6 K) **and** speed 1200 rpm (< 1380 rpm) → HDF confirmed
- power = 70 × 1200 × (2π/60) ≈ 8796 W → inside the 3500–9000 W band → no PWF
- strain_indicator = 195 × 70 = 13,650 min·Nm → **above the H threshold (13,000)** → OSF confirmed

**Step 2 — severity:** Both HDF (Medium) and OSF (High) are firing at once — take the higher of the two, High/Immediate.

**Step 3 — halt check:** Neither condition individually crosses its 'exceeds by >10%' or power threshold, but **two or more failure conditions are met simultaneously (HDF and OSF)** — that alone satisfies the halt criteria.

**Conclusion:** Multi-mode failure (HDF + OSF) — halt the line immediately per the simultaneous-conditions rule, even though neither condition alone would have forced a halt.",9cfa8e5555
"If heat-delay and overload-strain both show up together, do I need to stop the line right away even if neither one is over its own halt limit?","No. Based on the SOP, you do **not** stop the line right away just because **heat-delay** and **overload-strain** appear together **if neither one is over its own halt limit**.

### What’s happening
You have **two failure conditions present at the same time**.

### Why
The SOP says the halt criteria are separate from severity and include:
- computed power over **9000 W**
- `tool_wear × torque` exceeding the variant threshold by more than **10%**
- **two or more failure conditions firing simultaneously**

So if **heat-delay** and **overload-strain** both count as failure conditions, then **having both together meets the halt criterion**, even if each one is below its own individual limit.

### Recommended action
- **Stop the line immediately** if those two conditions are both active.
- If you are unsure whether both signals qualify as distinct failure conditions under your system’s definitions, the context does not provide that mapping, so I can’t confirm beyond the SOP rule above.","**Step 1 — check each condition:**
- Tool wear: 195 min → below the TWF band → no TWF
- temp_diff = 300 − 295 = 5 K (< 8.6 K) **and** speed 1200 rpm (< 1380 rpm) → HDF confirmed
- power = 70 × 1200 × (2π/60) ≈ 8796 W → inside the 3500–9000 W band → no PWF
- strain_indicator = 195 × 70 = 13,650 min·Nm → **above the H threshold (13,000)** → OSF confirmed

**Step 2 — severity:** Both HDF (Medium) and OSF (High) are firing at once — take the higher of the two, High/Immediate.

**Step 3 — halt check:** Neither condition individually crosses its 'exceeds by >10%' or power threshold, but **two or more failure conditions are met simultaneously (HDF and OSF)** — that alone satisfies the halt criteria.

**Conclusion:** Multi-mode failure (HDF + OSF) — halt the line immediately per the simultaneous-conditions rule, even though neither condition alone would have forced a halt.",9cfa8e5555
"If my Type M machine is at 225 minutes of tool wear and everything else looks normal, should I count that as a TWF failure or just a warning?","**What’s happening:**  
At **225 minutes of tool wear**, your **Type M** machine is in the **200–240 minute TWF risk band**. With everything else normal, this is **not a confirmed Tool Wear Failure**.

**Why:**  
The context says tool wear in the **200–240 minute range** is a **probabilistic risk zone**, not a deterministic failure threshold. Units can still run normally in this band, and you should **not log it as a failure unless there is an actual halt or defect**. The worked example for **Type M at 225 min** explicitly says to **flag it for inspection** but **not report it as a TWF incident**.

**Recommended action:**  
- **Count it as a warning / elevated-risk condition, not a failure**
- **Flag the machine for priority inspection**
- **Schedule tool replacement proactively**
- **Do not record it as a TWF failure** unless there is corroborating evidence like a halt or defect","**Step 1 — check each condition:**
- Tool wear: 225 min → inside the 200–240 min TWF band
- temp_diff = 10 K (not < 8.6 K) and speed 1600 rpm (not < 1380 rpm) → no HDF
- power = 30 × 1600 × (2π/60) ≈ 5027 W → inside the 3500–9000 W band → no PWF
- strain_indicator = 225 × 30 = 6750 min·Nm, well under the M threshold (12,000) → no OSF

**Step 2 — interpretation:** Tool wear sitting in the 200–240 minute band is a probabilistic risk marker, not a deterministic one — the TWF documentation explicitly notes that units in this band commonly run without failing. Since the unit is still operating normally and no other condition is met, this should **not** be logged as a confirmed failure.

**Conclusion:** Flag for the priority inspection queue and schedule tool replacement proactively, but do not report this as a TWF incident — only as an elevated-risk unit to watch.",59e3729860
"For a running Type M unit with 298 K air temp, 308 K process temp, 1600 rpm, 30 Nm torque, and 225 min wear, is it actually failed yet?","No — based on the context, this is **not a confirmed failure yet**.

### What’s happening
- **Tool wear = 225 min**, which is in the **200–240 min Tool Wear Failure (TWF) band**
- But the context explicitly says this band is **probabilistic, not deterministic**
- It also notes that units in this band **commonly keep running without failing**

### Why
Relevant checks from the context:
- **TWF:** 225 min is in-band, so this is an **elevated risk marker**
- **HDF:** not met, because:
  - temp difference = 308 − 298 = **10 K**, not below **8.6 K**
  - speed = **1600 rpm**, not below **1380 rpm**
- **PWF:** not met, because computed power is about **5027 W**, which is inside the **3500–9000 W** band
- **OSF:** not met, because strain indicator = **225 × 30 = 6750 min·Nm**, below the M threshold of **12,000**

### Recommended action
- **Do not log this as a confirmed failure**
- **Flag it for priority inspection**
- **Schedule tool replacement proactively**
- Since the unit is still running and no halt criteria are met, **no immediate stop is required**","**Step 1 — check each condition:**
- Tool wear: 225 min → inside the 200–240 min TWF band
- temp_diff = 10 K (not < 8.6 K) and speed 1600 rpm (not < 1380 rpm) → no HDF
- power = 30 × 1600 × (2π/60) ≈ 5027 W → inside the 3500–9000 W band → no PWF
- strain_indicator = 225 × 30 = 6750 min·Nm, well under the M threshold (12,000) → no OSF

**Step 2 — interpretation:** Tool wear sitting in the 200–240 minute band is a probabilistic risk marker, not a deterministic one — the TWF documentation explicitly notes that units in this band commonly run without failing. Since the unit is still operating normally and no other condition is met, this should **not** be logged as a confirmed failure.

**Conclusion:** Flag for the priority inspection queue and schedule tool replacement proactively, but do not report this as a TWF incident — only as an elevated-risk unit to watch.",59e3729860
"How do I judge this case: tool wear is in the 200–240 minute zone, but the machine is still operating fine—do I log a fault or just schedule it for inspection?","### What’s happening
This is **not enough to call a confirmed fault** just because tool wear is in the **200–240 minute zone**. That range is a **probabilistic risk band**, not a deterministic failure threshold. The machine can still be running normally in this band.

### Why
The context says:
- **Tool wear 200–240 min** is the primary indicator of **Tool Wear Failure risk**
- But units in this band **often do not fail**
- **Torque, speed, and temperature may remain normal**
- You should **not log it as a failure** unless there is **actual halt or a defect**

### Recommended action
- **Do not log a fault/incident as a confirmed failure**
- **Flag it for priority inspection**
- **Schedule tool replacement proactively**
- If the unit is queued for a long run, replacement should be **scheduled before 240 min**

### Bottom line
Treat this as an **elevated-risk condition requiring inspection and maintenance planning**, not as a confirmed failure.","**Step 1 — check each condition:**
- Tool wear: 225 min → inside the 200–240 min TWF band
- temp_diff = 10 K (not < 8.6 K) and speed 1600 rpm (not < 1380 rpm) → no HDF
- power = 30 × 1600 × (2π/60) ≈ 5027 W → inside the 3500–9000 W band → no PWF
- strain_indicator = 225 × 30 = 6750 min·Nm, well under the M threshold (12,000) → no OSF

**Step 2 — interpretation:** Tool wear sitting in the 200–240 minute band is a probabilistic risk marker, not a deterministic one — the TWF documentation explicitly notes that units in this band commonly run without failing. Since the unit is still operating normally and no other condition is met, this should **not** be logged as a confirmed failure.

**Conclusion:** Flag for the priority inspection queue and schedule tool replacement proactively, but do not report this as a TWF incident — only as an elevated-risk unit to watch.",59e3729860
"On a Type M machine, does 225 minutes of wear automatically mean TWF, or can it still be considered healthy if the rest of the readings are normal?","No — **225 minutes of wear on a Type M machine does not automatically mean TWF**.

### What’s happening
- **225 min** falls in the **200–240 minute TWF risk band**.
- But the context says this band is **probabilistic, not deterministic**: many units in this range **continue running normally**.
- In the worked example for **Type M**, the machine had:
  - normal air/process temperatures,
  - normal rotational speed,
  - normal torque,
  - and **225 min tool wear**,
  - and it was **explicitly not logged as a confirmed TWF incident**.

### Why
- The context states that **tool wear is a time-based failure mode** and that once wear reaches roughly **200–240 minutes, failure probability rises sharply**.
- However, it also explicitly says this is **not a guaranteed failure threshold**.
- For **TWF**, **torque and rotational speed are not reliable leading indicators**. So normal readings elsewhere do **not** prove failure, and abnormal readings are not required for TWF either.

### Recommended action
- **Do not automatically classify it as TWF** if the unit is still operating normally.
- **Flag it for priority inspection** and **schedule tool replacement proactively**.
- Log it as an **elevated-risk condition**, not a confirmed failure, **unless there is an actual halt or defect**.","**Step 1 — check each condition:**
- Tool wear: 225 min → inside the 200–240 min TWF band
- temp_diff = 10 K (not < 8.6 K) and speed 1600 rpm (not < 1380 rpm) → no HDF
- power = 30 × 1600 × (2π/60) ≈ 5027 W → inside the 3500–9000 W band → no PWF
- strain_indicator = 225 × 30 = 6750 min·Nm, well under the M threshold (12,000) → no OSF

**Step 2 — interpretation:** Tool wear sitting in the 200–240 minute band is a probabilistic risk marker, not a deterministic one — the TWF documentation explicitly notes that units in this band commonly run without failing. Since the unit is still operating normally and no other condition is met, this should **not** be logged as a confirmed failure.

**Conclusion:** Flag for the priority inspection queue and schedule tool replacement proactively, but do not report this as a TWF incident — only as an elevated-risk unit to watch.",59e3729860
"With 1600 rpm and 30 Nm giving about 5.0 kW, plus 225 minutes of wear, should I mark this unit as failed or just put it on the watch list?","**What’s happening:**  
This unit should be treated as an **elevated-risk / watch-list case**, not a confirmed failure.

**Why:**  
- **Tool wear = 225 min** falls in the **200–240 min Tool Wear Failure (TWF) band**.  
- But the context says this band is **probabilistic, not deterministic**: units in this range can still run fine, and you should **not mark it as failed unless there is an actual halt or defect**.  
- The derived power at **1600 rpm and 30 Nm** is about **5.0 kW**, which is **inside the normal 3500–9000 W band**, so this does **not** indicate a Power Failure.  
- The context also says torque and rotational speed are **not reliable leading indicators** for TWF by themselves.

**Recommended action:**  
- **Do not mark it as failed.**  
- **Put it on the watch list / priority inspection queue** and **schedule tool replacement proactively**.  
- If you are logging incidents, record it as an **elevated-risk unit**, not a confirmed failure.","**Step 1 — check each condition:**
- Tool wear: 225 min → inside the 200–240 min TWF band
- temp_diff = 10 K (not < 8.6 K) and speed 1600 rpm (not < 1380 rpm) → no HDF
- power = 30 × 1600 × (2π/60) ≈ 5027 W → inside the 3500–9000 W band → no PWF
- strain_indicator = 225 × 30 = 6750 min·Nm, well under the M threshold (12,000) → no OSF

**Step 2 — interpretation:** Tool wear sitting in the 200–240 minute band is a probabilistic risk marker, not a deterministic one — the TWF documentation explicitly notes that units in this band commonly run without failing. Since the unit is still operating normally and no other condition is met, this should **not** be logged as a confirmed failure.

**Conclusion:** Flag for the priority inspection queue and schedule tool replacement proactively, but do not report this as a TWF incident — only as an elevated-risk unit to watch.",59e3729860
What are the usual signs that a heat dissipation problem is happening on the machine?,"A heat dissipation problem usually shows up as:

### What’s happening
- **Abnormally high machine or process temperature**
- **Cooling performance weaker than expected**
- **Temperature rising during sustained or heavy operation**
- The machine may **derate, trigger a temperature alarm, or shut down**
- The **process/component temperature trends upward beyond its normal baseline**
- The **temperature difference between the machine/process and its cooling medium becomes abnormal**
- **Temperature stays elevated after the load is reduced**
- Cooling-system indicators like **fan speed, flow, or pressure may be low or unstable**

### Why it happens
From the context, heat dissipation failure occurs when **low rotational speed** reduces airflow and mechanical agitation, which lowers convective heat transfer. If the **process temperature and air temperature are already close together**, there is **not enough thermal driving force** to remove heat, so heat accumulates locally.

It is defined by both conditions together:
- **Process temperature − Air temperature < 8.6 K**
- **Rotational speed < 1380 rpm**

### Recommended action
- **Verify the temperature reading** with a trusted instrument when safe
- **Inspect and clean** filters, vents, fans, cooling fins, and heat exchangers
- Check **coolant level, flow, pressure, leakage, and condition**
- **Reduce machine load** and allow controlled cooling per procedure
- **Repair or replace** defective cooling components and **recalibrate faulty sensors**

If you want, I can also turn this into a short operator checklist.","- Abnormally high machine or process temperature.
- Cooling performance is weaker than expected.
- Temperature rises during sustained or heavy operation.
- The machine may derate, trigger a temperature alarm, or shut down.",ae1dcf3957
How can I tell if the cooling system is not keeping the machine temperature under control?,"What’s happening: the cooling system is likely **not removing heat fast enough**, so the machine temperature rises above normal, especially during sustained or heavy operation.

Why this happens:
- This matches **Heat Dissipation Failure**.
- The context says cooling performance can be **weaker than expected** and the **process or component temperature trends upward beyond its normal operating baseline**.
- A key mechanism is that **at low rotational speed, airflow and mechanical agitation drop**, which reduces how effectively heat is carried away.
- If the **process temperature and air temperature are too close** — specifically **Process temperature − Air temperature < 8.6 K** — there isn’t enough thermal gradient to push heat out, so heat accumulates.
- Cooling-system indicators may also be abnormal, such as **low or unstable fan speed, flow, or pressure**.

Recommended action:
- **Verify the temperature reading** with a trusted instrument when safe.
- **Inspect and clean** filters, vents, fans, cooling fins, and heat exchangers.
- **Check coolant level, flow, pressure, leakage, and condition**.
- **Reduce machine load** and allow controlled cooling according to procedure.
- **Repair or replace defective cooling components** and recalibrate faulty sensors.
- **Stop the machine** if temperature exceeds its approved limit or if smoke, odor, leakage, or rapid heating occurs.","- Abnormally high machine or process temperature.
- Cooling performance is weaker than expected.
- Temperature rises during sustained or heavy operation.
- The machine may derate, trigger a temperature alarm, or shut down.",ae1dcf3957
Why does the machine temperature keep climbing during long or heavy runs?,"What’s happening:
- The machine temperature is rising during sustained or heavy operation.

Why:
- This matches **Heat Dissipation Failure (HDF)**.
- The context says HDF symptoms include:
  - **Abnormally high machine or process temperature**
  - **Cooling performance weaker than expected**
  - **Temperature rises during sustained or heavy operation**
- In other words, the machine is likely not removing heat fast enough during long or heavy runs.

Recommended action:
- Check for **reduced cooling performance** or any issue affecting heat removal.
- Monitor for **temperature alarms, derating, or shutdowns**.
- If you’re also seeing low rotational speed, remember HDF is only diagnosed when **low speed (< 1380 rpm)** and **small temperature gradient (< 8.6 K)** occur together — speed alone is not enough.","- Abnormally high machine or process temperature.
- Cooling performance is weaker than expected.
- Temperature rises during sustained or heavy operation.
- The machine may derate, trigger a temperature alarm, or shut down.",ae1dcf3957
"Can a heat dissipation failure make the machine derate, alarm, or shut itself down?","Yes. According to the context, a heat dissipation failure can make the machine **derate, trigger a temperature alarm, or shut down**.

### What’s happening
The machine is unable to shed heat effectively, so temperature rises during sustained or heavy operation. You may see:
- Abnormally high machine or process temperature
- Weaker-than-expected cooling performance
- Rising temperature during load
- Derating, temperature alarm, or shutdown

### Why it happens
The context says this occurs when:
- **Process temperature − Air temperature < 8.6 K**
- **Rotational speed < 1380 rpm**

At low rotational speed, airflow and mechanical agitation drop, which reduces convective heat transfer. If the process and ambient temperatures are already close, there is not enough thermal driving force to remove heat, so heat accumulates locally.

### Recommended action
- Investigate cooling system health: airflow, fan speed, flow, or pressure
- Check for abnormal temperature rise and whether it persists after load is reduced
- Treat sustained low thermal gradient at low speed as an early warning and raise a maintenance ticket, even if the machine has not yet failed

","- Abnormally high machine or process temperature.
- Cooling performance is weaker than expected.
- Temperature rises during sustained or heavy operation.
- The machine may derate, trigger a temperature alarm, or shut down.",ae1dcf3957
What symptoms should I look for if I suspect poor heat removal in the process?,"If you suspect **poor heat removal**, look for the **Heat Dissipation Failure (HDF)** pattern:

### What’s happening
The process is likely **unable to shed heat effectively** during **low-speed operation**.

### Symptoms / conditions to look for
- **Small temperature gap** between process and air:
  - `Process temperature [K] − Air temperature [K] < 8.6 K`
- **Low rotational speed**:
  - `Rotational speed [rpm] < 1380`

These two conditions must happen **together**; neither one alone is enough to indicate HDF.

### Why it happens
At **low rotational speed**, airflow and mechanical agitation decrease, which reduces **convective heat transfer**. If the process and ambient air temperatures are already close, there is not enough thermal driving force to move heat away, so heat builds up locally.

### Recommended action
- Monitor the **temperature difference** (`Process temperature − Air temperature`) as a key indicator.
- Check it **together with rotational speed**, not separately.
- Watch specifically for the gap dropping below **8.6 K** while speed drops below **1380 rpm**.","- Abnormally high machine or process temperature.
- Cooling performance is weaker than expected.
- Temperature rises during sustained or heavy operation.
- The machine may derate, trigger a temperature alarm, or shut down.",ae1dcf3957
What usually causes Heat Dissipation Failure in a machine or process line?,"Heat Dissipation Failure usually happens when the machine is running at **low rotational speed** and the **process temperature is already close to the air temperature**.

### What’s happening
- At low speed, the machine produces **less airflow and mechanical agitation**.
- That means heat is not carried away effectively.
- If the temperature difference between the process and the surrounding air is small, there is **not enough thermal driving force** to remove the heat.
- As a result, **heat builds up locally**.

### Why it happens
From the context, the mechanism is:
- **Low rotational speed** reduces convective heat transfer.
- A **small gap between process temperature and air temperature** means the process cannot shed heat effectively.
- These two conditions together cause the failure mode.

### Recommended action
- Check whether both conditions are present:
  - `Process temperature [K] − Air temperature [K] < 8.6 K`
  - `Rotational speed [rpm] < 1380`
- Inspect the cooling system for issues such as:
  - low or unstable fan speed
  - low or unstable flow
  - low or unstable pressure
- Watch for symptoms like:
  - rising temperature during sustained operation
  - weaker-than-expected cooling
  - temperature alarms, derating, or shutdown

If you want, I can also summarize this as a one-line fault diagnosis.","- Blocked vents, dirty filters, or restricted airflow.
- Failed or degraded cooling fan, pump, heat exchanger, or coolant circuit.
- Low, contaminated, or leaking coolant or lubricant.
- Excessive process load, friction, or prolonged low-airflow operation.
- Faulty or poorly calibrated temperature sensor.",b2a1fbed0a
"Can blocked vents, dirty filters, or poor airflow lead to Heat Dissipation Failure?","Yes. Blocked vents, dirty filters, or restricted/poor airflow can lead to Heat Dissipation Failure.

What’s happening:
- Heat is not being removed effectively, so heat accumulates in the equipment.

Why:
- The context lists “blocked vents, dirty filters, or restricted airflow” as a root cause of Heat Dissipation Failure.
- Reduced airflow lowers convective heat transfer, which means the machine cannot dissipate heat properly.

Recommended action:
- Inspect and clean filters, vents, fans, cooling fins, and heat exchangers.
- Verify the temperature reading with a trusted instrument if safe.
- Check coolant level, flow, pressure, leakage, and condition.
- Reduce machine load and allow controlled cooling according to procedure.
- Repair or replace defective cooling components and recalibrate faulty sensors.","- Blocked vents, dirty filters, or restricted airflow.
- Failed or degraded cooling fan, pump, heat exchanger, or coolant circuit.
- Low, contaminated, or leaking coolant or lubricant.
- Excessive process load, friction, or prolonged low-airflow operation.
- Faulty or poorly calibrated temperature sensor.",b2a1fbed0a
"Could a bad cooling fan, pump, heat exchanger, or coolant circuit be the root cause of Heat Dissipation Failure?","Yes. The context explicitly says a **failed or degraded cooling fan, pump, heat exchanger, or coolant circuit** can be a root cause of **Heat Dissipation Failure**.

### What’s happening
Heat is building up because the system is not removing it effectively.

### Why
The relevant mechanism in the context is:
- **“Failed or degraded cooling fan, pump, heat exchanger, or coolant circuit.”**

This means the cooling path is not functioning properly, so heat cannot be transferred away fast enough.

### Recommended action
Per the context:
- Inspect and clean **filters, vents, fans, cooling fins, and heat exchangers**
- Check **coolant level, flow, pressure, leakage, and condition**
- **Repair or replace defective cooling components**
- Recalibrate any **faulty temperature sensors**
- Reduce load and allow controlled cooling if needed","- Blocked vents, dirty filters, or restricted airflow.
- Failed or degraded cooling fan, pump, heat exchanger, or coolant circuit.
- Low, contaminated, or leaking coolant or lubricant.
- Excessive process load, friction, or prolonged low-airflow operation.
- Faulty or poorly calibrated temperature sensor.",b2a1fbed0a
How often does low or contaminated coolant or lubricant end up causing Heat Dissipation Failure?,"The context does **not** say how often low or contaminated coolant or lubricant causes Heat Dissipation Failure, so I can’t quantify its frequency.

What the context does say is that **low, contaminated, or leaking coolant or lubricant is one possible root cause** of Heat Dissipation Failure, alongside:
- blocked vents or dirty filters,
- failed cooling fan/pump/heat exchanger/coolant circuit,
- excessive process load or prolonged low-airflow operation,
- faulty temperature sensor.

### What’s happening
Heat Dissipation Failure occurs when the process cannot shed heat effectively during **low-speed operation**, specifically when:
- **Process temperature − Air temperature < 8.6 K**
- **Rotational speed < 1380 rpm**

Both conditions must occur together.

### Why it happens
At low rotational speed, airflow and mechanical agitation drop, which reduces convective heat transfer. If the process and ambient temperatures are already close, there is not enough thermal driving force to remove heat, so heat builds up locally. Coolant or lubricant issues can contribute by degrading the cooling path.

### Recommended action
- Verify the temperature reading with a trusted instrument when safe.
- Inspect and clean filters, vents, fans, cooling fins, and heat exchangers.
- Check coolant level, flow, pressure, leakage, and condition.
- Reduce machine load and allow controlled cooling per procedure.
- Repair or replace defective cooling components and recalibrate faulty sensors.","- Blocked vents, dirty filters, or restricted airflow.
- Failed or degraded cooling fan, pump, heat exchanger, or coolant circuit.
- Low, contaminated, or leaking coolant or lubricant.
- Excessive process load, friction, or prolonged low-airflow operation.
- Faulty or poorly calibrated temperature sensor.",b2a1fbed0a
Can a faulty temperature sensor or too much process load trigger Heat Dissipation Failure?,"Yes — **both** can be associated with Heat Dissipation Failure, but in different ways.

### What’s happening
Heat Dissipation Failure (HDF) occurs when the process cannot shed heat effectively during **low-speed operation**. It is a **combined-condition** failure mode, meaning both of these must be present:

- `Process temperature − Air temperature < 8.6 K`
- `Rotational speed < 1380 rpm`

### Why this can happen
From the context, two relevant root causes are:

- **Excessive process load** — this can raise heat generation faster than the system can remove it.
- **Faulty or poorly calibrated temperature sensor** — this can make the temperature reading inaccurate, which can contribute to diagnosing or masking the condition.

Also, the mechanism described is that at low rotational speed, airflow and mechanical agitation drop, so heat is carried away less effectively. If the temperature gap to air is already small, there is not enough thermal gradient to remove the heat, so it accumulates.

### Recommended action
- Check whether **both HDF conditions** are met: low rotational speed and small process-to-air temperature gap.
- Inspect for causes of poor cooling, such as:
  - blocked vents or dirty filters
  - failed/degraded fan, pump, heat exchanger, or coolant circuit
  - low, contaminated, or leaking coolant/lubricant
- If a sensor fault is suspected, **verify or calibrate the temperature sensor**.
- Also review whether the process is under **excessive load**.

If you want, I can turn this into a quick troubleshooting checklist.","- Blocked vents, dirty filters, or restricted airflow.
- Failed or degraded cooling fan, pump, heat exchanger, or coolant circuit.
- Low, contaminated, or leaking coolant or lubricant.
- Excessive process load, friction, or prolonged low-airflow operation.
- Faulty or poorly calibrated temperature sensor.",b2a1fbed0a
What temperature pattern usually shows up when a heat dissipation failure is starting?,"A Heat Dissipation Failure usually starts showing up as:

## What happens
- **Process or component temperature trends upward**
- **Cooling becomes weaker than expected**
- **Temperature may stay elevated even after load is reduced**

## Why it happens
From the context, the key pattern is a **combined condition**:
- **Low rotational speed**: `Rotational speed [rpm] < 1380`
- **Small temperature gap**: `Process temperature [K] − Air temperature [K] < 8.6 K`

When rotational speed drops, **airflow and mechanical agitation decrease**, so heat is carried away less effectively. If the process temperature is already close to the air temperature, there is **not enough thermal gradient** to push heat out, so heat accumulates.

## Recommended action
- **Check both conditions together**: rotational speed and the process-vs-air temperature gap
- Inspect for **weak cooling performance** or **unstable fan/flow/pressure**
- If temperatures keep rising, the machine may **derate, alarm, or shut down**, so investigate promptly

If you want, I can also turn this into a simple rule/checklist for monitoring.","- Process or component temperature trends upward beyond its normal operating baseline.
- The temperature difference between the machine/process and its cooling medium becomes abnormal.
- Temperature remains elevated after load is reduced.
- Cooling-system status, fan speed, flow, or pressure may be low or unstable.",a4415efbd0
How can I tell if the temperature gap between the machine and its cooling medium is getting abnormal?,"If the gap between the machine/process temperature and the cooling medium temperature is getting abnormal, that points to **Heat Dissipation Failure**.

### What’s happening
The **temperature difference between the machine/process and its cooling medium becomes abnormal**. In the early-warning rule given, this gap is measured as:

- `temp_diff = Process temperature − Air temperature`

A risk pattern is when:

- `temp_diff < 8.6 K`
- and `Rotational speed < 1380 rpm`

### Why this happens
According to the context, when the equipment is running slowly, **airflow and mechanical agitation drop**, so heat is not carried away effectively. If the process and air temperatures are already close together, there is **not enough thermal gradient to push heat out**, so heat accumulates.

### Recommended action
- Verify the temperature reading with a trusted instrument when safe to do so.
- Inspect and clean filters, vents, fans, cooling fins, and heat exchangers.
- Check coolant level, flow, pressure, leakage, and condition.
- Reduce machine load and allow controlled cooling according to the operating procedure.
- Repair or replace defective cooling components and recalibrate faulty sensors.

If you want, I can also help you turn this into a simple monitoring rule or alarm condition.","- Process or component temperature trends upward beyond its normal operating baseline.
- The temperature difference between the machine/process and its cooling medium becomes abnormal.
- Temperature remains elevated after load is reduced.
- Cooling-system status, fan speed, flow, or pressure may be low or unstable.",a4415efbd0
Why would the temperature stay high even after I reduce the load?,"**What’s happening:**  
This most closely matches **Heat Dissipation Failure**. A key sensor signature is that **temperature remains elevated after load is reduced**.

**Why this happens:**  
The context indicates that the machine’s **cooling system is not removing heat effectively**. Relevant signs include:
- **Temperature stays high even after load is reduced**
- **Cooling-system status, fan speed, flow, or pressure may be low or unstable**
- The temperature difference between the machine/process and its cooling medium may be abnormal

**Recommended action:**  
- **Verify the temperature reading** with a trusted instrument if it is safe to do so  
- **Inspect and clean** filters, vents, fans, cooling fins, and heat exchangers  
- **Check coolant level, flow, pressure, leakage, and condition**  
- **Reduce machine load and allow controlled cooling** according to the operating procedure  
- **Repair or replace defective cooling components** and **recalibrate faulty sensors**","- Process or component temperature trends upward beyond its normal operating baseline.
- The temperature difference between the machine/process and its cooling medium becomes abnormal.
- Temperature remains elevated after load is reduced.
- Cooling-system status, fan speed, flow, or pressure may be low or unstable.",a4415efbd0
"What cooling-system signs like fan speed, flow, or pressure should I watch for with this failure?","For this failure, watch for **cooling-system status being low or unstable**, specifically:

- **Fan speed** dropping or fluctuating
- **Flow** being low or unstable
- **Pressure** being low or unstable

Why this matters: the context says Heat Dissipation Failure can be caused by **blocked vents, dirty filters, restricted airflow, failed/degraded cooling fan or pump, low/leaking coolant, or a faulty cooling circuit**, which reduces the system’s ability to remove heat.

What’s happening:
- The machine/process temperature trends upward above its normal baseline
- The temperature difference between the machine/process and the cooling medium becomes abnormal
- Temperature stays elevated even after load is reduced

Recommended action:
- Verify the temperature reading with a trusted instrument when safe
- Inspect and clean filters, vents, fans, cooling fins, and heat exchangers
- Check coolant level, **flow, pressure, leakage, and condition**
- Reduce machine load and allow controlled cooling
- Repair or replace defective cooling components and recalibrate faulty sensors","- Process or component temperature trends upward beyond its normal operating baseline.
- The temperature difference between the machine/process and its cooling medium becomes abnormal.
- Temperature remains elevated after load is reduced.
- Cooling-system status, fan speed, flow, or pressure may be low or unstable.",a4415efbd0
What sensor readings point to a heat dissipation problem on the machine or process?,"A heat dissipation problem is indicated by these sensor readings and patterns:

### Sensor readings / signs
- **Process or component temperature trending upward** beyond its normal baseline.
- **Abnormally high machine or process temperature**.
- **The temperature difference between the machine/process and the cooling medium is abnormal**.
- **Temperature stays elevated after load is reduced**.
- **Cooling-system signals are weak or unstable**: low/unstable fan speed, flow, or pressure.
- In the classic combined-condition case:
  - **Process temperature [K] − Air temperature [K] < 8.6 K**
  - **Rotational speed [rpm] < 1380**

### What’s happening
The machine or process is **not shedding heat effectively**, so heat accumulates locally. This is a **Heat Dissipation Failure** pattern.

### Why it happens
At **low rotational speed**, airflow and mechanical agitation drop, which **reduces convective heat transfer**. If the **process temperature and air temperature are already close together** (small thermal gradient), there is **not enough thermal driving force** to remove the heat.

### Recommended action
- **Check both conditions together**: low rotational speed and small process-to-air temperature gap.
- Inspect the **cooling system** for low or unstable fan speed, flow, or pressure.
- Verify whether the machine is **derating, alarming, or shutting down** due to temperature.
- If possible, reduce load or increase cooling/airflow to bring temperatures back toward normal.","- Process or component temperature trends upward beyond its normal operating baseline.
- The temperature difference between the machine/process and its cooling medium becomes abnormal.
- Temperature remains elevated after load is reduced.
- Cooling-system status, fan speed, flow, or pressure may be low or unstable.",a4415efbd0
What should I do first when a heat dissipation failure shows up on the machine?,"When a heat dissipation failure shows up, the first thing to do is treat it as a **cooling/airflow issue that may need maintenance attention**, even if the machine has not shut down yet.

### What’s happening
The machine is **not shedding heat effectively**. You may see:
- abnormally high machine or process temperature,
- weaker-than-expected cooling,
- temperature rising during sustained or heavy operation,
- a temperature alarm, derating, or shutdown.

### Why it happens
The context says this failure occurs when **both** of these are true:
- **Process temperature − Air temperature < 8.6 K**
- **Rotational speed < 1380 rpm**

At low rotational speed, **airflow and mechanical agitation drop**, so convective heat transfer is reduced. If the process and ambient temperatures are already close, there is **not enough thermal driving force** to remove heat, so heat accumulates.

### Recommended first action
- **Log and escalate it as a maintenance ticket** to inspect the cooling/airflow system.
- Check for **low or unstable fan speed, flow, or pressure**, since the sensor signature can indicate upstream coolant or airflow issues.

If you want, I can also turn this into a short operator checklist.","- Verify the temperature reading with a trusted instrument when safe to do so.
- Inspect and clean filters, vents, fans, cooling fins, and heat exchangers.
- Check coolant level, flow, pressure, leakage, and condition.
- Reduce machine load and allow controlled cooling according to the operating procedure.
- Repair or replace defective cooling components and recalibrate faulty sensors.",c98d530bd3
How do I check whether the temperature reading is actually correct during a cooling issue?,"To check whether the temperature reading is actually correct during a cooling issue, **verify the temperature reading with a trusted instrument when it is safe to do so**.

### What’s happening
A cooling issue may be due to **Heat Dissipation Failure**, where the process or component temperature rises above normal because heat is not being removed effectively.

### Why this can happen
The context says that:
- the **temperature difference between the machine/process and its cooling medium becomes abnormal**, and
- at **low rotational speed**, airflow and mechanical agitation drop, reducing heat removal.
- It also notes that raw temperature values can sometimes look normal individually, so the **temperature gap and cooling conditions** matter.

### Recommended action
- **Verify the temperature reading with a trusted instrument when safe to do so.**
- Also inspect and clean **filters, vents, fans, cooling fins, and heat exchangers**.
- Check **coolant level, flow, pressure, leakage, and condition**.
- Reduce machine load and allow **controlled cooling** according to procedure.
- Repair or replace defective cooling components and **recalibrate faulty sensors** if needed.","- Verify the temperature reading with a trusted instrument when safe to do so.
- Inspect and clean filters, vents, fans, cooling fins, and heat exchangers.
- Check coolant level, flow, pressure, leakage, and condition.
- Reduce machine load and allow controlled cooling according to the operating procedure.
- Repair or replace defective cooling components and recalibrate faulty sensors.",c98d530bd3
What parts should I inspect and clean when the machine is overheating because of poor heat dissipation?,"Inspect and clean these parts:

- Filters
- Vents
- Fans
- Cooling fins
- Heat exchangers

Also, check the coolant system for:

- Coolant level
- Flow
- Pressure
- Leakage
- Condition

What’s happening: the machine is overheating because heat is not being carried away effectively.

Why: the context says heat dissipation failure occurs when airflow/mechanical agitation is reduced and the thermal gradient is too small, so heat accumulates instead of being removed.

Recommended action: verify the temperature safely, reduce machine load, allow controlled cooling, and repair or replace any defective cooling components if needed.","- Verify the temperature reading with a trusted instrument when safe to do so.
- Inspect and clean filters, vents, fans, cooling fins, and heat exchangers.
- Check coolant level, flow, pressure, leakage, and condition.
- Reduce machine load and allow controlled cooling according to the operating procedure.
- Repair or replace defective cooling components and recalibrate faulty sensors.",c98d530bd3
What coolant checks are needed if the cooling system seems weak or the machine is running too hot?,"If the cooling system seems weak or the machine is running too hot, the coolant checks needed are:

### What’s happening
Cooling performance is weaker than expected, and machine or process temperature may be rising beyond normal.

### Why
The context points to these possible coolant-related mechanisms:
- **Low coolant**
- **Contaminated coolant**
- **Leaking coolant**
- **Restricted or poor coolant flow**
- **Low or unstable cooling-system pressure**

### Recommended action
Check:
- **Coolant level**
- **Coolant flow**
- **Coolant pressure**
- **Coolant leakage**
- **Coolant condition**

If overheating is significant, also reduce machine load and allow controlled cooling, and stop the machine if temperature exceeds its approved limit or if there is smoke, odor, leakage, or rapid heating.","- Verify the temperature reading with a trusted instrument when safe to do so.
- Inspect and clean filters, vents, fans, cooling fins, and heat exchangers.
- Check coolant level, flow, pressure, leakage, and condition.
- Reduce machine load and allow controlled cooling according to the operating procedure.
- Repair or replace defective cooling components and recalibrate faulty sensors.",c98d530bd3
"When a heat dissipation fault happens, should I cut the load or keep running until the machine cools down?","A **heat dissipation fault** means the machine is **not getting rid of heat effectively**, so temperature can keep rising during sustained or heavy operation.

### What’s happening
- The machine or process temperature becomes abnormally high.
- Cooling performance is weaker than expected.
- Temperature may keep rising, and the machine may derate, alarm, or shut down.

### Why it happens
- At **low rotational speed**, airflow and mechanical agitation drop, so heat is carried away less effectively.
- If the **process temperature and ambient temperature are already close together** (small thermal gradient), there is not enough driving force to dissipate heat.
- The context also says that if the temperature remains elevated after load is reduced, cooling-system issues may be involved.

### What to do
The recommended action is to **reduce machine load and allow controlled cooling according to the operating procedure**. Also:
- Verify the temperature reading with a trusted instrument when safe.
- Inspect and clean filters, vents, fans, cooling fins, and heat exchangers.
- Check coolant level, flow, pressure, leakage, and condition.
- Repair or replace defective cooling components and recalibrate faulty sensors.

### Direct answer to your question
**Do not just keep running until it cools down.** The context recommends **reducing the load and allowing controlled cooling**.","- Verify the temperature reading with a trusted instrument when safe to do so.
- Inspect and clean filters, vents, fans, cooling fins, and heat exchangers.
- Check coolant level, flow, pressure, leakage, and condition.
- Reduce machine load and allow controlled cooling according to the operating procedure.
- Repair or replace defective cooling components and recalibrate faulty sensors.",c98d530bd3
"What should I do right away if a machine starts overheating or I notice smoke, odor, or leakage?","What’s happening: the machine is likely overheating, and if you notice smoke, odor, or leakage, that is a safety escalation condition.

Why: for Heat Dissipation Failure, the context says heat is not being carried away effectively, so temperature builds up. The specific safety rule is to stop the machine if temperature exceeds its approved limit or if smoke, odor, leakage, or rapid heating occurs.

What to do right away:
1. Stop the machine immediately.
2. Do not open a pressurized or hot cooling system until it has been isolated and cooled.
3. Apply lockout/tagout before accessing fans, pumps, or internal components.
4. Once safe, verify the temperature reading with a trusted instrument.
5. Inspect cooling parts and check coolant level, flow, pressure, leakage, and condition.
6. Escalate the issue to maintenance if overheating recurs.

If you want, I can also turn this into a short emergency checklist.","- Stop the machine if temperature exceeds its approved limit or smoke, odor, leakage, or rapid heating occurs.
- Do not open a pressurized or hot cooling system until it is isolated and cooled.
- Apply lockout/tagout before accessing fans, pumps, or internal components.
- Escalate recurring overheating to maintenance and process engineering.",1fa2bd4467
When is it unsafe to open the cooling system during a heat dissipation problem?,"It is unsafe to open the cooling system if it is **pressurized or still hot**.

**Why:**  
The context says: **“Do not open a pressurized or hot cooling system until it is isolated and cooled.”** During a heat dissipation problem, the system may be overheating, and opening it too early could expose you to hot coolant or pressure.

**Recommended action:**  
- **Stop the machine** if temperature exceeds its approved limit or if smoke, odor, leakage, or rapid heating occurs.  
- **Isolate and allow the cooling system to cool** before opening it.  
- **Apply lockout/tagout** before accessing fans, pumps, or internal components.  
- Then, when safe, **verify temperature**, **inspect/clean cooling components**, **check coolant level/flow/pressure/leakage**, and **repair or replace defective parts**.","- Stop the machine if temperature exceeds its approved limit or smoke, odor, leakage, or rapid heating occurs.
- Do not open a pressurized or hot cooling system until it is isolated and cooled.
- Apply lockout/tagout before accessing fans, pumps, or internal components.
- Escalate recurring overheating to maintenance and process engineering.",1fa2bd4467
"Do I need lockout/tagout before checking fans, pumps, or other internal parts after overheating?","Yes. For **Heat Dissipation Failure**, the context says to **apply lockout/tagout before accessing fans, pumps, or internal components**.

### What’s happening
Overheating can indicate a **heat dissipation failure**. The context says this can happen when airflow and mechanical agitation drop, which reduces heat removal from the process.

### Why
The relevant safety guidance is explicit:
- **Stop the machine** if temperature exceeds its approved limit or if smoke, odor, leakage, or rapid heating occurs.
- **Do not open a pressurized or hot cooling system until it is isolated and cooled.**
- **Apply lockout/tagout before accessing fans, pumps, or internal components.**

### Recommended action
After the equipment is made safe:
- Verify the temperature reading with a trusted instrument when safe.
- Inspect and clean filters, vents, fans, cooling fins, and heat exchangers.
- Check coolant level, flow, pressure, leakage, and condition.
- Reduce machine load and allow controlled cooling per procedure.
- Repair or replace defective cooling components and recalibrate faulty sensors.

If overheating is recurring, escalate to **maintenance and process engineering**.","- Stop the machine if temperature exceeds its approved limit or smoke, odor, leakage, or rapid heating occurs.
- Do not open a pressurized or hot cooling system until it is isolated and cooled.
- Apply lockout/tagout before accessing fans, pumps, or internal components.
- Escalate recurring overheating to maintenance and process engineering.",1fa2bd4467
Which signs mean I should shut the machine down because of heat dissipation failure?,"Signs you should shut the machine down for **heat dissipation failure** include:

### What’s happening
The machine is showing signs that it is **not shedding heat effectively**. Relevant symptoms from the context are:
- **Abnormally high machine or process temperature**
- **Cooling performance weaker than expected**
- **Temperature rising during sustained or heavy operation**
- The machine may **derate**, **trigger a temperature alarm**, or **shut down**
- Temperature may **stay elevated after load is reduced**
- Cooling system indicators like **fan speed, flow, or pressure may be low or unstable**

### Why this is happening
The context says heat dissipation failure occurs when **two conditions happen together**:
1. **Process temperature − Air temperature < 8.6 K**
2. **Rotational speed < 1380 rpm**

The mechanism is that at **low rotational speed**, airflow and mechanical agitation drop, which reduces **convective heat transfer**. If the process and ambient temperatures are already close together, there is not enough thermal driving force to remove heat, so **heat accumulates locally**.

### Recommended action
You should **shut the machine down or stop the process** if you see:
- **Abnormally high temperature**
- **A rising temperature trend during sustained load**
- **Temperature remaining elevated after load is reduced**
- **Temperature alarm or derating**
- Evidence of **poor cooling performance** or unstable cooling-system signals

Also, because sustained low thermal gradient at low speed can indicate upstream coolant or airflow problems, it is worth creating a **maintenance ticket** even if the machine has not yet fully failed.","- Stop the machine if temperature exceeds its approved limit or smoke, odor, leakage, or rapid heating occurs.
- Do not open a pressurized or hot cooling system until it is isolated and cooled.
- Apply lockout/tagout before accessing fans, pumps, or internal components.
- Escalate recurring overheating to maintenance and process engineering.",1fa2bd4467
"If the overheating keeps coming back, who should I report it to?","If the overheating keeps coming back, report it to **maintenance and process engineering**.

Why:
- The context says **“Escalate recurring overheating to maintenance and process engineering.”**

Recommended action:
- Since this is associated with **Heat Dissipation Failure**, also **check whether the machine needs to be stopped** if the temperature exceeds its approved limit or if there is smoke, odor, leakage, or rapid heating.
- If it is not an immediate halt situation, route it through the **standard maintenance queue**.","- Stop the machine if temperature exceeds its approved limit or smoke, odor, leakage, or rapid heating occurs.
- Do not open a pressurized or hot cooling system until it is isolated and cooled.
- Apply lockout/tagout before accessing fans, pumps, or internal components.
- Escalate recurring overheating to maintenance and process engineering.",1fa2bd4467
What signs usually show up when the machine is under too much load or torque and starts failing?,"When the machine is under too much load or torque and starts failing, the main signs are:

### What’s happening
- **Torque, force, strain, or motor current rises above the normal baseline.**
- **High load persists or increases while speed or output decreases.**
- **Vibration or acoustic-emission levels increase under load.**
- **Tool-wear indicators and load measurements deteriorate together.**

### Why this happens
- This matches **Overstrain Failure**: the machine is being pushed beyond its normal load capacity, so load-related measurements climb while performance drops.
- In related cases, the machine may also show **Power Failure** behavior if the power becomes unstable or too high/low for the commanded load, including **motor speed or torque being unstable or insufficient** and possible **overload alarms**.

### Recommended action
- **Reduce the load or torque immediately.**
- **Monitor torque, motor current, speed, vibration, and wear indicators together** rather than in isolation.
- **Check for overload conditions, tool wear, or mechanical resistance** if the problem repeats.
- If power is also abnormal, verify the derived power metric since failure can occur when computed power goes **above 9000 W** or **below 3500 W**.","- Excessive mechanical load, torque, vibration, or deformation.
- Reduced speed, poor process quality, or difficulty completing the operation.
- Accelerated wear, cracking, bending, or breakage of tools or components.
- Overload or torque-limit alarms may occur.",da179b1e6d
How can I tell if overstrain is causing slower speed or worse process quality during operation?,"Yes. For **Overstrain Failure**, slower speed or worse process quality during operation are listed as symptoms.

### What’s happening
You may observe:
- **Reduced speed**
- **Poor process quality**
- **Difficulty completing the operation**

### Why this can happen
The context says overstrain failure occurs when **accumulated mechanical strain** — the product of **tool wear and torque** — exceeds a **variant-specific threshold**. When that happens, the machine can become overloaded, which can show up as slower operation or degraded output quality.

It is also **product-quality-dependent**, meaning the same torque and wear can be acceptable for one product variant but excessive for another.

### Recommended action
- Check for **excessive mechanical load, torque, vibration, or deformation**
- Look for **overload or torque-limit alarms**
- Verify the **product Type / quality variant** before judging whether the strain is abnormal
- Treat threshold breaches as a **high-priority mechanical risk** because overstrain can lead to **tool or workpiece failure**","- Excessive mechanical load, torque, vibration, or deformation.
- Reduced speed, poor process quality, or difficulty completing the operation.
- Accelerated wear, cracking, bending, or breakage of tools or components.
- Overload or torque-limit alarms may occur.",da179b1e6d
"What symptoms point to excessive vibration, deformation, or mechanical stress in a machine component?","The symptoms that point to **excessive vibration, deformation, or mechanical stress** are:

### What’s happening
- **Excessive mechanical load, torque, vibration, or deformation**
- **Reduced speed**, **poor process quality**, or **difficulty completing the operation**
- **Accelerated wear**, **cracking**, **bending**, or **breakage** of tools or components
- **Overload** or **torque-limit alarms**

### Why this points to overstrain
The context describes this as **Overstrain Failure**, where the machine or component is subjected to mechanical load or torque beyond what it can safely handle, leading to vibration, deformation, and potential damage.

### Recommended action
- **Stop immediately** if **cracking, severe vibration, jamming, deformation, or imminent breakage** is suspected.
- **Keep personnel clear** of stored-energy and potential fragment-ejection zones.
- **Isolate mechanical, hydraulic, pneumatic, and electrical energy** before inspection.
- **Escalate repeated overstrain events** to maintenance, reliability, and process engineering.","- Excessive mechanical load, torque, vibration, or deformation.
- Reduced speed, poor process quality, or difficulty completing the operation.
- Accelerated wear, cracking, bending, or breakage of tools or components.
- Overload or torque-limit alarms may occur.",da179b1e6d
What kinds of damage should I watch for if a tool or part is being pushed past its limit?,"If a tool or part is being pushed past its limit, watch for **mechanical damage signs** such as:

- **Cracking**
- **Bending**
- **Breakage**
- **Deformation**
- **Accelerated wear**
- **Equipment damage** from excessive load

### What’s happening
The part is experiencing **excessive mechanical load / overstrain**, which can reduce speed, hurt process quality, and eventually cause the tool or component to fail.

### Why this happens
From the context, **Overstrain Failure** is linked to:
- excessive **mechanical load, torque, vibration, or deformation**
- **accelerated wear, cracking, bending, or breakage** of tools or components

Also, **overpower events** can create higher acute mechanical risk and potential equipment damage.

### Recommended action
- **Treat the condition as a high-priority issue**
- Check whether **torque, load, vibration, or deformation** are too high
- If relevant, verify the **product type**, since strain limits depend on the variant
- Stop or reduce the load before damage progresses further","- Excessive mechanical load, torque, vibration, or deformation.
- Reduced speed, poor process quality, or difficulty completing the operation.
- Accelerated wear, cracking, bending, or breakage of tools or components.
- Overload or torque-limit alarms may occur.",da179b1e6d
"Can overstrain failure trigger alarms, and if so, what warning messages or faults might appear?","Yes. Overstrain failure can trigger alarms.

### What’s happening
Overstrain Failure occurs when accumulated mechanical strain becomes too high. The context says the key indicator is:

`strain_indicator = Tool wear [min] × Torque [Nm]`

If this exceeds the product-variant threshold, the failure can occur. Thresholds are variant-specific:
- Low (L): about 11,000 min·Nm
- Medium (M): about 12,000 min·Nm
- High (H): about 13,000 min·Nm

### Why it happens
The mechanism is excessive mechanical load/strain. The context notes symptoms such as:
- excessive mechanical load, torque, vibration, or deformation
- reduced speed, poor process quality, or difficulty completing the operation
- accelerated wear, cracking, bending, or breakage of tools or components

### Warning messages or faults that might appear
The context specifically says:
- **Overload alarms**
- **Torque-limit alarms**

It does not list any other exact warning text or fault codes.

### Recommended action
Treat threshold breaches as high priority, because OSF represents a genuine mechanical overstrain risk and can lead to tool or workpiece failure. In practice, reduce the load/torque and inspect tool wear and the affected components before continuing.","- Excessive mechanical load, torque, vibration, or deformation.
- Reduced speed, poor process quality, or difficulty completing the operation.
- Accelerated wear, cracking, bending, or breakage of tools or components.
- Overload or torque-limit alarms may occur.",da179b1e6d
What usually causes an overstrain failure on the machine or tool?,"Overstrain failure usually happens when **mechanical strain builds up too much from the combination of tool wear and applied torque**.

### What’s happening
The machine/tool fails because the **strain indicator** gets too high:

`strain_indicator = Tool wear [min] × Torque [Nm]`

So it’s not just wear or torque by themselves — it’s their **product**. A worn tool under moderate torque, or a less-worn tool under very high torque, can both trigger the failure.

### Why it happens
The context says this represents **genuine mechanical overstrain risk** and can lead to **tool or workpiece failure**. The failure occurs when the strain indicator exceeds the **variant-specific threshold**:
- **L:** about 11,000 min·Nm
- **M:** about 12,000 min·Nm
- **H:** about 13,000 min·Nm

### Recommended action
- **Compute the product** of tool wear and torque for the machine’s `Type` (L/M/H).
- **Treat threshold breaches as high priority**, higher than TWF alone.
- If the value is near or above the threshold, **reduce torque and/or replace the worn tool** to lower the strain.","- Operating load exceeds the tool or component's rated capacity.
- A worn or damaged tool requires greater force to perform the process.
- Misalignment, jamming, improper feed, or unsuitable work material.
- Incorrect operating parameters or tooling selection.
- Weak, fatigued, or improperly installed mechanical components.",6fda618d5b
"Can a worn or damaged tool lead to overstrain failure, and why does that happen?","Yes. A worn or damaged tool can lead to Overstrain Failure.

### What’s happening
Overstrain Failure occurs when the combined mechanical strain becomes too high. The context defines this as:

`strain_indicator = Tool wear [min] × Torque [Nm]`

If this value exceeds the variant-specific threshold, OSF can occur.

### Why it happens
A worn or damaged tool needs greater force to do the same work, so strain builds up faster. In other words, the more worn the tool is, and the more torque is applied, the higher the accumulated strain. The context also notes that OSF can result from:

- operating load exceeding rated capacity
- a worn or damaged tool requiring greater force
- misalignment, jamming, improper feed, or unsuitable material
- incorrect operating parameters or tooling selection
- weak or improperly installed components

### Recommended action
- Treat threshold breaches as high priority.
- Check the combined wear-and-torque value, not wear or torque alone.
- Compare `Tool wear × Torque` against the correct threshold for the tool variant:
  - L ≈ 11,000 min·Nm
  - M ≈ 12,000 min·Nm
  - H ≈ 13,000 min·Nm
- Reduce torque, replace the worn/damaged tool, and inspect for process or alignment issues if the value is near or above threshold.","- Operating load exceeds the tool or component's rated capacity.
- A worn or damaged tool requires greater force to perform the process.
- Misalignment, jamming, improper feed, or unsuitable work material.
- Incorrect operating parameters or tooling selection.
- Weak, fatigued, or improperly installed mechanical components.",6fda618d5b
"How do misalignment, jamming, or wrong feed settings contribute to overstrain failure?","Misalignment, jamming, or wrong feed settings can cause **overstrain failure** by making the tool or component experience **excessive mechanical strain** during operation.

### What’s happening
The equipment is being forced to work under conditions that increase load beyond what it can safely handle.

### Why it happens
From the context, the relevant mechanism is:
- **Misalignment, jamming, improper feed** can increase resistance and force the tool/component to work harder.
- This contributes to **operating load exceeding the tool or component’s rated capacity**.
- If the tool is already worn or damaged, it may require **even greater force** to complete the process, worsening the overstrain.

### Recommended action
- **Stop or reduce the load** according to the approved operating procedure.
- **Inspect alignment, lubrication, material feed, clamping, and process settings**.
- Check the tool and loaded components for **wear, cracks, deformation, or looseness**.
- Replace damaged or end-of-life tooling and components.
- Verify that equipment and tool ratings match the intended operation.","- Operating load exceeds the tool or component's rated capacity.
- A worn or damaged tool requires greater force to perform the process.
- Misalignment, jamming, improper feed, or unsuitable work material.
- Incorrect operating parameters or tooling selection.
- Weak, fatigued, or improperly installed mechanical components.",6fda618d5b
Could using the wrong operating parameters or tooling be the reason for an overstrain failure?,"Yes. The context explicitly lists **“incorrect operating parameters or tooling selection”** as a root cause of **Overstrain Failure**.

### What’s happening
An overstrain failure occurs when the tool or component is subjected to mechanical strain beyond its safe limit.

### Why it can happen
Relevant mechanisms from the context include:
- **Incorrect operating parameters or tooling selection**
- **Operating load exceeds the tool or component’s rated capacity**
- **Misalignment, jamming, improper feed, or unsuitable work material**
- **A worn or damaged tool requires greater force**
- In the strain model, failure happens when **tool wear × torque** exceeds a variant-specific threshold

### Recommended action
- **Stop or reduce the load** according to the approved operating procedure
- **Inspect** the tool and loaded components for wear, cracks, deformation, or looseness
- **Check** alignment, lubrication, material feed, clamping, and process settings
- **Replace** damaged or end-of-life tooling and components
- **Verify** that the equipment and tool ratings match the intended operation

So, using the wrong operating parameters or tooling **can indeed be the reason** for an overstrain failure.","- Operating load exceeds the tool or component's rated capacity.
- A worn or damaged tool requires greater force to perform the process.
- Misalignment, jamming, improper feed, or unsuitable work material.
- Incorrect operating parameters or tooling selection.
- Weak, fatigued, or improperly installed mechanical components.",6fda618d5b
Which mechanical parts or installation issues can make an overstrain failure more likely?,"An overstrain failure is more likely when the tool is **more worn** and/or the **applied torque is higher**, because accumulated strain is:

\[
\text{strain indicator} = \text{Tool wear [min]} \times \text{Torque [Nm]}
\]

So, the relevant mechanical condition is **tool wear**, and the operating condition is **high torque**.

Also, the failure threshold depends on the **product variant**, so the same wear-and-torque combination may be safe for one variant but not another.

### What’s happening
The tool/workpiece can fail when the strain indicator exceeds the variant-specific threshold:
- Low (L): ~11,000 min·Nm
- Medium (M): ~12,000 min·Nm
- High (H): ~13,000 min·Nm

### Why this happens
The context states that overstrain risk comes from the combination of:
- **how worn the tool is**
- **how much torque is currently being applied**

### Recommended action
- Treat threshold breaches as high priority.
- **Stop immediately** if cracking, severe vibration, jamming, deformation, or imminent breakage is suspected.
- Keep personnel clear of stored-energy and fragment-ejection zones.
- Isolate mechanical, hydraulic, pneumatic, and electrical energy before inspection.
- Escalate repeated overstrain events to maintenance, reliability, and process engineering.

If you want, I can also turn this into a short checklist for operators or maintenance staff.","- Operating load exceeds the tool or component's rated capacity.
- A worn or damaged tool requires greater force to perform the process.
- Misalignment, jamming, improper feed, or unsuitable work material.
- Incorrect operating parameters or tooling selection.
- Weak, fatigued, or improperly installed mechanical components.",6fda618d5b
What sensor readings usually show up when overstrain failure starts on a machine?,"When **overstrain failure** starts, the key sign is **high strain from the combination of tool wear and torque**, not a single sensor by itself.

### What’s happening
The machine becomes overstrained when this derived value gets too large:

`strain_indicator = Tool wear [min] × Torque [Nm]`

### Why this happens
According to the context, **strain accumulates as a function of both how worn the tool is and how much torque is being applied**. The same sensor readings may be safe on one product type and a failure on another because each **Type** has its own threshold:

- **L:** about **11,000 min·Nm**
- **M:** about **12,000 min·Nm**
- **H:** about **13,000 min·Nm**

### Recommended action
- **Monitor tool wear and torque together**, not separately.
- **Compute the strain indicator** and compare it to the threshold for the product Type.
- Treat a threshold breach as **high priority**, since OSF is a **genuine mechanical overstrain risk** and can lead to **tool or workpiece failure**.

If you want, I can also summarize this as a simple rule for operators or a monitoring checklist.","- Torque, force, strain, or motor current rises above the normal process baseline.
- High load persists or increases while speed or output decreases.
- Vibration or acoustic-emission levels increase under load.
- Tool-wear indicators and load measurements deteriorate together.",b2d23ef2a6
"How can I tell from torque, force, strain, or motor current that the machine is being overstrained?","Yes — from **torque, force, strain, or motor current**, overstrain looks like a **load that is rising above the normal baseline and staying high or getting worse**.

### What’s happening
You’re likely seeing:
- **Torque, force, strain, or motor current rise above the normal process baseline**
- **High load persists or increases while speed or output decreases**
- Often, **vibration or acoustic emission also increases under load**
- **Tool-wear indicators and load measurements deteriorate together**

### Why this indicates overstrain
From the context, overstrain is tied to the mechanism:

`strain_indicator = Tool wear [min] × Torque [Nm]`

So overstrain becomes more likely when:
- the **tool is worn**, and
- **torque/load is high**

In other words, **higher applied torque combined with tool wear increases strain accumulation**.

### Recommended action
- **Compare the signal to the normal process baseline**
- If torque/force/strain/current are high and **speed or output is dropping**, treat it as an overstrain condition
- **Reduce load and inspect tool wear**
- Check whether **vibration or acoustic-emission levels are also increasing**
- If both **tool-wear indicators and load measurements are worsening together**, service or replace the tool before continuing

If you want, I can also turn this into a simple **rule-based checklist or threshold logic** for monitoring.","- Torque, force, strain, or motor current rises above the normal process baseline.
- High load persists or increases while speed or output decreases.
- Vibration or acoustic-emission levels increase under load.
- Tool-wear indicators and load measurements deteriorate together.",b2d23ef2a6
What does it mean if load keeps going up while speed or output drops off?,"This means the machine is likely experiencing **Overstrain Failure**.

### What’s happening
- **Load is rising** while **speed or output is dropping**.
- That pattern matches the sensor signature where **high load persists or increases while speed or output decreases**.

### Why this happens
- The machine is being **overloaded beyond normal operating strain**.
- The context says this kind of failure shows up when **torque, force, strain, or motor current rises above the normal process baseline**, while **speed or output falls off**.
- It can also be accompanied by **increasing vibration or acoustic emission** under load.

### Recommended action
- **Reduce the load** or stop the process if possible.
- Check for **tool wear** and other signs of mechanical strain.
- Compare the readings against the product **Type** variant, since **L/M/H** each have different overstrain thresholds.
- Investigate whether the load and tool-wear indicators are deteriorating together, which would support Overstrain Failure.","- Torque, force, strain, or motor current rises above the normal process baseline.
- High load persists or increases while speed or output decreases.
- Vibration or acoustic-emission levels increase under load.
- Tool-wear indicators and load measurements deteriorate together.",b2d23ef2a6
Can rising vibration or acoustic emission under load be a sign of overstrain failure?,"Yes. Rising vibration or acoustic emission under load can be a sign of **Overstrain Failure**.

### What’s happening
Under overstrain, the machine or tool is being subjected to **excessive mechanical load**. The context says the sensor signature includes:

- **Vibration or acoustic-emission levels increase under load**
- Torque, force, strain, or motor current rising above the normal baseline
- High load persisting or increasing while speed or output decreases

### Why this happens
The mechanism given in the context is that **strain accumulates as a function of both tool wear and applied torque**:

\[
\text{strain_indicator} = \text{Tool wear [min]} \times \text{Torque [Nm]}
\]

So if load is increasing and the system is already worn or stressed, vibration/acoustic emission can rise as the structure is being overstrained.

### Recommended action
- **Treat it as a higher-priority fault if threshold breaches occur**
- **Stop immediately** if there is cracking, severe vibration, jamming, deformation, or imminent breakage
- Keep personnel clear of any stored-energy or fragment-ejection zones
- Isolate mechanical, hydraulic, pneumatic, and electrical energy before inspection
- Escalate repeated overstrain events to maintenance, reliability, and process engineering","- Torque, force, strain, or motor current rises above the normal process baseline.
- High load persists or increases while speed or output decreases.
- Vibration or acoustic-emission levels increase under load.
- Tool-wear indicators and load measurements deteriorate together.",b2d23ef2a6
What combination of tool-wear signs and load measurements points to overstrain failure?,"A combination that points to **Overstrain Failure** is:

- **Tool-wear indicators are worsening** at the same time as
- **Load measurements rise above normal** — especially **torque, force, strain, or motor current** increasing, with **high load persisting or increasing while speed/output drops**.

### What’s happening
The tool and the load are degrading together: the tool is wearing while the machine is being pushed harder than normal.

### Why this indicates overstrain
The context says Overstrain Failure occurs when:

- **Torque, force, strain, or motor current rises above the normal process baseline**
- **High load persists or increases while speed or output decreases**
- **Tool-wear indicators and load measurements deteriorate together**

Mechanistically, the root cause is:

- `strain_indicator = Tool wear [min] × Torque [Nm]`

So overstrain risk increases when **wear and torque combine** to push the strain indicator past the threshold.

### Recommended action
- Treat this as a **higher-priority mechanical risk**
- **Compute the wear × torque product** against the variant-specific threshold for the tool type
- If threshold is breached, **reduce load / torque and inspect the tool and process immediately**","- Torque, force, strain, or motor current rises above the normal process baseline.
- High load persists or increases while speed or output decreases.
- Vibration or acoustic-emission levels increase under load.
- Tool-wear indicators and load measurements deteriorate together.",b2d23ef2a6
What should I do first when an overstrain failure shows up during operation?,"What’s happening: an overstrain failure indicates genuine mechanical overstrain risk, which can lead to tool or workpiece failure.

Why: the strain builds from both tool wear and applied torque, with failure occurring when the strain indicator exceeds the variant-specific threshold:
`strain_indicator = Tool wear [min] × Torque [Nm]`

What to do first: stop or reduce the load according to the approved operating procedure.

Then:
- Inspect the tool and loaded components for wear, cracks, deformation, or looseness.
- Check alignment, lubrication, material feed, clamping, and process settings.
- Replace damaged or end-of-life tooling and components.
- Verify that the equipment and tool ratings match the intended operation.

Also, treat threshold breaches as higher priority than TWF alone.","- Stop or reduce the load according to the approved operating procedure.
- Inspect the tool and loaded components for wear, cracks, deformation, or looseness.
- Check alignment, lubrication, material feed, clamping, and process settings.
- Replace damaged or end-of-life tooling and components.
- Verify that the equipment and tool ratings match the intended operation.",e9380cebc6
"How do I check the tool and loaded parts for wear, cracks, deformation, or looseness after an overstrain issue?","What’s happening:
- After an overstrain issue, the tool and loaded components may be affected by **wear, cracks, deformation, or looseness**.

Why this can happen:
- The context says overstrain occurs when mechanical load/torque is too high relative to tool wear, with the mechanism:
  - `strain_indicator = Tool wear [min] × Torque [Nm]`
- When this strain gets too high, symptoms can include:
  - **deformation**
  - **cracking**
  - **bending or breakage**
  - **excessive vibration or load**

Recommended action:
- **Stop or reduce the load** according to the approved operating procedure.
- **Inspect the tool and loaded components** for:
  - wear
  - cracks
  - deformation
  - looseness
- Also check:
  - alignment
  - lubrication
  - material feed
  - clamping
  - process settings
- **Replace damaged or end-of-life tooling and components.**
- Verify the **equipment and tool ratings match the intended operation**.

If you want, I can turn this into a short inspection checklist.","- Stop or reduce the load according to the approved operating procedure.
- Inspect the tool and loaded components for wear, cracks, deformation, or looseness.
- Check alignment, lubrication, material feed, clamping, and process settings.
- Replace damaged or end-of-life tooling and components.
- Verify that the equipment and tool ratings match the intended operation.",e9380cebc6
"What machine settings and conditions should I inspect when overstrain failure happens, like alignment, lubrication, feed, or clamping?","When **overstrain failure** happens, inspect these machine settings and conditions:

### What’s happening
The system is seeing **genuine mechanical overstrain risk**, which can lead to **tool or workpiece failure**.

### Why it happens
Relevant causes from the context include:
- **Operating load exceeds the tool or component’s rated capacity**
- **Worn or damaged tooling** needing more force to do the process
- **Misalignment**
- **Jamming**
- **Improper feed**
- **Unsuitable work material**
- **Incorrect operating parameters or tooling selection**
- **Weak, fatigued, or improperly installed components**

The context also notes that strain accumulates with:
- **Tool wear × Torque**
  - `strain_indicator = Tool wear [min] × Torque [Nm]`

### What to inspect
Check:
- **Alignment**
- **Lubrication**
- **Material feed**
- **Clamping**
- **Process settings**
- The **tool and loaded components** for:
  - wear
  - cracks
  - deformation
  - looseness
- Whether **equipment and tool ratings** match the intended operation

### Recommended action
- **Stop or reduce the load** according to the approved operating procedure
- **Inspect** the tool and loaded components for damage or looseness
- **Replace** damaged or end-of-life tooling/components
- **Verify ratings** match the intended operation

If you want, I can turn this into a short maintenance checklist.","- Stop or reduce the load according to the approved operating procedure.
- Inspect the tool and loaded components for wear, cracks, deformation, or looseness.
- Check alignment, lubrication, material feed, clamping, and process settings.
- Replace damaged or end-of-life tooling and components.
- Verify that the equipment and tool ratings match the intended operation.",e9380cebc6
When should worn or damaged tooling and components be replaced after an overstrain failure?,"Worn or damaged tooling and components should be replaced **after inspection if they are found to be worn, cracked, deformed, loose, or end-of-life** following an overstrain failure.

### What’s happening
An overstrain failure means the equipment or tool has been subjected to excessive mechanical strain and may be at risk of failure.

### Why
The context states that strain accumulates based on both:
- **tool wear**, and
- **applied torque**

using:

`strain_indicator = Tool wear [min] × Torque [Nm]`

When this value exceeds the variant-specific threshold, overstrain failure occurs.

### Recommended action
- **Stop or reduce the load** according to the approved operating procedure.
- **Inspect the tool and loaded components** for wear, cracks, deformation, or looseness.
- **Replace damaged or end-of-life tooling and components.**
- Check alignment, lubrication, material feed, clamping, and process settings.
- Verify that equipment and tool ratings match the intended operation.","- Stop or reduce the load according to the approved operating procedure.
- Inspect the tool and loaded components for wear, cracks, deformation, or looseness.
- Check alignment, lubrication, material feed, clamping, and process settings.
- Replace damaged or end-of-life tooling and components.
- Verify that the equipment and tool ratings match the intended operation.",e9380cebc6
How can I verify that the machine and tool ratings are suitable for the job to avoid overstrain failure?,"To verify the machine and tool ratings are suitable for the job, check that the equipment and tool ratings match the intended operation.

What’s happening:
- Overstrain Failure happens when accumulated mechanical strain gets too high.
- The relevant mechanism is: `strain_indicator = Tool wear [min] × Torque [Nm]`.
- This means both tool wear and applied torque matter together; either one alone is not enough to judge safety.

Why this matters:
- A worn tool under moderate torque, or a fresh tool under high torque, can both exceed the overstrain threshold.
- The context says to compare this product against the variant-specific threshold for the product’s Type (L/M/H), rather than assuming the tool is safe based on wear alone.

Recommended action:
- Verify that the equipment and tool ratings match the intended operation.
- If needed, stop or reduce the load according to the approved operating procedure.
- Also inspect the tool and loaded components for wear, cracks, deformation, or looseness, and replace damaged or end-of-life tooling and components.","- Stop or reduce the load according to the approved operating procedure.
- Inspect the tool and loaded components for wear, cracks, deformation, or looseness.
- Check alignment, lubrication, material feed, clamping, and process settings.
- Replace damaged or end-of-life tooling and components.
- Verify that the equipment and tool ratings match the intended operation.",e9380cebc6
"When should I stop the machine right away if I suspect overstrain, like cracking, heavy vibration, jamming, deformation, or parts about to break?","Stop the machine **immediately** if you suspect overstrain and you see any of these signs:

- **Cracking**
- **Severe/heavy vibration**
- **Jamming**
- **Deformation**
- **Imminent breakage** of parts or tools

### What’s happening
This points to an **Overstrain Failure** condition, where the machine or tool is under excessive mechanical load, torque, vibration, or deformation.

### Why this matters
The context says overstrain can lead to:

- **Accelerated wear, cracking, bending, or breakage** of tools or components
- **High load persisting or increasing while speed/output decreases**
- Possible **stored-energy release** and **fragment ejection**

### Recommended action
- **Stop immediately** if those symptoms are suspected.
- Keep personnel clear of **stored-energy** and **fragment-ejection** zones.
- **Isolate mechanical, hydraulic, pneumatic, and electrical energy** before inspection.
- Inspect for wear, cracks, deformation, looseness, alignment issues, lubrication problems, material feed issues, clamping issues, and incorrect process settings.
- Replace damaged or worn tooling/components.
- Escalate repeated events to **maintenance, reliability, and process engineering**.","- Stop immediately if cracking, severe vibration, jamming, deformation, or imminent breakage is suspected.
- Keep personnel clear of stored-energy and potential fragment-ejection zones.
- Isolate mechanical, hydraulic, pneumatic, and electrical energy before inspection.
- Escalate repeated overstrain events to maintenance, reliability, and process engineering.",fc4efb8a87
What safety steps should I take to keep people clear of stored energy and possible flying fragments during an overstrain issue?,"For an **overstrain issue**, the main safety steps are:

1. **Stop immediately** if you suspect:
   - cracking
   - severe vibration
   - jamming
   - deformation
   - imminent breakage

2. **Keep personnel clear** of:
   - **stored-energy zones**
   - **potential fragment-ejection zones**

3. **Isolate all energy sources before inspection**:
   - mechanical
   - hydraulic
   - pneumatic
   - electrical

4. **Escalate repeated overstrain events** to:
   - maintenance
   - reliability
   - process engineering

Why this matters:
- The context says **OSF represents genuine mechanical overstrain risk** and can lead to **tool or workpiece failure**.
- The strain mechanism is tied to **tool wear × torque**, so as wear and torque increase, the risk of failure rises.

If you want, I can also turn this into a short site-ready safety checklist.","- Stop immediately if cracking, severe vibration, jamming, deformation, or imminent breakage is suspected.
- Keep personnel clear of stored-energy and potential fragment-ejection zones.
- Isolate mechanical, hydraulic, pneumatic, and electrical energy before inspection.
- Escalate repeated overstrain events to maintenance, reliability, and process engineering.",fc4efb8a87
"Do I need to isolate the mechanical, hydraulic, pneumatic, and electrical energy before checking an overstrain failure?","Yes. For an **overstrain failure**, the context explicitly says to **isolate mechanical, hydraulic, pneumatic, and electrical energy before inspection**.

### What’s happening
An overstrain failure means the equipment is at risk of **mechanical overstrain**, which can lead to **tool or workpiece failure**.

### Why
The context notes that strain builds from:
- **tool wear**
- **applied torque**

with the mechanism:

\[
\text{strain indicator} = \text{Tool wear [min]} \times \text{Torque [Nm]}
\]

So if overstrain is suspected, there may be stored energy or a failure risk that makes inspection unsafe unless energies are isolated.

### Recommended action
- **Stop immediately** if there is cracking, severe vibration, jamming, deformation, or imminent breakage.
- **Keep personnel clear** of stored-energy and fragment-ejection zones.
- **Isolate mechanical, hydraulic, pneumatic, and electrical energy before inspection.**
- **Escalate repeated overstrain events** to maintenance, reliability, and process engineering.

","- Stop immediately if cracking, severe vibration, jamming, deformation, or imminent breakage is suspected.
- Keep personnel clear of stored-energy and potential fragment-ejection zones.
- Isolate mechanical, hydraulic, pneumatic, and electrical energy before inspection.
- Escalate repeated overstrain events to maintenance, reliability, and process engineering.",fc4efb8a87
Who should I notify if the machine keeps having overstrain events?,"If the machine keeps having **overstrain events**, you should notify:

1. **Maintenance**
2. **Reliability**
3. **Process engineering**

Because repeated overstrain events should be escalated to those teams.

Also, if the event is severe or meets the halt criteria, it should be routed **immediately to the line supervisor**.

**Why:** Overstrain failure indicates genuine mechanical overstrain risk and can lead to **tool or workpiece failure**. The mechanism given is:

- `strain_indicator = Tool wear [min] × Torque [Nm]`

**Recommended action:**
- **Stop immediately** if there is cracking, severe vibration, jamming, deformation, or imminent breakage.
- Keep personnel clear of stored-energy and fragment-ejection zones.
- Isolate mechanical, hydraulic, pneumatic, and electrical energy before inspection.
- Escalate the repeated events to the teams above.","- Stop immediately if cracking, severe vibration, jamming, deformation, or imminent breakage is suspected.
- Keep personnel clear of stored-energy and potential fragment-ejection zones.
- Isolate mechanical, hydraulic, pneumatic, and electrical energy before inspection.
- Escalate repeated overstrain events to maintenance, reliability, and process engineering.",fc4efb8a87
"For overstrain failure, what escalation and safety precautions should the operator follow before inspection?","For **Overstrain Failure**, the operator should treat it as a **genuine mechanical overstrain risk** that can lead to **tool or workpiece failure**.

### What’s happening
Overstrain failure indicates the tool is under too much mechanical strain, and the context says this can cause **cracking, severe vibration, jamming, deformation, or imminent breakage**.

### Why
The context explains that strain accumulates based on:

- **Tool wear**
- **Applied torque**

So the risk increases when a worn tool is subjected to high torque.

### Recommended escalation and safety precautions before inspection
- **Stop immediately** if any of the following are suspected:  
  cracking, severe vibration, jamming, deformation, or imminent breakage
- **Keep personnel clear** of:
  - stored-energy zones
  - potential fragment-ejection zones
- **Isolate all energy sources before inspection**:
  - mechanical
  - hydraulic
  - pneumatic
  - electrical
- **Escalate repeated overstrain events** to:
  - maintenance
  - reliability
  - process engineering

Also, the context says **threshold breaches should be treated as higher priority than TWF alone**.","- Stop immediately if cracking, severe vibration, jamming, deformation, or imminent breakage is suspected.
- Keep personnel clear of stored-energy and potential fragment-ejection zones.
- Isolate mechanical, hydraulic, pneumatic, and electrical energy before inspection.
- Escalate repeated overstrain events to maintenance, reliability, and process engineering.",fc4efb8a87
"What signs usually show up when there’s a power failure on the machine, like a sudden stop or it won’t start at all?","Yes — the usual signs of a **power failure** are:

### What’s happening
- **Unexpected loss of power**
- The **machine stops suddenly**
- The **machine won’t start**
- The **motor speed or torque becomes unstable or too low** for the commanded load
- The machine may draw **unusually high or low power**

### Why it happens
According to the context, power failure is linked to the machine’s delivered power falling outside the safe operating range:

- **Too low power**: `Power < 3500 W`  
  - This means **insufficient torque/speed**, which can cause an incomplete or stalled process.
- **Too high power**: `Power > 9000 W`  
  - This means **excessive torque relative to speed**, which can lead to overload.

Related sensor signs can include:
- **Voltage, current, power, torque, or speed deviating** from the normal load pattern
- **Commanded speed not matching measured speed**
- **Current or power rising while speed falls**
- **Sudden voltage loss or fluctuation**

### Recommended action
- Check the machine’s **power, voltage, current, torque, and speed** for abnormal behavior
- Verify whether the calculated power is **below 3500 W or above 9000 W**
- Look for **voltage loss, undervoltage, overcurrent, or overload alarms**
- If the machine has stopped or won’t start, inspect for a **power supply issue or load condition causing insufficient/excessive power**","- Unexpected loss of power, machine stoppage, or failure to start.
- Motor speed or torque is unstable or insufficient for the commanded load.
- Electrical protection, overload, undervoltage, or overcurrent alarms may activate.
- The machine may draw unusually high or low power.",3bdafab7ad
How can I tell if the motor is getting unstable speed or not enough torque because of a power issue?,"What’s happening:  
- The motor may have a **Power Failure** condition if its **speed or torque is unstable or insufficient for the commanded load**.  
- A classic sign is a **compensatory pattern**: **very high torque with very low speed**, or **very high speed with very low torque**.

Why this indicates a power issue:  
- Power is **not measured directly**; it is **derived** from torque and speed:  
  `Power [W] = Torque [Nm] × Rotational speed [rpm] × (2π / 60)`  
- Even if torque or speed looks acceptable on its own, the **computed power** can still fall outside the safe band.  
- The failure condition is when computed power is **below 3500 W** (underpowered) or **above 9000 W** (overpowered).

Recommended action:  
1. **Calculate and monitor computed power** as a real-time metric, not torque and speed separately.  
2. Check whether power is trending outside the **3500–9000 W** band.  
3. If it is drifting without an obvious setpoint change, **investigate drive/motor calibration**.  
4. If power is approaching a limit, **adjust torque or speed setpoints** before the process becomes unstable or stalls.","- Unexpected loss of power, machine stoppage, or failure to start.
- Motor speed or torque is unstable or insufficient for the commanded load.
- Electrical protection, overload, undervoltage, or overcurrent alarms may activate.
- The machine may draw unusually high or low power.",3bdafab7ad
"What kind of alarms should I expect during a power failure, such as overload, undervoltage, or overcurrent warnings?","During a **power failure**, you can expect **electrical protection alarms**, including:

- **Overload alarms**
- **Undervoltage alarms**
- **Overcurrent alarms**

### What’s happening
The machine may have an **unexpected loss of power**, **machine stoppage**, or **failure to start**. Motor speed or torque may become **unstable or insufficient for the commanded load**, and the machine may draw **unusually high or low power**.

### Why this happens
According to the context, power failure occurs when the **mechanical power delivered to the process falls outside a safe operating band**:

- **Too low**: `Power < 3500 W`  
  This means the system is **underpowered** — torque is too low relative to speed, which can cause an incomplete or stalled process.
- **Too high**: `Power > 9000 W`  
  This means the system is **overpowered** — excessive torque relative to speed, which can lead to **mechanical overload**.

The sensor signature also notes that **current or power may rise while speed falls**, which suggests **overload or mechanical resistance**, and **sudden voltage loss or fluctuation** may coincide with the event.

### Recommended action
- **Check active alarms** and confirm the electrical supply is within the approved range.
- Inspect **cables, connectors, fuses, breakers, contactors, motor, and drive**.
- Compare **commanded vs. measured speed, torque, current, and power**.
- Inspect the driven equipment for **binding, overload, or misalignment**.
- **Correct the electrical or mechanical fault before resetting protection devices**.","- Unexpected loss of power, machine stoppage, or failure to start.
- Motor speed or torque is unstable or insufficient for the commanded load.
- Electrical protection, overload, undervoltage, or overcurrent alarms may activate.
- The machine may draw unusually high or low power.",3bdafab7ad
"Could unusual power draw, either too high or too low, be a symptom of the machine losing power?","Yes.

### What’s happening
Unusual power draw can be a symptom of **Power Failure**:
- **Too high power** can indicate the machine is being overpowered.
- **Too low power** can indicate the machine is underpowered or struggling to deliver enough force.

The context explicitly says the machine may draw **unusually high or low power** during Power Failure.

### Why
Power is a **derived value**, not a direct sensor reading:

- **Power = Torque × Rotational speed × (2π/60)**

A compensatory pattern like:
- **very high torque with very low speed**, or
- **very high speed with very low torque**

can push computed power **outside the safe 3500–9000 W band**, even if torque or speed alone looks normal.

### Recommended action
- **Compute and check the derived power value**, not torque or speed in isolation.
- Compare it against the safe band:
  - **< 3500 W** = underpowered
  - **> 9000 W** = overpowered
- Also check for related symptoms like:
  - unexpected power loss or stoppage
  - failure to start
  - unstable or insufficient motor speed/torque
  - overload, undervoltage, or overcurrent alarms

","- Unexpected loss of power, machine stoppage, or failure to start.
- Motor speed or torque is unstable or insufficient for the commanded load.
- Electrical protection, overload, undervoltage, or overcurrent alarms may activate.
- The machine may draw unusually high or low power.",3bdafab7ad
"When the machine has power failure, what symptoms should I check first before assuming a mechanical fault?","First check the **electrical/power-side symptoms**, because those are the main signs of **Power Failure** in the context:

### What to look for first
- **Unexpected loss of power**, machine stoppage, or failure to start
- **Unstable or insufficient motor speed or torque** for the commanded load
- **Electrical protection alarms** such as overload, undervoltage, or overcurrent
- **Unusually high or low power draw**

### Why this points to power failure
The context says power failure happens when the **mechanical power delivered to the process is outside the safe operating band**:
- **Too low**: `Power < 3500 W` → underpowered, torque too low, risk of incomplete/stalled process
- **Too high**: `Power > 9000 W` → overpowered, excessive torque, risk of mechanical overload

### Recommended action
- **Check active alarms**
- **Confirm the electrical supply is within the approved range**
- Inspect **cables, connectors, fuses, breakers, contactors, motor, and drive**
- Compare **commanded vs. measured speed, torque, current, and power**
- Only after that, inspect the driven equipment for **binding, overload, or misalignment**
- **Correct the electrical or mechanical fault before resetting protection devices**

If you want, I can also turn this into a short troubleshooting checklist.","- Unexpected loss of power, machine stoppage, or failure to start.
- Motor speed or torque is unstable or insufficient for the commanded load.
- Electrical protection, overload, undervoltage, or overcurrent alarms may activate.
- The machine may draw unusually high or low power.",3bdafab7ad
What usually causes a power failure on this machine?,"A power failure on this machine usually means the **calculated mechanical power is outside the safe range**.

### What’s happening
The machine is underpowering or overpowering the process:
- **Underpowered:** `Power < 3500 W`
- **Overpowered:** `Power > 9000 W`

This can show up as:
- unexpected loss of power or machine stoppage,
- failure to start,
- unstable or insufficient motor speed/torque,
- overload, undervoltage, or overcurrent alarms.

### Why it happens
Power is a **derived value** from torque and speed, not a direct sensor reading:

`Power [W] = Torque [Nm] × Rotational speed [rad/s]`

or, if speed is in rpm:

`Power [W] = Torque [Nm] × Rotational speed [rpm] × (2π / 60)`

So the failure is triggered when the computed power falls **below 3500 W** or **above 9000 W**.

### Recommended action
- Monitor **power as its own derived metric**.
- Check whether torque or speed is driving the power out of range.
- Investigate for:
  - insufficient load/torque or speed issues if underpowered,
  - excessive torque/load or mechanical overload if overpowered,
  - related electrical protection, undervoltage, or overcurrent alarms.

If you want, I can also turn this into a short troubleshooting checklist.","- Supply interruption, voltage imbalance, loose connection, or damaged cable.
- Motor, drive, inverter, contactor, fuse, breaker, or power-supply fault.
- Mechanical overload, binding, misalignment, or excessive friction.
- Incorrect control command or drive configuration.
- Faulty voltage, current, torque, or speed sensor.",fa3303819e
"Could this be from a supply interruption, voltage imbalance, or a loose connection?","Yes — this **could be from a supply interruption, voltage imbalance, or a loose connection**.

### What’s happening
The equipment is showing a **Power Failure** condition, which can cause:
- unexpected loss of power or machine stoppage
- failure to start
- unstable or insufficient motor speed/torque
- undervoltage or overcurrent alarms

### Why
The context lists the root cause of **Power Failure** as including:
- **supply interruption**
- **voltage imbalance**
- **loose connection**
- damaged cable

So those are all plausible mechanisms for this fault.

### Recommended action
- **Check the electrical supply** is within the approved range.
- **Inspect cables, connectors, fuses, breakers, contactors, motor, and drive.**
- Compare **commanded vs. measured speed, torque, current, and power**.
- Inspect the driven equipment for **binding, overload, or misalignment**.
- Correct the electrical or mechanical fault before resetting protection devices.

If there is **arcing, smoke, burning odor, exposed wiring, or repeated protection trips**, isolate the equipment immediately and escalate to qualified electrical/maintenance personnel.","- Supply interruption, voltage imbalance, loose connection, or damaged cable.
- Motor, drive, inverter, contactor, fuse, breaker, or power-supply fault.
- Mechanical overload, binding, misalignment, or excessive friction.
- Incorrect control command or drive configuration.
- Faulty voltage, current, torque, or speed sensor.",fa3303819e
"What parts should I check first for a power-failure fault, like the motor, drive, inverter, or breaker?","For a **power-failure fault**, the **first parts to check** are:

1. **Cables and connectors**  
2. **Fuses and breakers**  
3. **Contactors**  
4. **Motor and drive**  
5. **Inverter**  
6. **Power-supply components**

### What’s happening
The machine may show **unexpected loss of power, failure to start, or stoppage**, and may trigger **undervoltage, overcurrent, or overload alarms**.

### Why this can happen
The context lists likely root causes as:
- **Supply interruption, voltage imbalance, loose connection, or damaged cable**
- **Motor, drive, inverter, contactor, fuse, breaker, or power-supply fault**
- **Mechanical overload, binding, misalignment, or excessive friction**
- **Incorrect control command or drive configuration**
- **Faulty voltage, current, torque, or speed sensor**

### Recommended action
The context recommends:
- **Check active alarms**
- **Confirm the electrical supply is within the approved range**
- **Inspect cables, connectors, fuses, breakers, contactors, motor, and drive**
- **Compare commanded and measured speed, torque, current, and power**
- **Inspect the driven equipment for binding, overload, or misalignment**
- **Correct the electrical or mechanical fault before resetting protection devices**

So if you’re prioritizing, start with **supply, cables/connectors, fuses/breakers, and contactors**, then move to the **motor, drive, inverter, and power supply**.","- Supply interruption, voltage imbalance, loose connection, or damaged cable.
- Motor, drive, inverter, contactor, fuse, breaker, or power-supply fault.
- Mechanical overload, binding, misalignment, or excessive friction.
- Incorrect control command or drive configuration.
- Faulty voltage, current, torque, or speed sensor.",fa3303819e
"Can mechanical issues like overload, binding, misalignment, or too much friction trigger this failure?","Yes.

### What’s happening
Mechanical issues such as **overload, binding, misalignment, or excessive friction** can trigger a **Power Failure**. In the context, Power Failure occurs when the delivered mechanical power falls outside the safe operating band, including an **overpowered** condition that can create a **risk of mechanical overload**.

### Why
The context explicitly lists these as possible root causes of Power Failure:
- **Mechanical overload, binding, misalignment, or excessive friction**

It also notes that Power Failure can occur when:
- **Power > 9000 W** — overpowered, with **excessive torque relative to speed**, which is a **risk of mechanical overload**

### Recommended action
- **Inspect the driven equipment** for **binding, overload, or misalignment**
- Check cables, connectors, fuses, breakers, contactors, motor, and drive
- Compare commanded vs. measured speed, torque, current, and power
- **Correct the electrical or mechanical fault before resetting protection devices**","- Supply interruption, voltage imbalance, loose connection, or damaged cable.
- Motor, drive, inverter, contactor, fuse, breaker, or power-supply fault.
- Mechanical overload, binding, misalignment, or excessive friction.
- Incorrect control command or drive configuration.
- Faulty voltage, current, torque, or speed sensor.",fa3303819e
Is a bad control command or a faulty sensor able to cause the power failure alarm?,"Yes.

### What’s happening
A **bad control command** or a **faulty sensor** can cause a **Power Failure** alarm.

### Why
The context lists these as root causes of Power Failure:
- **Incorrect control command or drive configuration**
- **Faulty voltage, current, torque, or speed sensor**

The mechanism given is that Power Failure is triggered when the **mechanical power delivered to the process** goes outside the safe band:
- **Power < 3500 W** (underpowered), or
- **Power > 9000 W** (overpowered)

Since power is derived from **torque × rotational speed**, a bad command or bad sensor can cause the calculated/actual operating power to fall outside that range.

### Recommended action
- Check the **control command** and **drive configuration**
- Inspect the relevant **voltage/current/torque/speed sensors**
- Verify actual **torque and speed** to confirm whether the machine is operating below **3500 W** or above **9000 W**
- Also check for other listed causes such as **supply issues, drive/inverter faults, mechanical overload, or binding**","- Supply interruption, voltage imbalance, loose connection, or damaged cable.
- Motor, drive, inverter, contactor, fuse, breaker, or power-supply fault.
- Mechanical overload, binding, misalignment, or excessive friction.
- Incorrect control command or drive configuration.
- Faulty voltage, current, torque, or speed sensor.",fa3303819e
How can I tell from the sensor data that a power failure is happening on the machine?,"From the sensor data, you’d look for the **computed power** dropping outside the safe range, not just a single raw sensor value.

### What’s happening
Power failure is indicated when the machine’s **mechanical power** is either:
- **Too low:** `Power < 3500 W`  
- **Too high:** `Power > 9000 W`

### Why this happens
Power is a **derived quantity**, calculated from:
- **Torque**
- **Rotational speed**

Formula:
`Power [W] = Torque [Nm] × Rotational speed [rad/s]`

If speed is in rpm:
`Power [W] = Torque [Nm] × Rotational speed [rpm] × (2π / 60)`

So the sensor pattern to watch for is:
- **Low torque relative to speed** → underpowered
- **Excessive torque relative to speed** → overpowered

The context also notes symptoms like:
- unexpected loss of power or machine stoppage
- failure to start
- unstable or insufficient motor speed/torque
- overload, undervoltage, or overcurrent alarms
- unusually high or low power draw

### Recommended action
- **Compute power from torque and speed continuously**
- Flag a power failure if it goes **below 3500 W** or **above 9000 W**
- Check for related electrical alarms and machine stoppage
- Treat power as its **own derived metric**, rather than interpreting torque and speed separately

If you want, I can also help you turn this into a simple sensor-rule checklist.","- Voltage, current, power, torque, or rotational speed deviates from the normal load-dependent pattern.
- Commanded speed differs persistently from measured speed.
- Current or power rises while speed falls, suggesting overload or mechanical resistance.
- Sudden voltage loss or fluctuation coincides with the failure event.",ed6de6dd8e
"What kind of voltage, current, or speed pattern usually shows up right before a power failure?","Right before a power failure, the usual pattern is:

### What’s happening
- **Voltage, current, power, torque, or rotational speed drift away from the normal load-dependent pattern**
- **Commanded speed and measured speed stay mismatched**
- Often you see **current or power rising while speed falls**
- In some cases there is a **sudden voltage loss or fluctuation** right at the event

### Why this happens
From the context, power failure can be caused by:
- **Supply interruption, voltage imbalance, loose connection, or damaged cable**
- **Motor, drive, inverter, contactor, fuse, breaker, or power-supply fault**
- **Mechanical overload, binding, misalignment, or excessive friction**
- **Incorrect control command or drive configuration**
- **Faulty voltage, current, torque, or speed sensor**

A key mechanism is that the system can show a **compensatory pattern**:  
- **Very high torque with very low speed**, or  
- **Very high speed with very low torque**  

Since **Power = Torque × Rotational speed × (2π/60)**, these combinations can push the computed power outside the safe **3500–9000 W** range even if the individual readings don’t look extreme.

### Recommended action
- **Check the computed power value directly** rather than looking at torque or speed alone
- Verify whether power is falling below **3500 W** or rising above **9000 W**
- Inspect for:
  - voltage instability or supply interruption
  - loose/damaged wiring
  - drive/motor/inverter/contact/fuse/breaker issues
  - mechanical overload, binding, or misalignment
  - possible sensor faults
- If you see **speed dropping while current/power rises**, treat it as an overload or resistance warning and investigate promptly","- Voltage, current, power, torque, or rotational speed deviates from the normal load-dependent pattern.
- Commanded speed differs persistently from measured speed.
- Current or power rises while speed falls, suggesting overload or mechanical resistance.
- Sudden voltage loss or fluctuation coincides with the failure event.",ed6de6dd8e
"If the commanded speed and the measured speed don't match, could that be a sign of power failure?","Yes — **a persistent mismatch between commanded speed and measured speed can be a sign of Power Failure**.

### What’s happening
The machine is not reaching the speed it was told to run at, or the measured speed is drifting away from the commanded value. This can show up along with unstable or insufficient speed/torque, unexpected stoppage, or electrical alarms.

### Why this suggests Power Failure
From the context, the sensor signature of Power Failure includes:

- **“Commanded speed differs persistently from measured speed.”**
- Voltage, current, power, torque, or rotational speed deviates from the normal load-dependent pattern.
- Current or power may rise while speed falls, suggesting overload or mechanical resistance.
- A sudden voltage loss or fluctuation may coincide with the event.

So the mismatch is one of the listed indicators of Power Failure, especially if it is persistent.

### Recommended action
- Check active alarms and confirm the electrical supply is within the approved range.
- Inspect cables, connectors, fuses, breakers, contactors, motor, and drive.
- Compare commanded and measured speed, torque, current, and power.
- Inspect the driven equipment for binding, overload, or misalignment.
- Correct the electrical or mechanical fault before resetting protection devices.","- Voltage, current, power, torque, or rotational speed deviates from the normal load-dependent pattern.
- Commanded speed differs persistently from measured speed.
- Current or power rises while speed falls, suggesting overload or mechanical resistance.
- Sudden voltage loss or fluctuation coincides with the failure event.",ed6de6dd8e
What sensor changes should I look for when current or power goes up but the speed drops?,"What’s happening:
- You’re seeing a **Power Failure pattern**: **current or power rises while speed falls**.
- The context says this is a classic sign of **overload or mechanical resistance**.

Why:
- **Power is a derived quantity**, not a direct sensor reading.
- It is computed from **torque × rotational speed**.
- So a **high current/power with low speed** means the machine is likely working against increased load or resistance, and the normal load-dependent pattern is being violated.

Recommended action:
- **Check the computed power value**, not just torque or speed alone.
- Look for the compensatory pattern of **very high torque with very low speed**.
- Also inspect for **mechanical resistance, overload, or anything causing the motor to be underpowered or stalled**.
- If available, compare **commanded speed vs measured speed** and watch for persistent deviation.","- Voltage, current, power, torque, or rotational speed deviates from the normal load-dependent pattern.
- Commanded speed differs persistently from measured speed.
- Current or power rises while speed falls, suggesting overload or mechanical resistance.
- Sudden voltage loss or fluctuation coincides with the failure event.",ed6de6dd8e
Can a sudden dip or fluctuation in voltage be used to identify a power failure event?,"Yes. A sudden voltage loss or fluctuation can be used as an indicator of a power failure event.

### What’s happening
Power failure can be identified when the normal electrical/mechanical pattern is disrupted, including a **sudden voltage loss or fluctuation coinciding with the failure event**.

### Why
From the context, the sensor signature of power failure includes:
- **Voltage, current, power, torque, or rotational speed deviates from the normal load-dependent pattern**
- **Sudden voltage loss or fluctuation coincides with the failure event**

This means a voltage dip or unstable voltage is a relevant symptom, especially when it appears at the same time as the failure.

### Recommended action
- Treat the voltage dip/fluctuation as a potential power failure signal.
- Check for likely root causes listed in the context, such as:
  - supply interruption
  - voltage imbalance
  - loose connection
  - damaged cable
  - motor/drive/inverter/contactor/fuse/breaker/power-supply fault
- If there is arcing, smoke, burning odor, exposed wiring, or repeated protection trips, **isolate the equipment immediately**.
- Use lockout/tagout and verify absence of voltage before internal inspection.","- Voltage, current, power, torque, or rotational speed deviates from the normal load-dependent pattern.
- Commanded speed differs persistently from measured speed.
- Current or power rises while speed falls, suggesting overload or mechanical resistance.
- Sudden voltage loss or fluctuation coincides with the failure event.",ed6de6dd8e
What should I check first when I get a power failure alarm on this machine?,"Check the **derived power value first**, not torque or speed by themselves.

### What’s happening
A **Power Failure** alarm means the machine’s mechanical power is outside the safe band:
- **Below 3500 W**: underpowered
- **Above 9000 W**: overpowered

### Why
The context says power is calculated as:

**Power [W] = Torque [Nm] × Rotational speed [rad/s]**  
(or `Torque × rpm × 2π / 60`)

It also notes that **torque or speed can look normal on their own**, while the **combined power** is still out of range. A classic pattern is **very high torque with very low speed, or vice versa**.

### Recommended action
1. **Check the computed power reading first.**
2. Compare it to the safe range: **3500–9000 W**.
3. If it is out of range, inspect the operating conditions that could be causing the mismatch between torque and speed.

If you want, I can also help you interpret a specific torque/speed reading into power.","- Check active alarms and confirm the electrical supply is within the approved range.
- Inspect cables, connectors, fuses, breakers, contactors, motor, and drive.
- Compare commanded and measured speed, torque, current, and power.
- Inspect the driven equipment for binding, overload, or misalignment.
- Correct the electrical or mechanical fault before resetting protection devices.",54e5187ac9
How do I tell if the incoming electrical supply is okay during a power failure fault?,"To tell whether the incoming electrical supply is okay during a power failure fault, check that the electrical supply is **within the approved range**.

### What’s happening
A power failure fault can happen when the machine gets **too little or unstable electrical power**, which shows up as:
- unexpected loss of power or machine stoppage,
- unstable or insufficient motor speed/torque,
- undervoltage or overcurrent alarms,
- unusually high or low power draw.

### Why this happens
From the context, one possible mechanism is:
- **Supply interruption, voltage imbalance, loose connection, or damaged cable**  
These can make the incoming supply abnormal and trigger the fault.

### Recommended action
- **Check active alarms and confirm the electrical supply is within the approved range.**
- Inspect **cables, connectors, fuses, breakers, contactors, motor, and drive**.
- If needed, compare **commanded vs. measured speed, torque, current, and power**.
- Correct the electrical issue before resetting protection devices.

### Safety note
If there is **arcing, smoke, burning odor, exposed wiring, or repeated protection trips**, isolate the equipment immediately. Only qualified personnel should test energized electrical equipment.","- Check active alarms and confirm the electrical supply is within the approved range.
- Inspect cables, connectors, fuses, breakers, contactors, motor, and drive.
- Compare commanded and measured speed, torque, current, and power.
- Inspect the driven equipment for binding, overload, or misalignment.
- Correct the electrical or mechanical fault before resetting protection devices.",54e5187ac9
Which parts should I inspect on the drive side when the machine trips on power failure?,"What’s happening:
- The machine is tripping on a power failure, meaning it may be experiencing an unexpected loss of power, stop/start failure, or protection trip.

Why this can happen:
- The context lists possible causes such as a supply interruption, voltage imbalance, loose connection, damaged cable, or faults in the motor/drive/inverter/contactor/fuse/breaker/power supply.
- It can also be caused by mechanical overload, binding, misalignment, or excessive friction.

What to inspect on the drive side:
- Cables
- Connectors
- Fuses
- Breakers
- Contactors
- Motor
- Drive

Recommended action:
- Check active alarms and confirm the electrical supply is within the approved range.
- Inspect the listed drive-side electrical components for faults.
- Compare commanded vs. measured speed, torque, current, and power.
- Also inspect the driven equipment for binding, overload, or misalignment.
- Correct the electrical or mechanical fault before resetting protection devices.
- If there is arcing, smoke, burning odor, exposed wiring, or repeated trips, isolate the equipment immediately and have qualified personnel perform lockout/tagout and verify absence of voltage before internal inspection.","- Check active alarms and confirm the electrical supply is within the approved range.
- Inspect cables, connectors, fuses, breakers, contactors, motor, and drive.
- Compare commanded and measured speed, torque, current, and power.
- Inspect the driven equipment for binding, overload, or misalignment.
- Correct the electrical or mechanical fault before resetting protection devices.",54e5187ac9
"How can I compare commanded and actual speed, torque, current, and power to troubleshoot a power failure issue?","To troubleshoot a **Power Failure** issue, compare the **commanded** values to the **measured** values for speed, torque, current, and power and look for a persistent mismatch or an abnormal load pattern.

## What’s happening
You are checking whether the machine is delivering the expected mechanical output. A power failure can show up as:

- **Commanded speed differing persistently from measured speed**
- **Torque, current, or power deviating from the normal load-dependent pattern**
- **Current or power rising while speed falls**, which suggests overload or mechanical resistance
- **Unexpected loss of power, stoppage, or failure to start**

## Why this happens
From the context, **power is derived**, not directly measured:

\[
Power [W] = Torque [Nm] \times Rotational\ speed
\]

So if speed drops or torque is abnormal, power will move outside the safe operating band. The failure condition occurs when:

- **Power < 3500 W**: underpowered, often due to torque being too low relative to speed
- **Power > 9000 W**: overpowered, often due to excessive torque relative to speed

This can be caused by either an **electrical issue** or a **mechanical load issue** such as binding, overload, or misalignment.

## Recommended action
1. **Check active alarms** and confirm the electrical supply is within the approved range.
2. **Inspect cables, connectors, fuses, breakers, contactors, motor, and drive**.
3. **Compare commanded and measured speed, torque, current, and power** to find where the mismatch begins.
4. **Inspect the driven equipment** for binding, overload, or misalignment.
5. **Correct the electrical or mechanical fault** before resetting protection devices.

If you want, I can also help you interpret a specific set of commanded vs. actual values.","- Check active alarms and confirm the electrical supply is within the approved range.
- Inspect cables, connectors, fuses, breakers, contactors, motor, and drive.
- Compare commanded and measured speed, torque, current, and power.
- Inspect the driven equipment for binding, overload, or misalignment.
- Correct the electrical or mechanical fault before resetting protection devices.",54e5187ac9
"What mechanical problems like binding, overload, or misalignment can trigger a power failure fault, and what should I fix before resetting?","A power failure fault can be triggered by these mechanical problems:

- **Binding**
- **Overload**
- **Misalignment**
- **Excessive friction**

Why this happens:
- The context says power failure can result from **mechanical overload, binding, misalignment, or excessive friction**.
- It also notes that a failure occurs when **power is too high** due to **excessive torque relative to speed**, which is consistent with mechanical resistance or overload.

What to fix before resetting:
- **Inspect the driven equipment** for binding, overload, or misalignment.
- **Correct the electrical or mechanical fault before resetting protection devices**.
- Also check the related electrical side if needed: cables, connectors, fuses, breakers, contactors, motor, and drive.","- Check active alarms and confirm the electrical supply is within the approved range.
- Inspect cables, connectors, fuses, breakers, contactors, motor, and drive.
- Compare commanded and measured speed, torque, current, and power.
- Inspect the driven equipment for binding, overload, or misalignment.
- Correct the electrical or mechanical fault before resetting protection devices.",54e5187ac9
When should I shut the equipment down immediately after a power failure or electrical fault?,"You should shut the equipment down immediately if the power failure is accompanied by any of these safety hazards:

- **Arcing**
- **Smoke**
- **Burning odor**
- **Exposed wiring**
- **Repeated protection trips**

### What’s happening
A power failure can mean the machine is **underpowered** (`Power < 3500 W`) or **overpowered** (`Power > 9000 W`). Overpower events are especially risky because they carry **higher acute mechanical risk** and can damage equipment.

### Why
The context says these conditions indicate an electrical fault that can create immediate hazard, and that **repeated or unexplained power events** should be escalated. It also notes that **overpower events (>9000 W)** should be escalated with higher priority.

### Recommended action
- **Isolate the equipment immediately** if any of the safety hazards above are present.
- Apply **lockout/tagout** and verify **absence of voltage** before any internal inspection.
- Have **qualified personnel** inspect energized electrical equipment.
- Escalate repeated or unexplained power events to **electrical and maintenance specialists**.

If you want, I can also summarize the normal troubleshooting steps for a non-hazardous power failure.","- Isolate the equipment immediately if there is arcing, smoke, burning odor, exposed wiring, or repeated protection trips.
- Only qualified personnel should test energized electrical equipment.
- Apply lockout/tagout and verify absence of voltage before internal inspection.
- Escalate repeated or unexplained power events to electrical and maintenance specialists.",78b97cfea6
Who is allowed to test energized electrical equipment during a power failure issue?,"Only **qualified personnel** are allowed to test energized electrical equipment during a power failure issue.

Why: the context says that for power failure, **“Only qualified personnel should test energized electrical equipment.”** It also notes that for internal inspection, **lockout/tagout should be applied and absence of voltage verified**.

Recommended action:
- Have a qualified person test the energized electrical equipment.
- If internal inspection is needed, apply lockout/tagout and verify zero voltage first.
- Escalate repeated or unexplained power events to electrical and maintenance specialists.","- Isolate the equipment immediately if there is arcing, smoke, burning odor, exposed wiring, or repeated protection trips.
- Only qualified personnel should test energized electrical equipment.
- Apply lockout/tagout and verify absence of voltage before internal inspection.
- Escalate repeated or unexplained power events to electrical and maintenance specialists.",78b97cfea6
What lockout/tagout steps should I follow before opening up the machine after a power event?,"Before opening the machine after a power event:

1. **Isolate the equipment**
   - If there was arcing, smoke, a burning odor, exposed wiring, or repeated protection trips, **isolate the equipment immediately**.

2. **Apply lockout/tagout**
   - **Apply lockout/tagout before internal inspection or opening the machine**.

3. **Verify it is de-energized**
   - **Verify absence of voltage before internal inspection**.
   - The context says **only qualified personnel should test energized electrical equipment**.

4. **Escalate if needed**
   - **Escalate repeated or unexplained power events to electrical and maintenance specialists**.

### What’s happening
A **Power Failure** may be involved, especially if the machine had an unexpected loss of power, stoppage, failure to start, or electrical alarms.

### Why
The context indicates that power events can involve hazardous electrical conditions such as **arcing, smoke, burning odor, exposed wiring, or repeated protection trips**, so the machine should be isolated and confirmed de-energized before opening it.

### Recommended action
- Isolate the equipment
- Apply lockout/tagout
- Verify absence of voltage
- Have only qualified personnel perform energized testing
- Escalate repeated or unexplained events to electrical and maintenance specialists","- Isolate the equipment immediately if there is arcing, smoke, burning odor, exposed wiring, or repeated protection trips.
- Only qualified personnel should test energized electrical equipment.
- Apply lockout/tagout and verify absence of voltage before internal inspection.
- Escalate repeated or unexplained power events to electrical and maintenance specialists.",78b97cfea6
How do I check that the equipment is truly de-energized before doing an internal inspection?,"Before an internal inspection, apply **lockout/tagout** and **verify absence of voltage**. The context does not specify a more detailed test method than that.

### What’s happening
You need to ensure the equipment is truly de-energized before opening it.

### Why
For **Power Failure**, the safety guidance says to **apply lockout/tagout and verify absence of voltage before internal inspection**.

### Recommended action
1. Isolate the equipment.
2. Apply lockout/tagout.
3. Verify absence of voltage.
4. Only then proceed with the internal inspection.

If you want, I can also help turn this into a short step-by-step checklist.","- Isolate the equipment immediately if there is arcing, smoke, burning odor, exposed wiring, or repeated protection trips.
- Only qualified personnel should test energized electrical equipment.
- Apply lockout/tagout and verify absence of voltage before internal inspection.
- Escalate repeated or unexplained power events to electrical and maintenance specialists.",78b97cfea6
When should a repeated power trip or unexplained outage be escalated to electrical or maintenance support?,"A repeated power trip or unexplained outage should be escalated to **electrical and maintenance support when the power event is repeated or cannot be explained by an obvious cause**.

### What’s happening
The equipment is experiencing a **power failure** such as:
- unexpected loss of power,
- machine stoppage or failure to start,
- protection, overload, undervoltage, or overcurrent trips,
- unstable or insufficient motor speed/torque.

### Why this should be escalated
The context specifically says to **escalate repeated or unexplained power events to electrical and maintenance specialists**. Repeated protection trips can indicate an underlying electrical or mechanical fault, and the equipment should not simply be reset without finding the cause.

### Recommended action
- **Escalate to electrical and maintenance support** if the trip/outage is repeated or unexplained.
- **Isolate the equipment immediately** if there is arcing, smoke, burning odor, exposed wiring, or repeated protection trips.
- **Only qualified personnel should test energized electrical equipment.**
- **Apply lockout/tagout and verify absence of voltage before internal inspection.**
- Before resetting protection devices, **inspect cables, connectors, fuses, breakers, contactors, motor, and drive**, and check for mechanical issues like binding, overload, or misalignment.","- Isolate the equipment immediately if there is arcing, smoke, burning odor, exposed wiring, or repeated protection trips.
- Only qualified personnel should test energized electrical equipment.
- Apply lockout/tagout and verify absence of voltage before internal inspection.
- Escalate repeated or unexplained power events to electrical and maintenance specialists.",78b97cfea6
