question,llm_answer,original_answer,document
"How can I tell if a tool is approaching wear failure, especially if torque, temperature, and speed still look normal?","To determine if a tool is approaching wear failure, monitor the cumulative tool wear time. Once it reaches approximately 200–240 minutes of continuous use, the failure probability sharply increases, even if torque, temperature, and speed appear normal. 

**What's happening:** Tool wear accumulates without significant changes in normal readings.

**Why:** Tool Wear Failure is time-based, not stress-based, and may go undetected without other symptoms.

**Recommended action:** Track the cumulative tool wear time closely and plan for maintenance or replacement if it approaches the critical band.","Tool wear time accumulates into a critical band, typically between 200 and 240 minutes of continuous use. Within this band, failure probability rises sharply and can occur without any other sensor anomaly — torque, temperature, and rotational speed may all look nominal right up to the failure event.",299b2d2994
Is there a typical time window where tool wear failure becomes likely during continuous use?,"Tool wear failure becomes likely after approximately 200 to 240 minutes of continuous use. During this timeframe, the probability of failure sharply increases despite normal readings for torque, temperature, and rotational speed. This is due to the progressive mechanical degradation of the cutting tool edge.

**Recommended action:** Flag any tool that exceeds 200 minutes of use for priority inspection, and schedule replacement before reaching 240 minutes, especially if the tool is set for a long run.","Tool wear time accumulates into a critical band, typically between 200 and 240 minutes of continuous use. Within this band, failure probability rises sharply and can occur without any other sensor anomaly — torque, temperature, and rotational speed may all look nominal right up to the failure event.",299b2d2994
Can tool wear failure happen without any obvious sensor warning beforehand?,"Yes, tool wear failure can occur without any obvious sensor warning beforehand. This type of failure is driven by the progressive mechanical degradation of the cutting tool edge over time, accumulating wear into a critical period (200-240 minutes of continuous use) where failure probability sharply increases. Since torque, temperature, and rotational speed may all appear nominal right up to the failure event, it is essential to monitor `Tool wear [min]` directly instead of relying on those other indicators.

Recommended action: Flag any unit with tool wear > 200 min for priority inspection and schedule tool replacement before reaching 240 min if the unit is queued for a long run.","Tool wear time accumulates into a critical band, typically between 200 and 240 minutes of continuous use. Within this band, failure probability rises sharply and can occur without any other sensor anomaly — torque, temperature, and rotational speed may all look nominal right up to the failure event.",299b2d2994
What signs should I watch for when a tool has been running for around 200 to 240 minutes?,"Watch for increasing tool wear as the tool approaches 200 to 240 minutes of continuous use. Failure probability sharply rises during this time, even if other indicators (torque, temperature, rotational speed) appear normal. Recommended action is to prioritize inspection and schedule tool replacement, but do not log it as a confirmed failure unless corroborated by actual defects or halts.","Tool wear time accumulates into a critical band, typically between 200 and 240 minutes of continuous use. Within this band, failure probability rises sharply and can occur without any other sensor anomaly — torque, temperature, and rotational speed may all look nominal right up to the failure event.",299b2d2994
Does tool wear failure usually show up as a sudden event even when the machine data looks nominal?,"Yes, tool wear failure typically shows up as a sudden event even when the machine data appears nominal. This is because, as tool wear accumulates within the critical band of 200 to 240 minutes of continuous use, the probability of failure increases sharply without any detected sensor anomalies. The recommended action is to monitor tool usage closely and schedule maintenance or tool replacement before reaching this critical band to prevent unexpected failures.","Tool wear time accumulates into a critical band, typically between 200 and 240 minutes of continuous use. Within this band, failure probability rises sharply and can occur without any other sensor anomaly — torque, temperature, and rotational speed may all look nominal right up to the failure event.",299b2d2994
What usually causes tool wear failure on a cutting tool?,"Tool wear failure is caused by the progressive mechanical degradation of the cutting tool edge over time, leading to decreased cutting ability and potential fracture. The recommended action is to flag any unit with tool wear greater than 200 minutes for priority inspection, and to schedule replacement before reaching 240 minutes, especially if the unit will be used for a long run.","Progressive mechanical degradation of the cutting tool edge. As wear accumulates, the tool's ability to cut cleanly degrades, eventually leading to tool fracture or process failure. This is a wear-out failure, not a stress-overload failure — it is time/usage-driven rather than load-driven.",7735d88102
Is tool wear failure more about age and usage than overload?,"Tool wear failure is primarily driven by age and usage, as it results from the progressive mechanical degradation of the cutting tool edge over time rather than from overload. The recommended action is to flag any unit with tool wear greater than 200 minutes for priority inspection and to schedule tool replacement before reaching 240 minutes of usage.","Progressive mechanical degradation of the cutting tool edge. As wear accumulates, the tool's ability to cut cleanly degrades, eventually leading to tool fracture or process failure. This is a wear-out failure, not a stress-overload failure — it is time/usage-driven rather than load-driven.",7735d88102
How does progressive edge wear end up causing tool fracture or process failure?,"Progressive edge wear leads to tool fracture or process failure because as the cutting tool edge degrades, its cutting efficiency diminishes over time. This degradation is driven by usage rather than load, meaning that with accumulated wear (around 200–240 minutes of runtime), the risk of failure increases sharply. 

Recommended action: Monitor tool usage closely and schedule inspections. If significant wear is observed, consider replacing the tool to prevent fracture or process failure.","Progressive mechanical degradation of the cutting tool edge. As wear accumulates, the tool's ability to cut cleanly degrades, eventually leading to tool fracture or process failure. This is a wear-out failure, not a stress-overload failure — it is time/usage-driven rather than load-driven.",7735d88102
What is the main root cause behind a TWF event in predictive maintenance?,"The main root cause behind a Tool Wear Failure (TWF) event is the progressive mechanical degradation of the cutting tool edge due to accumulated wear over time. As the tool wears, its cutting ability diminishes, leading to potential tool fracture or process failure. This type of failure is time/usage-driven rather than stress-overload driven. 

Recommended action: Monitor tool wear time closely, especially within the critical band of 200 to 240 minutes, to anticipate and prevent failure.","Progressive mechanical degradation of the cutting tool edge. As wear accumulates, the tool's ability to cut cleanly degrades, eventually leading to tool fracture or process failure. This is a wear-out failure, not a stress-overload failure — it is time/usage-driven rather than load-driven.",7735d88102
Why do cutting tools fail from wear out instead of sudden stress overload?,"Cutting tools fail from wear out rather than sudden stress overload because wear is caused by progressive mechanical degradation over time, which accumulates and degrades the tool's cutting ability. This is time/usage-driven, leading to eventual tool fracture or failure. It is recommended to monitor tool wear closely, especially when it approaches the 200–240 minute range, and to schedule inspections and tool replacements proactively to prevent failure.","Progressive mechanical degradation of the cutting tool edge. As wear accumulates, the tool's ability to cut cleanly degrades, eventually leading to tool fracture or process failure. This is a wear-out failure, not a stress-overload failure — it is time/usage-driven rather than load-driven.",7735d88102
"What reading range on tool wear usually points to a tool wear failure, and is it a hard cutoff?","The reading range that usually points to tool wear failure is 200–240 minutes. However, it is not a hard cutoff; this range is probabilistic, meaning that tools can operate within it without failing. If a unit has tool wear above 200 minutes, it should be flagged for priority inspection and tool replacement should be scheduled before reaching 240 minutes.","- Primary indicator: `Tool wear [min]` in the 200–240 range
- Torque and rotational speed are **not** reliable leading indicators for TWF — this is the key diagnostic distinction from OSF and PWF
- No air/process temperature anomaly expected

**False-positive note:** A unit with tool wear in the 200–240 band that has NOT failed is common — this is a probabilistic band, not a deterministic threshold. Do not treat ""in-band"" as ""failed.""",e8a1fe10fc
"If I see torque or spindle speed shifting, can I use that to spot tool wear failure early?","No, you cannot use torque or spindle speed shifting to spot tool wear failure early. Torque and rotational speed are not reliable indicators for tool wear; by the time these changes occur, failure may already be underway. It is recommended to monitor tool wear time directly and flag units with tool wear greater than 200 minutes for priority inspection, scheduling replacement before reaching 240 minutes.","- Primary indicator: `Tool wear [min]` in the 200–240 range
- Torque and rotational speed are **not** reliable leading indicators for TWF — this is the key diagnostic distinction from OSF and PWF
- No air/process temperature anomaly expected

**False-positive note:** A unit with tool wear in the 200–240 band that has NOT failed is common — this is a probabilistic band, not a deterministic threshold. Do not treat ""in-band"" as ""failed.""",e8a1fe10fc
Does tool wear failure normally show any weird air or process temperature behavior?,Tool wear failure does not typically show any weird air or process temperature behavior. There are no expected anomalies in temperature associated with tool wear failure; the primary indicator remains the cumulative tool usage time. No action regarding temperature monitoring is needed for this specific failure mode.,"- Primary indicator: `Tool wear [min]` in the 200–240 range
- Torque and rotational speed are **not** reliable leading indicators for TWF — this is the key diagnostic distinction from OSF and PWF
- No air/process temperature anomaly expected

**False-positive note:** A unit with tool wear in the 200–240 band that has NOT failed is common — this is a probabilistic band, not a deterministic threshold. Do not treat ""in-band"" as ""failed.""",e8a1fe10fc
Why would a machine still be okay even when the tool wear value is in the 200 to 240 range?,"A machine may still be okay with a tool wear value in the 200 to 240 range because this band is a probabilistic risk zone, not a guaranteed failure threshold. Units can operate without failing even in this range. It is recommended to prioritize inspection and consider scheduling tool replacement before reaching 240 minutes. Do not report it as a failure unless there are corroborating signs of malfunction.","- Primary indicator: `Tool wear [min]` in the 200–240 range
- Torque and rotational speed are **not** reliable leading indicators for TWF — this is the key diagnostic distinction from OSF and PWF
- No air/process temperature anomaly expected

**False-positive note:** A unit with tool wear in the 200–240 band that has NOT failed is common — this is a probabilistic band, not a deterministic threshold. Do not treat ""in-band"" as ""failed.""",e8a1fe10fc
What’s the main signal I should watch for tool wear failure instead of relying on torque or speed?,"Watch for `Tool wear [min]` as the main signal for tool wear failure, rather than relying on torque or speed. This is because tool wear is a time-based failure mode, and symptoms may not show up until it's too late. When tool wear reaches approximately 200-240 minutes, the risk of failure increases significantly. Recommended action is to prioritize inspection and schedule tool replacement when tool wear approaches this time threshold.","- Primary indicator: `Tool wear [min]` in the 200–240 range
- Torque and rotational speed are **not** reliable leading indicators for TWF — this is the key diagnostic distinction from OSF and PWF
- No air/process temperature anomaly expected

**False-positive note:** A unit with tool wear in the 200–240 band that has NOT failed is common — this is a probabilistic band, not a deterministic threshold. Do not treat ""in-band"" as ""failed.""",e8a1fe10fc
What should I do with a unit once tool wear goes over 200 minutes?,"Once tool wear goes over 200 minutes, the unit should be flagged for priority inspection. Although it may not have definitely failed, it is in a probabilistic risk zone where failure likelihood increases. Schedule tool replacement before reaching 240 minutes if the unit is lined up for a long run.","1. Flag any unit with tool wear > 200 min for priority inspection queue, regardless of other readings.
2. Schedule tool replacement before reaching 240 min if the unit is queued for a long run.
3. Do not rely on torque spikes as an early warning — by the time torque changes, failure may already be underway.",157781c070
"If a machine is due for a long production run, when should I replace the tool before it gets risky?","If a machine is due for a long production run, you should schedule tool replacement before reaching 240 minutes of cumulative tool wear. This is recommended because once tool wear exceeds 200 minutes, the probability of failure rises sharply, making it risky to continue without replacing the tool.","1. Flag any unit with tool wear > 200 min for priority inspection queue, regardless of other readings.
2. Schedule tool replacement before reaching 240 min if the unit is queued for a long run.
3. Do not rely on torque spikes as an early warning — by the time torque changes, failure may already be underway.",157781c070
"Can I use torque spikes as an early sign of tool wear failure, or is that too late to trust?","No, you cannot trust torque spikes as an early warning for tool wear failure. By the time torque changes are observed, the failure may already be occurring. Instead, monitor the tool wear time directly, especially as it approaches 200 minutes, and schedule priority inspections and potential replacements accordingly.","1. Flag any unit with tool wear > 200 min for priority inspection queue, regardless of other readings.
2. Schedule tool replacement before reaching 240 min if the unit is queued for a long run.
3. Do not rely on torque spikes as an early warning — by the time torque changes, failure may already be underway.",157781c070
"When tool wear is above 200 min, does it need priority inspection even if other readings look normal?","Yes, if tool wear is above 200 min, it needs priority inspection regardless of other readings. Tool wear is a critical failure mode that increases the probability of failure sharply in this range, even when other indicators like torque and temperature appear normal. Therefore, flag any unit with tool wear > 200 min for urgent inspection.","1. Flag any unit with tool wear > 200 min for priority inspection queue, regardless of other readings.
2. Schedule tool replacement before reaching 240 min if the unit is queued for a long run.
3. Do not rely on torque spikes as an early warning — by the time torque changes, failure may already be underway.",157781c070
What is the best maintenance action to prevent tool wear failure from catching us by surprise?,"To prevent tool wear failure from catching you by surprise, monitor the `Tool wear [min]` directly. As tool wear accumulates into the critical band of 200–240 minutes, schedule tool replacement before reaching 240 minutes, especially for units queued for long runs. Do not rely on torque spikes as an early warning, as they may not appear until failure is already underway.","1. Flag any unit with tool wear > 200 min for priority inspection queue, regardless of other readings.
2. Schedule tool replacement before reaching 240 min if the unit is queued for a long run.
3. Do not rely on torque spikes as an early warning — by the time torque changes, failure may already be underway.",157781c070
"Is Tool Wear Failure usually a safety problem, or is it more of a quality and downtime issue?","Tool Wear Failure is primarily a quality and downtime issue rather than a safety problem. It results from the progressive mechanical degradation of the cutting tool edge, which can eventually lead to tool fracture or process failure. Recommended action is to escalate to the line supervisor for scheduling but not to halt operations unless there's a confirmed risk of tool fracture.",TWF is typically a quality/downtime issue rather than an acute safety hazard. Escalate to line supervisor for scheduling; halt is not automatically required unless tool fracture risk is confirmed by visual inspection.,70791c7ac7
"When we see signs of TWF, should the machine be stopped right away or can it keep running?","The context does not specify what action to take when signs of Tool Wear Failure (TWF) are observed. Therefore, I cannot provide a clear recommendation on whether the machine should be stopped right away or can keep running.",TWF is typically a quality/downtime issue rather than an acute safety hazard. Escalate to line supervisor for scheduling; halt is not automatically required unless tool fracture risk is confirmed by visual inspection.,70791c7ac7
"Who should I report a Tool Wear Failure to on the line, and what’s the normal escalation path?","Report the Tool Wear Failure to the line supervisor immediately. The escalation path is to report high-severity incidents directly to the line supervisor, while low/medium severity should go to the standard maintenance queue. Since Tool Wear Failure is a quality/downtime issue, scheduling for inspection and tool replacement is recommended, but an immediate halt is not required unless a tool fracture risk is confirmed by visual inspection.",TWF is typically a quality/downtime issue rather than an acute safety hazard. Escalate to line supervisor for scheduling; halt is not automatically required unless tool fracture risk is confirmed by visual inspection.,70791c7ac7
"Do we only need to halt production if there’s actual risk of the tool breaking, or for any wear issue?","You only need to halt production if there’s a confirmed risk of tool fracture as indicated by a visual inspection. For other wear issues, like tool wear within the 200–240 minute range, immediate halting is not required unless specific halt criteria are met, such as exceeding power thresholds or multiple failure conditions. Instead, flag the unit for inspection at the next scheduled maintenance window to avoid unnecessary production costs.",TWF is typically a quality/downtime issue rather than an acute safety hazard. Escalate to line supervisor for scheduling; halt is not automatically required unless tool fracture risk is confirmed by visual inspection.,70791c7ac7
What should the operator do after spotting tool wear so the right people can schedule the next step?,"After spotting tool wear greater than 200 minutes, the operator should flag the unit for priority inspection and schedule tool replacement before reaching 240 minutes if the unit is queued for a long run. This ensures the right people can address the issue promptly, as tool wear is driven by time and usage.",TWF is typically a quality/downtime issue rather than an acute safety hazard. Escalate to line supervisor for scheduling; halt is not automatically required unless tool fracture risk is confirmed by visual inspection.,70791c7ac7
What symptoms usually show up when heat dissipation failure happens during low-speed operation?,"Symptoms of heat dissipation failure during low-speed operation include:

- Abnormally high machine or process temperature.
- Weaker than expected cooling performance.
- Temperature rises during sustained or heavy operation.
- Potential derating, triggering of a temperature alarm, or shutdown.

This occurs because low rotational speed reduces airflow and mechanical agitation, leading to insufficient convective heat transfer, especially when process and air temperatures are close together. 

Recommended action: Monitor the temperature differential and operational speed. If both conditions (`temp_diff < 8.6 K` and `Rotational speed < 1380 rpm`) are met, investigate coolant or airflow system issues and consider maintenance.","- Abnormally high machine or process temperature.
- Cooling performance is weaker than expected.
- Temperature rises during sustained or heavy operation.
- The machine may derate, trigger a temperature alarm, or shut down.",ae1dcf3957
How can I tell if the process is in heat dissipation failure just from temperature and air temperature readings?,"To determine if the process is experiencing heat dissipation failure, you need to check both conditions simultaneously:

1. Ensure that the temperature difference between the process and air temperature is small, specifically that `Process temperature - Air temperature < 8.6 K`.
2. Confirm that the rotational speed is low, specifically `Rotational speed < 1380 rpm`.

If both conditions are met, then the process is in heat dissipation failure due to the inability to effectively shed heat. 

**Recommended Action:** Increase the rotational speed or improve airflow to enhance heat dissipation.","- Abnormally high machine or process temperature.
- Cooling performance is weaker than expected.
- Temperature rises during sustained or heavy operation.
- The machine may derate, trigger a temperature alarm, or shut down.",ae1dcf3957
"Does low rotational speed by itself mean HDF is happening, or do I need the temperature gap too?","Low rotational speed by itself does not indicate Heat Dissipation Failure (HDF); you also need the temperature gap (`temp_diff < 8.6 K`). HDF occurs only when both conditions are met simultaneously. To confirm a risk of HDF, monitor both the low rotational speed and the small temperature gap together.","- Abnormally high machine or process temperature.
- Cooling performance is weaker than expected.
- Temperature rises during sustained or heavy operation.
- The machine may derate, trigger a temperature alarm, or shut down.",ae1dcf3957
What exact temperature difference and rpm limits define heat dissipation failure in this process?,"Heat Dissipation Failure occurs when the process temperature is within 8.6 K of the air temperature and the rotational speed is below 1380 rpm. This leads to ineffective heat shedding, resulting in elevated machine temperatures. 

**Recommended Action:** Increase rotational speed above 1380 rpm or improve airflow to enhance heat dissipation and prevent overheating.","- Abnormally high machine or process temperature.
- Cooling performance is weaker than expected.
- Temperature rises during sustained or heavy operation.
- The machine may derate, trigger a temperature alarm, or shut down.",ae1dcf3957
When should I suspect HDF instead of just a normal cooling issue on the machine?,"You should suspect Heat Dissipation Failure (HDF) instead of a normal cooling issue when you observe abnormally high machine or process temperatures, especially if the temperature trends upward beyond normal operating baselines, or if the temperature remains elevated after reducing the load. Additionally, if the cooling performance is weaker than expected, and if cooling-system status is low or unstable, these symptoms indicate HDF.

**Recommended Actions:**
1. Verify temperature readings with a trusted instrument.
2. Inspect and clean cooling components (filters, vents, fans, heat exchangers).
3. Check coolant level, flow, and pressure.
4. Reduce machine load and allow controlled cooling.
5. Repair or replace any defective cooling components.","- Abnormally high machine or process temperature.
- Cooling performance is weaker than expected.
- Temperature rises during sustained or heavy operation.
- The machine may derate, trigger a temperature alarm, or shut down.",ae1dcf3957
What usually causes Heat Dissipation Failure when the spindle is running slowly?,"When the spindle is running slowly, Heat Dissipation Failure occurs due to reduced airflow and mechanical agitation, leading to inadequate heat transfer. If the process temperature is close to the ambient temperature (less than 8.6 K difference), heat accumulates. 

**Recommended Action:** Monitor the temperature gradient and consider forced cooling or increasing rotational speed to mitigate this issue.","- Blocked vents, dirty filters, or restricted airflow.
- Failed or degraded cooling fan, pump, heat exchanger, or coolant circuit.
- Low, contaminated, or leaking coolant or lubricant.
- Excessive process load, friction, or prolonged low-airflow operation.
- Faulty or poorly calibrated temperature sensor.",b2a1fbed0a
Why does cooling get worse if the process and ambient temperatures are already very close?,"When the process and ambient temperatures are very close, heat dissipation worsens due to insufficient thermal gradient, leading to heat accumulation. This occurs because there's not enough driving force to push heat out, particularly at low rotational speeds where airflow decreases.

**Recommended Action:** Verify temperature readings, clean cooling components, check coolant levels and flows, reduce machine load, and repair or replace any defective cooling parts.","- Blocked vents, dirty filters, or restricted airflow.
- Failed or degraded cooling fan, pump, heat exchanger, or coolant circuit.
- Low, contaminated, or leaking coolant or lubricant.
- Excessive process load, friction, or prolonged low-airflow operation.
- Faulty or poorly calibrated temperature sensor.",b2a1fbed0a
How do low rotational speed and weak airflow lead to heat building up around the tool and workpiece?,"Low rotational speed leads to decreased airflow and mechanical agitation around the tool and workpiece, which reduces convective heat transfer. When the process and ambient temperatures are close together, there isn't enough thermal gradient to dissipate heat effectively, causing it to accumulate locally.

**Recommended Action:** Check the rotational speed and monitor the temperature gap. Ensure that airflow and cooling systems are functioning properly. If issues are identified, submit a maintenance ticket.","- Blocked vents, dirty filters, or restricted airflow.
- Failed or degraded cooling fan, pump, heat exchanger, or coolant circuit.
- Low, contaminated, or leaking coolant or lubricant.
- Excessive process load, friction, or prolonged low-airflow operation.
- Faulty or poorly calibrated temperature sensor.",b2a1fbed0a
What makes convective heat transfer too weak to remove process heat in a small thermal gradient situation?,"Convective heat transfer is too weak to remove process heat in a small thermal gradient situation because, at low rotational speeds, airflow and mechanical agitation are reduced, leading to insufficient thermal driving force when process and ambient temperatures are close together (specifically when the temperature difference is less than 8.6 K). This results in local heat accumulation. 

**Recommended Action:** Monitor the temperature difference and increase rotational speed or implement forced cooling if operational conditions trend toward low speed and small temperature gradient.","- Blocked vents, dirty filters, or restricted airflow.
- Failed or degraded cooling fan, pump, heat exchanger, or coolant circuit.
- Low, contaminated, or leaking coolant or lubricant.
- Excessive process load, friction, or prolonged low-airflow operation.
- Faulty or poorly calibrated temperature sensor.",b2a1fbed0a
"In a heat dissipation failure, why can local heat keep accumulating instead of being carried away?","In a heat dissipation failure, local heat accumulates because low rotational speed reduces airflow and mechanical agitation, leading to decreased convective heat transfer. Additionally, if the process temperature is close to the air temperature (less than 8.6 K difference), the thermal gradient is insufficient to effectively dissipate heat. 

Recommended action: Check the operational speed and the temperature gap between process and air. Investigate potential issues like blocked vents, faulty cooling systems, or air filters.","- Blocked vents, dirty filters, or restricted airflow.
- Failed or degraded cooling fan, pump, heat exchanger, or coolant circuit.
- Low, contaminated, or leaking coolant or lubricant.
- Excessive process load, friction, or prolonged low-airflow operation.
- Faulty or poorly calibrated temperature sensor.",b2a1fbed0a
How do I spot the sensor pattern for heat dissipation failure in this machine?,"To spot the sensor pattern for heat dissipation failure (HDF) in the machine, monitor the following:

1. **Temperature Trends**: Look for an upward trend in process or component temperature beyond the normal operating baseline.
2. **Temperature Difference**: Check if the difference between the machine/process temperature and the cooling medium is abnormal.
3. **Post-Load Temperature**: Ensure that temperature remains elevated even after the load is reduced.
4. **Cooling System Status**: Check for low or unstable status in cooling system metrics like fan speed, flow, or pressure.

If these patterns are observed, it indicates HDF. Recommended action is to increase airflow, enhance cooling performance, and inspect the cooling system.","- Process or component temperature trends upward beyond its normal operating baseline.
- The temperature difference between the machine/process and its cooling medium becomes abnormal.
- Temperature remains elevated after load is reduced.
- Cooling-system status, fan speed, flow, or pressure may be low or unstable.",a4415efbd0
What should I calculate from process temperature and air temperature to detect HDF early?,"To detect Heat Dissipation Failure (HDF) early, calculate the temperature difference: `temp_diff = Process temperature − Air temperature`. Monitor for `temp_diff < 8.6 K` while also ensuring that `Rotational speed < 1380 rpm`. This combined condition indicates a risk of HDF. If both criteria are met, take action to increase airflow or rotational speed to improve heat dissipation.","- Process or component temperature trends upward beyond its normal operating baseline.
- The temperature difference between the machine/process and its cooling medium becomes abnormal.
- Temperature remains elevated after load is reduced.
- Cooling-system status, fan speed, flow, or pressure may be low or unstable.",a4415efbd0
"Is low rotational speed alone enough to call a heat dissipation failure, or do I need another condition too?",Low rotational speed alone is not enough to call a heat dissipation failure; it must be combined with a small temperature gradient (process temperature minus air temperature less than 8.6 K). Both conditions must occur simultaneously to identify a heat dissipation failure. Recommended action: Monitor both rotational speed and temperature gradient to accurately assess the risk of heat dissipation failure.,"- Process or component temperature trends upward beyond its normal operating baseline.
- The temperature difference between the machine/process and its cooling medium becomes abnormal.
- Temperature remains elevated after load is reduced.
- Cooling-system status, fan speed, flow, or pressure may be low or unstable.",a4415efbd0
Which values or combination of readings usually point to heat dissipation failure risk?,"Heat Dissipation Failure risk is indicated by a low rotational speed (below 1380 rpm) combined with a small temperature gap (Process temperature - Air temperature < 8.6 K). This situation leads to insufficient thermal gradient for effective heat dissipation.

Recommended action: Monitor both the rotational speed and the temperature gap together. If both conditions are met, initiate maintenance to address potential coolant or airflow system issues.","- Process or component temperature trends upward beyond its normal operating baseline.
- The temperature difference between the machine/process and its cooling medium becomes abnormal.
- Temperature remains elevated after load is reduced.
- Cooling-system status, fan speed, flow, or pressure may be low or unstable.",a4415efbd0
Why can the temperatures look normal even when the machine is heading toward heat dissipation failure?,"The temperatures can appear normal even when a machine is heading toward heat dissipation failure because the individual raw air and process temperatures may not indicate a problem. It's the temperature difference (`temp_diff = Process temperature − Air temperature`) that signals risk, especially when this difference drops below 8.6 K while the rotational speed is also below 1380 rpm. In such cases, reduced airflow and mechanical agitation limit heat dissipation, allowing heat to accumulate locally. 

**Recommended action:** Monitor and compute the `temp_diff` alongside rotational speed to catch potential heat dissipation failure early, rather than relying on individual temperature readings.","- Process or component temperature trends upward beyond its normal operating baseline.
- The temperature difference between the machine/process and its cooling medium becomes abnormal.
- Temperature remains elevated after load is reduced.
- Cooling-system status, fan speed, flow, or pressure may be low or unstable.",a4415efbd0
What should I do when a unit is showing heat dissipation failure and the temperature keeps trending up?,"You are experiencing Heat Dissipation Failure due to low rotational speed (below 1380 rpm) and insufficient thermal gradient (process temperature very close to air temperature). This results in ineffective heat dissipation, leading to rising temperatures.

**Recommended Action:** 
1. Monitor the temperature differential (`temp_diff`).
2. Check the temperature gradient actively.
3. Consider forced cooling or increasing the rotational speed to improve heat dissipation.","- Verify the temperature reading with a trusted instrument when safe to do so.
- Inspect and clean filters, vents, fans, cooling fins, and heat exchangers.
- Check coolant level, flow, pressure, leakage, and condition.
- Reduce machine load and allow controlled cooling according to the operating procedure.
- Repair or replace defective cooling components and recalibrate faulty sensors.",c98d530bd3
Should I monitor a derived temperature difference feature instead of only looking at raw temperature readings for HDF?,"Yes, you should monitor the derived temperature difference feature (`temp_diff = Process temperature − Air temperature`) instead of only looking at raw temperature readings for Heat Dissipation Failure (HDF). This is because the gap between the process temperature and air temperature signals risk, and raw temperatures can appear normal individually. Track `temp_diff` along with rotational speed for early detection of HDF.","- Verify the temperature reading with a trusted instrument when safe to do so.
- Inspect and clean filters, vents, fans, cooling fins, and heat exchangers.
- Check coolant level, flow, pressure, leakage, and condition.
- Reduce machine load and allow controlled cooling according to the operating procedure.
- Repair or replace defective cooling components and recalibrate faulty sensors.",c98d530bd3
"If a machine stays below 1380 rpm for a long time, do I need to check the temperature gradient more closely?","Yes, you need to check the temperature gradient more closely. When a machine runs below 1380 rpm for a long time, and if the temperature difference is small (temp_diff < 8.6 K), there is a risk of Heat Dissipation Failure (HDF) because insufficient airflow and mechanical agitation can lead to overheating. It is recommended to actively monitor the temperature gradient and consider forced cooling or increasing rotational speed if both conditions are trending toward the threshold.","- Verify the temperature reading with a trusted instrument when safe to do so.
- Inspect and clean filters, vents, fans, cooling fins, and heat exchangers.
- Check coolant level, flow, pressure, leakage, and condition.
- Reduce machine load and allow controlled cooling according to the operating procedure.
- Repair or replace defective cooling components and recalibrate faulty sensors.",c98d530bd3
"Is low rotational speed always safe in heat dissipation failure cases, or should I verify cooling conditions too?",Low rotational speed is not always safe in heat dissipation failure cases. You should verify cooling conditions because heat dissipation failure occurs when low speed is combined with a small temperature difference. Monitor both factors jointly to assess the risk accurately.,"- Verify the temperature reading with a trusted instrument when safe to do so.
- Inspect and clean filters, vents, fans, cooling fins, and heat exchangers.
- Check coolant level, flow, pressure, leakage, and condition.
- Reduce machine load and allow controlled cooling according to the operating procedure.
- Repair or replace defective cooling components and recalibrate faulty sensors.",c98d530bd3
"When both low speed and temperature trend are moving toward the limit, is forced cooling or higher rpm the better fix?","When both low speed and temperature trend are moving toward the limit, it indicates a potential Heat Dissipation Failure (HDF) risk. This is because the small temperature gradient and low rotational speed combined can hinder effective heat shedding. The recommended action is to consider either forced cooling or increasing the rotational speed. Both options may alleviate the HDF risk, but a specific context analysis would be necessary to determine which is more effective in a given situation.","- Verify the temperature reading with a trusted instrument when safe to do so.
- Inspect and clean filters, vents, fans, cooling fins, and heat exchangers.
- Check coolant level, flow, pressure, leakage, and condition.
- Reduce machine load and allow controlled cooling according to the operating procedure.
- Repair or replace defective cooling components and recalibrate faulty sensors.",c98d530bd3
How can I tell if a sustained low thermal gradient at low speed is pointing to an upstream coolant or airflow problem?,"A sustained low thermal gradient at low speed indicates potential upstream coolant or airflow issues. This occurs because low speed reduces airflow and heat transfer efficiency, leading to local heat accumulation. Recommend submitting a maintenance ticket to investigate coolant levels, airflow obstructions, or equipment condition.","- Stop the machine if temperature exceeds its approved limit or smoke, odor, leakage, or rapid heating occurs.
- Do not open a pressurized or hot cooling system until it is isolated and cooled.
- Apply lockout/tagout before accessing fans, pumps, or internal components.
- Escalate recurring overheating to maintenance and process engineering.",1fa2bd4467
Should I open a maintenance ticket if the machine has a low thermal gradient at low speed but hasn’t actually failed yet?,"You should open a maintenance ticket. The sustained low thermal gradient at low speed may indicate potential coolant or airflow issues, which can lead to overheating and heat dissipation problems. Addressing this early is advisable, even if the machine hasn’t failed yet.","- Stop the machine if temperature exceeds its approved limit or smoke, odor, leakage, or rapid heating occurs.
- Do not open a pressurized or hot cooling system until it is isolated and cooled.
- Apply lockout/tagout before accessing fans, pumps, or internal components.
- Escalate recurring overheating to maintenance and process engineering.",1fa2bd4467
Is low thermal gradient during slow operation an early warning for heat dissipation issues?,"Yes, a sustained low thermal gradient during slow operation can be an early warning for heat dissipation issues. This condition indicates potential coolant or airflow system problems. It is recommended to file a maintenance ticket to investigate the upstream systems, even if a failure hasn't occurred yet.","- Stop the machine if temperature exceeds its approved limit or smoke, odor, leakage, or rapid heating occurs.
- Do not open a pressurized or hot cooling system until it is isolated and cooled.
- Apply lockout/tagout before accessing fans, pumps, or internal components.
- Escalate recurring overheating to maintenance and process engineering.",1fa2bd4467
What upstream systems should I check first when I see a sustained low thermal gradient at low speed?,"When you see a sustained low thermal gradient at low speed, it indicates potential issues with the coolant or airflow systems upstream. The combination of low rotational speed and a small temperature gradient reduces convective heat transfer, leading to localized heat accumulation.

**Recommended Action:** Check the coolant and airflow systems for any blockages or malfunctions, as they may be impacting heat dissipation. A maintenance ticket is advisable even if a failure hasn't occurred yet.","- Stop the machine if temperature exceeds its approved limit or smoke, odor, leakage, or rapid heating occurs.
- Do not open a pressurized or hot cooling system until it is isolated and cooled.
- Apply lockout/tagout before accessing fans, pumps, or internal components.
- Escalate recurring overheating to maintenance and process engineering.",1fa2bd4467
"How serious is it when the thermal gradient stays low at low speed, and what’s the next step?","When the thermal gradient stays low at low speed, it indicates a potential issue with coolant or airflow systems, which could lead to overheating. This situation arises because low rotational speed reduces airflow and mechanical agitation, creating insufficient heat dissipation. 

The recommended action is to generate a maintenance ticket to investigate and address potential coolant or airflow issues, even if a failure hasn't yet occurred.","- Stop the machine if temperature exceeds its approved limit or smoke, odor, leakage, or rapid heating occurs.
- Do not open a pressurized or hot cooling system until it is isolated and cooled.
- Apply lockout/tagout before accessing fans, pumps, or internal components.
- Escalate recurring overheating to maintenance and process engineering.",1fa2bd4467
What signs should I look for if the machine is getting underpowered during the cut?,"If the machine feels underpowered during the cut, it may indicate that the computed mechanical power has fallen below 3500 W due to insufficient torque relative to the current rotational speed. This can lead to an incomplete or stalled process. 

**Recommended Action:** Check the computed power value to confirm it is below 3500 W, assess torque and rotational speed, and adjust settings or inspect the machine for potential mechanical issues.","Power failure is triggered when the mechanical power delivered to the process falls outside a safe operating band — either too low (insufficient power to complete the cut) or too high (overpowering the process).

Failure occurs when:
- `Power < 3500 W` (underpowered — torque too low relative to speed, risk of incomplete/stalled process), or
- `Power > 9000 W` (overpowered — excessive torque relative to speed, risk of mechanical overload)",3bdafab7ac
At what power level does a power failure start because the output is too low?,"Power failure starts when the output is too low, specifically at a power level of less than 3500 W. This occurs due to insufficient torque relative to speed, risking an incomplete or stalled process. The recommended action is to check and adjust the torque and rotational speed to bring the computed power back within the safe operating range of 3500–9000 W.","Power failure is triggered when the mechanical power delivered to the process falls outside a safe operating band — either too low (insufficient power to complete the cut) or too high (overpowering the process).

Failure occurs when:
- `Power < 3500 W` (underpowered — torque too low relative to speed, risk of incomplete/stalled process), or
- `Power > 9000 W` (overpowered — excessive torque relative to speed, risk of mechanical overload)",3bdafab7ac
How can I tell if the process is being overloaded by too much mechanical power?,"You can tell the process is being overloaded by too much mechanical power if the computed power exceeds 9000 W. This indicates excessive torque relative to speed, risking mechanical overload. 

**Recommended Action:** Monitor power as a derived feature in real-time, and if power trends toward or exceeds 9000 W, adjust torque or speed setpoints to prevent reaching the overload limit.","Power failure is triggered when the mechanical power delivered to the process falls outside a safe operating band — either too low (insufficient power to complete the cut) or too high (overpowering the process).

Failure occurs when:
- `Power < 3500 W` (underpowered — torque too low relative to speed, risk of incomplete/stalled process), or
- `Power > 9000 W` (overpowered — excessive torque relative to speed, risk of mechanical overload)",3bdafab7ac
What’s the upper power limit where the machine moves into a power failure condition?,"The upper power limit where the machine moves into a power failure condition is 9000 W. At this threshold, the machine risks being overpowered, which can lead to mechanical overload. 

**Recommended Action:** Monitor power closely and adjust torque or speed setpoints if power trends towards this limit to prevent reaching the threshold.","Power failure is triggered when the mechanical power delivered to the process falls outside a safe operating band — either too low (insufficient power to complete the cut) or too high (overpowering the process).

Failure occurs when:
- `Power < 3500 W` (underpowered — torque too low relative to speed, risk of incomplete/stalled process), or
- `Power > 9000 W` (overpowered — excessive torque relative to speed, risk of mechanical overload)",3bdafab7ac
Why would a power failure happen when torque and speed are no longer in a safe range?,"A power failure can occur when torque and speed are in a compensatory pattern, such as very high torque with very low speed or vice versa. This can drive the computed power outside the safe range of 3500–9000 W, even if torque and speed appear normal in isolation. Recommended action is to check the computed power value and adjust operations to ensure it remains within the safe operating band.","Power failure is triggered when the mechanical power delivered to the process falls outside a safe operating band — either too low (insufficient power to complete the cut) or too high (overpowering the process).

Failure occurs when:
- `Power < 3500 W` (underpowered — torque too low relative to speed, risk of incomplete/stalled process), or
- `Power > 9000 W` (overpowered — excessive torque relative to speed, risk of mechanical overload)",3bdafab7ac
"What usually causes a power failure alarm on this machine, and how is power actually calculated?","A power failure alarm on the machine is usually caused by the computed power falling below 3500 W (indicating it's underpowered) or exceeding 9000 W (indicating it’s overpowered). Power is calculated using the formula: `Power [W] = Torque [Nm] × Rotational speed [rpm] × (2π / 60)`.

Recommended action: Monitor and adjust torque and speed to maintain power within the safe operating range (between 3500 W and 9000 W).","Power is a derived quantity, not a directly measured sensor value:

```
Power [W] = Torque [Nm] × Rotational speed [rad/s]
          = Torque [Nm] × Rotational speed [rpm] × (2π / 60)
```",fa3303819f
Why does the system show a power failure even though there’s no direct power sensor reading?,"The system shows a power failure because power is a derived quantity calculated from torque and rotational speed, rather than being directly measured. Even if torque and speed appear normal individually, their combination can yield a power value that falls outside the safe operating band (either below 3500 W or above 9000 W).

Recommended action: Compute and monitor power as a first-class feature, and ensure it remains within the safe operating limits. Adjust torque or speed setpoints if power trends toward either boundary.","Power is a derived quantity, not a directly measured sensor value:

```
Power [W] = Torque [Nm] × Rotational speed [rad/s]
          = Torque [Nm] × Rotational speed [rpm] × (2π / 60)
```",fa3303819f
How do torque and rotational speed combine to give the power value in this fault case?,"**What's Happening:** The motor feels underpowered because the computed mechanical power falls below 3500 W due to a mismatch between torque and rotational speed.

**Why:** Even if torque and rotational speed appear normal when evaluated separately, their combination can result in insufficient power, indicating a potential process stall or incompleteness.

**Recommended Action:** Always calculate the derived power value using the formula `Power [W] = Torque [Nm] × Rotational speed [rpm] × (2π / 60)`. Monitor this computed power, rather than torque and speed in isolation, to diagnose any issues accurately.","Power is a derived quantity, not a directly measured sensor value:

```
Power [W] = Torque [Nm] × Rotational speed [rad/s]
          = Torque [Nm] × Rotational speed [rpm] × (2π / 60)
```",fa3303819f
Can you explain the formula used to derive power from torque and rpm during a power failure check?,"The formula to derive power from torque and rpm during a power failure check is:

\[ 
\text{Power [W]} = \text{Torque [Nm]} \times \text{Rotational speed [rpm]} \times \left( \frac{2\pi}{60} \right) 
\]

This calculation converts the rotational speed from rpm to rad/s to determine the mechanical power. During a power failure check, ensure that the computed power remains within the safe operating band (between 3500 W and 9000 W) to avoid underpowering or overpowering the process. If power falls below 3500 W, it's crucial to inspect both torque and rpm together, not in isolation, to identify the underlying issue accurately.","Power is a derived quantity, not a directly measured sensor value:

```
Power [W] = Torque [Nm] × Rotational speed [rad/s]
          = Torque [Nm] × Rotational speed [rpm] × (2π / 60)
```",fa3303819f
"If I’m troubleshooting a PWF fault, what should I know about where the power value comes from?","When troubleshooting a Power Failure (PWF) fault, it's important to understand that power is derived from torque and rotational speed. The formula used is `Power = Torque × Rotational speed`, with rotational speed often in rpm. A reading of torque or speed may seem normal individually, but can still result in an abnormal power value, which is essential to monitor.

If you encounter a PWF fault, check active alarms, ensure the electrical supply is acceptable, inspect all related components, and confirm that both commanded and measured values for speed, torque, current, and power align. Look for compensatory patterns, such as high torque with low speed, which indicates a potential issue. Always resolve any detected faults before resetting protection devices.","Power is a derived quantity, not a directly measured sensor value:

```
Power [W] = Torque [Nm] × Rotational speed [rad/s]
          = Torque [Nm] × Rotational speed [rpm] × (2π / 60)
```",fa3303819f
How do I spot a power failure from the sensor data without getting fooled by normal-looking torque or speed readings?,"To spot a power failure from sensor data, compute the derived power value using both torque and rotational speed. Anomalies might occur when torque is very high with very low speed (or vice versa), which could result in computed power falling outside the safe range (3500–9000 W). 

Always evaluate the computed power rather than torque or speed in isolation to avoid misdiagnosis. If the computed power is outside the safe range, investigate potential overload or mechanical resistance issues.","- Compute the derived `power` feature from torque and rotational speed; do not evaluate torque or speed in isolation
- A torque or rotational speed reading that looks ""normal"" in isolation can still produce an out-of-band power value — always check the product, not the individual factors
- Look for compensatory patterns: very high torque with very low speed (or vice versa) is the classic PWF signature

**Common misdiagnosis:** Torque or rotational speed alone appearing ""in range"" does not rule out PWF — always check the computed power value.",ed6de6dd8d
"What sensor pattern usually points to a power failure, especially when torque and rotational speed seem to offset each other?","The sensor pattern indicating a power failure typically shows very high torque with very low rotational speed, or very high speed with very low torque. This compensatory behavior can push the computed power outside the safe range of 3500–9000 W, even if individual values seem normal.

**Recommended Action:** Always compute and monitor the derived power value from torque and speed, rather than assessing them in isolation. If power falls below 3500 W or exceeds 9000 W, investigate further for potential issues.","- Compute the derived `power` feature from torque and rotational speed; do not evaluate torque or speed in isolation
- A torque or rotational speed reading that looks ""normal"" in isolation can still produce an out-of-band power value — always check the product, not the individual factors
- Look for compensatory patterns: very high torque with very low speed (or vice versa) is the classic PWF signature

**Common misdiagnosis:** Torque or rotational speed alone appearing ""in range"" does not rule out PWF — always check the computed power value.",ed6de6dd8d
"Should I check torque and speed separately, or is there a derived power value I need to watch for power failure detection?","You should monitor the derived power value rather than checking torque and speed separately. Power is calculated using the formula \( \text{Power [W]} = \text{Torque [Nm]} \times \text{Rotational speed [rpm]} \times \left(\frac{2\pi}{60}\right) \). It's crucial to watch this computed power value to detect power failure, as both torque and speed can appear normal individually but may combine to produce an out-of-band power value. If power trends near 3500 W or 9000 W, adjust the torque or speed setpoints accordingly.","- Compute the derived `power` feature from torque and rotational speed; do not evaluate torque or speed in isolation
- A torque or rotational speed reading that looks ""normal"" in isolation can still produce an out-of-band power value — always check the product, not the individual factors
- Look for compensatory patterns: very high torque with very low speed (or vice versa) is the classic PWF signature

**Common misdiagnosis:** Torque or rotational speed alone appearing ""in range"" does not rule out PWF — always check the computed power value.",ed6de6dd8d
Can power failure still be present if torque or rotational speed looks in range on its own?,"Yes, power failure can still be present even if torque or rotational speed appears normal on their own. This is because power is derived from both torque and speed. Always compute the power value to check for abnormalities, as normal readings in isolation can still yield out-of-band power values. Recommended action: evaluate the computed power value, not just the individual torque and speed readings.","- Compute the derived `power` feature from torque and rotational speed; do not evaluate torque or speed in isolation
- A torque or rotational speed reading that looks ""normal"" in isolation can still produce an out-of-band power value — always check the product, not the individual factors
- Look for compensatory patterns: very high torque with very low speed (or vice versa) is the classic PWF signature

**Common misdiagnosis:** Torque or rotational speed alone appearing ""in range"" does not rule out PWF — always check the computed power value.",ed6de6dd8d
What’s the usual signature of PWF in the readings when one signal is high and the other is low?,"The usual signature of Power Failure (PWF) in the readings occurs when there is very high torque with very low rotational speed, or vice versa. This compensatory pattern can cause the computed power to exceed the safe range of 3500–9000 W, even if individual torque or speed values appear normal. 

Recommended action: Always compute the derived power feature and assess it against the safe range, rather than evaluating torque or speed in isolation.","- Compute the derived `power` feature from torque and rotational speed; do not evaluate torque or speed in isolation
- A torque or rotational speed reading that looks ""normal"" in isolation can still produce an out-of-band power value — always check the product, not the individual factors
- Look for compensatory patterns: very high torque with very low speed (or vice versa) is the classic PWF signature

**Common misdiagnosis:** Torque or rotational speed alone appearing ""in range"" does not rule out PWF — always check the computed power value.",ed6de6dd8d
What should I do when a power failure condition starts trending toward the low or high limit in the process?,"When power trends toward the low limit (below 3500 W) or high limit (above 9000 W), it indicates a potential power failure condition due to insufficient or excessive torque relative to speed. 

**Recommended Action:** Adjust the torque or speed setpoints before reaching the limits to maintain power within the safe operating band (3500–9000 W). Additionally, compute and monitor power as a critical metric in your dashboard.","1. Compute and monitor `power` as a first-class derived feature in any real-time dashboard — do not rely on operators reading torque and speed separately.
2. If power trends toward either boundary (3500 W or 9000 W), adjust torque or speed setpoints before the process reaches the limit.
3. Investigate drive/motor calibration if power drifts outside band without an obvious setpoint change.",54e5187ac8
How can I use power monitoring in a real-time dashboard to catch a power failure early?,"To catch a power failure early using power monitoring in a real-time dashboard, compute and monitor power as a derived feature instead of relying on operators reading torque and speed separately. If power trends toward the boundaries of 3500 W or 9000 W, take proactive measures by adjusting the torque or speed setpoints before reaching those limits. Additionally, investigate drive/motor calibration if power drifts outside the safe operating range without any setpoint change.","1. Compute and monitor `power` as a first-class derived feature in any real-time dashboard — do not rely on operators reading torque and speed separately.
2. If power trends toward either boundary (3500 W or 9000 W), adjust torque or speed setpoints before the process reaches the limit.
3. Investigate drive/motor calibration if power drifts outside band without an obvious setpoint change.",54e5187ac8
"If power drifts outside the normal band without any setpoint change, what should I check on the drive or motor?","If power drifts outside the normal band without any setpoint change, you should check the drive/motor calibration. This could indicate a fault in the system, such as a supply interruption, loose connection, or mechanical issues. Recommended action includes inspecting the electrical connections, ensuring alignment, and verifying that all components are functioning correctly.","1. Compute and monitor `power` as a first-class derived feature in any real-time dashboard — do not rely on operators reading torque and speed separately.
2. If power trends toward either boundary (3500 W or 9000 W), adjust torque or speed setpoints before the process reaches the limit.
3. Investigate drive/motor calibration if power drifts outside band without an obvious setpoint change.",54e5187ac8
"When power is moving toward 3500 W or 9000 W, is it better to adjust torque or speed first?","When power is moving toward 3500 W or 9000 W, it is recommended to adjust torque or speed setpoints before reaching the limit. This adjustment is necessary to maintain the computed power within the safe operating band.","1. Compute and monitor `power` as a first-class derived feature in any real-time dashboard — do not rely on operators reading torque and speed separately.
2. If power trends toward either boundary (3500 W or 9000 W), adjust torque or speed setpoints before the process reaches the limit.
3. Investigate drive/motor calibration if power drifts outside band without an obvious setpoint change.",54e5187ac8
What is the best operator action for preventing a power failure before the process hits the boundary?,"To prevent a power failure before the process hits the boundary, monitor power as a derived feature in real-time and adjust torque or speed setpoints if power trends toward either boundary (3500 W or 9000 W). This action is necessary to avoid underpowering (less than 3500 W) or overpowering (more than 9000 W) the process.","1. Compute and monitor `power` as a first-class derived feature in any real-time dashboard — do not rely on operators reading torque and speed separately.
2. If power trends toward either boundary (3500 W or 9000 W), adjust torque or speed setpoints before the process reaches the limit.
3. Investigate drive/motor calibration if power drifts outside band without an obvious setpoint change.",54e5187ac8
"For a Power Failure issue, how should we handle escalation and what safety risks should we watch for?","For a Power Failure issue, escalate high-priority events where power exceeds 9000 W due to acute mechanical risk, potentially damaging equipment. Watch for risks of mechanical overload and incomplete or stalled processes if power falls below 3500 W. Recommended action includes immediate escalation to maintain safety and mitigate risks.",Overpower events (>9000 W) carry higher acute mechanical risk (potential for equipment damage) than underpower events and should be escalated with higher priority.,78b97cfea5
Is overpower above 9000 W considered more urgent than underpower in a Power Failure case?,"Yes, overpower above 9000 W is considered more urgent than underpower in a Power Failure case, as it carries higher acute mechanical risk and should be escalated with higher priority.",Overpower events (>9000 W) carry higher acute mechanical risk (potential for equipment damage) than underpower events and should be escalated with higher priority.,78b97cfea5
"What’s the main mechanical risk during a PWF event, and does it need higher-priority escalation?","The main mechanical risk during a Power Failure event, particularly with overpower (above 9000 W), is the potential for equipment damage due to mechanical overload. This situation requires higher-priority escalation for immediate investigation and action to prevent further issues.",Overpower events (>9000 W) carry higher acute mechanical risk (potential for equipment damage) than underpower events and should be escalated with higher priority.,78b97cfea5
"When the machine hits an overpower condition, should we treat it as a higher-priority safety concern than low power?","Yes, an overpower condition should be treated as a higher-priority safety concern than low power. Overpower events (>9000 W) carry a higher acute mechanical risk, including potential equipment damage, and should be escalated with higher priority.",Overpower events (>9000 W) carry higher acute mechanical risk (potential for equipment damage) than underpower events and should be escalated with higher priority.,78b97cfea5
"In a power failure scenario, does going over 9000 W mean more chance of equipment damage and faster escalation?","Yes, going over 9000 W increases the chance of equipment damage and requires faster escalation due to the higher acute mechanical risk associated with overpower events.",Overpower events (>9000 W) carry higher acute mechanical risk (potential for equipment damage) than underpower events and should be escalated with higher priority.,78b97cfea5
"How do I know if this overstrain failure is happening on the machine, and what should I look for in the torque and tool-wear data?","To determine if overstrain failure is occurring, calculate the strain indicator using the formula:

```
strain_indicator = Tool wear [min] × Torque [Nm]
```

Look for the strain indicator value exceeding the variant-specific threshold (L ≈ 11,000, M ≈ 12,000, H ≈ 13,000 min·Nm). Both tool wear and torque levels matter; a low wear tool can still fail under high torque. 

Recommended action: Regularly monitor both tool wear and torque data to prevent exceeding the thresholds and consider adjusting the torque applied if nearing the critical limits.","- Excessive mechanical load, torque, vibration, or deformation.
- Reduced speed, poor process quality, or difficulty completing the operation.
- Accelerated wear, cracking, bending, or breakage of tools or components.
- Overload or torque-limit alarms may occur.",da179b1e6d
Why would the same wear and torque readings be fine on one product variant but trip a failure on another one?,"The same wear and torque readings can be safe on one product variant but trigger a failure on another due to variant-specific thresholds for Overstrain Failure, which depend on the product's quality type (Low, Medium, High). Each variant has different thresholds for tool wear multiplied by torque (11,000 min·Nm for Low, 12,000 for Medium, and 13,000 for High). 

Recommended action: Always compute `Tool wear × Torque` against the specific threshold for the product's quality variant to avoid misdiagnosis.","- Excessive mechanical load, torque, vibration, or deformation.
- Reduced speed, poor process quality, or difficulty completing the operation.
- Accelerated wear, cracking, bending, or breakage of tools or components.
- Overload or torque-limit alarms may occur.",da179b1e6d
"What strain indicator value should I treat as the limit for low, medium, and high quality parts before overstrain kicks in?","The strain indicator values for low, medium, and high quality parts are approximately 11,000 min·Nm for Low (L), 12,000 min·Nm for Medium (M), and 13,000 min·Nm for High (H) quality variants. Exceeding these thresholds can lead to Overstrain Failure, which poses a mechanical overstrain risk. It is recommended to monitor these values closely and treat any threshold breaches as high priority.","- Excessive mechanical load, torque, vibration, or deformation.
- Reduced speed, poor process quality, or difficulty completing the operation.
- Accelerated wear, cracking, bending, or breakage of tools or components.
- Overload or torque-limit alarms may occur.",da179b1e6d
"Does overstrain failure come from just high torque, or is it the combination of torque and tool wear that matters here?","Overstrain failure is caused by the combination of torque and tool wear, as indicated by the `strain_indicator = Tool wear [min] × Torque [Nm]`. Both factors influence the risk—neither high torque nor tool wear alone can predict failure accurately. To prevent overstrain failure, always compute the strain indicator against the variant-specific threshold for the equipment type.","- Excessive mechanical load, torque, vibration, or deformation.
- Reduced speed, poor process quality, or difficulty completing the operation.
- Accelerated wear, cracking, bending, or breakage of tools or components.
- Overload or torque-limit alarms may occur.",da179b1e6d
"If I’m monitoring predictive maintenance, how do I compare the strain indicator against the variant-specific threshold to catch this failure early?","To compare the strain indicator against the variant-specific threshold to catch Overstrain Failure early, you should compute the `strain_indicator` using the formula `Tool wear [min] × Torque [Nm]`. Then, compare this calculated value against the variant-specific thresholds: 11,000 min·Nm for Low (L), 12,000 min·Nm for Medium (M), and 13,000 min·Nm for High (H). 

Make sure to use the appropriate threshold for the specific product variant you are monitoring; applying a global threshold could lead to misdiagnosis. If the strain indicator exceeds the variant-specific threshold, it indicates the risk of Overstrain Failure, and maintenance action should be taken immediately.","- Excessive mechanical load, torque, vibration, or deformation.
- Reduced speed, poor process quality, or difficulty completing the operation.
- Accelerated wear, cracking, bending, or breakage of tools or components.
- Overload or torque-limit alarms may occur.",da179b1e6d
What usually causes an overstrain failure in predictive maintenance terms?,"Overstrain failure occurs when accumulated mechanical strain, determined by tool wear and the applied torque, exceeds a product-specific threshold. This situation arises due to the interaction of tool wear and the amount of torque being applied, potentially leading to tool or workpiece failure.

Recommended action: Monitor the strain indicator closely, stop operations immediately if signs of cracking, vibration, or deformation are observed, and escalate recurring overstrain events to maintenance and engineering teams.","- Operating load exceeds the tool or component's rated capacity.
- A worn or damaged tool requires greater force to perform the process.
- Misalignment, jamming, improper feed, or unsuitable work material.
- Incorrect operating parameters or tooling selection.
- Weak, fatigued, or improperly installed mechanical components.",6fda618d5b
How do tool wear and applied torque combine to create the strain indicator?,"Tool wear and applied torque combine to create the strain indicator by calculating accumulated mechanical strain. The strain indicator is derived from the formula:

```
strain_indicator = Tool wear [min] × Torque [Nm]
```

As the tool wears down, its effectiveness decreases, and when higher torque is applied, this can lead to an increase in strain. If the strain indicator exceeds specific thresholds for the equipment variant, it can trigger Overstrain Failure (OSF). 

Recommended action is to monitor both tool wear and torque closely. If the strain indicator approaches the thresholds (L ≈ 11,000, M ≈ 12,000, H ≈ 13,000 min·Nm), take preventive measures to avoid OSF, such as replacing the tool or adjusting torque levels before failure occurs.","- Operating load exceeds the tool or component's rated capacity.
- A worn or damaged tool requires greater force to perform the process.
- Misalignment, jamming, improper feed, or unsuitable work material.
- Incorrect operating parameters or tooling selection.
- Weak, fatigued, or improperly installed mechanical components.",6fda618d5b
Is there a simple formula for estimating overstrain risk from wear and torque?,"Yes, there is a simple formula for estimating overstrain risk from wear and torque:

```
strain_indicator = Tool wear [min] × Torque [Nm]
```

This formula measures accumulated mechanical strain, which is crucial because both tool wear and applied torque contribute to the risk of Overstrain Failure (OSF). If the `strain_indicator` exceeds specific thresholds based on product type (L ≈ 11,000, M ≈ 12,000, H ≈ 13,000 min·Nm), the risk for OSF increases.

**Recommended Action**: Always consider the product type thresholds when assessing risk. If operating near these thresholds, reduce torque setpoints or schedule earlier tool replacements. Monitor cumulative wear×torque trends, especially for premium variants during long production runs.","- Operating load exceeds the tool or component's rated capacity.
- A worn or damaged tool requires greater force to perform the process.
- Misalignment, jamming, improper feed, or unsuitable work material.
- Incorrect operating parameters or tooling selection.
- Weak, fatigued, or improperly installed mechanical components.",6fda618d5b
Can overstrain failure be explained as a buildup of strain from a worn tool under load?,"Yes, overstrain failure can be explained as a buildup of strain from a worn tool under load. The strain accumulates based on both the wear of the tool and the torque applied, as indicated by the formula `strain_indicator = Tool wear [min] × Torque [Nm]`. It is important to monitor both factors to prevent exceeding the variant-specific threshold for overstrain failure. Recommended action includes regular monitoring of tool wear and torque levels to mitigate the risk of overstrain.","- Operating load exceeds the tool or component's rated capacity.
- A worn or damaged tool requires greater force to perform the process.
- Misalignment, jamming, improper feed, or unsuitable work material.
- Incorrect operating parameters or tooling selection.
- Weak, fatigued, or improperly installed mechanical components.",6fda618d5b
What factors should I check first when trying to trace the root cause of OSF?,"To trace the root cause of Overstrain Failure (OSF), check the following factors first:

1. **Tool Wear**: Assess how worn the tool is.
2. **Torque Levels**: Evaluate the amount of torque currently being applied.

Calculate the strain indicator using the formula: `strain_indicator = Tool wear × Torque`. Ensure to compare the computed product against the variant-specific threshold for the product's type (L/M/H). 

Recommended action: If the strain indicator is close to or exceeds the threshold, consider reducing torque or replacing the tool to prevent OSF.","- Operating load exceeds the tool or component's rated capacity.
- A worn or damaged tool requires greater force to perform the process.
- Misalignment, jamming, improper feed, or unsuitable work material.
- Incorrect operating parameters or tooling selection.
- Weak, fatigued, or improperly installed mechanical components.",6fda618d5b
"How do I tell if an OSF case is really there from the sensor data, and which fields do I need to look at?","To determine if an OSF case is present from the sensor data, look for the derived feature `strain_indicator`, which is calculated as `Tool wear × Torque`. Ensure that the following fields are available: Type, Tool wear, and Torque. If the product quality variant (Type) and the computed strain_indicator exceed a specified threshold, it indicates a potential OSF case.","- Torque, force, strain, or motor current rises above the normal process baseline.
- High load persists or increases while speed or output decreases.
- Vibration or acoustic-emission levels increase under load.
- Tool-wear indicators and load measurements deteriorate together.",b2d23ef2a6
"For Overstrain Failure, should I be checking tool wear and torque separately, or is there some combined value that matters more?","For Overstrain Failure, you should not check tool wear and torque separately; instead, focus on the combined value, known as the strain indicator, which is calculated as `strain_indicator = Tool wear [min] × Torque [Nm]`. This combined value is what determines the risk of Overstrain Failure, as both factors influence strain accumulation. Always compute this product against the variant-specific threshold to assess the risk properly.","- Torque, force, strain, or motor current rises above the normal process baseline.
- High load persists or increases while speed or output decreases.
- Vibration or acoustic-emission levels increase under load.
- Tool-wear indicators and load measurements deteriorate together.",b2d23ef2a6
"Do the OSF limits change by machine type, or is there one threshold that works for every variant?","The OSF limits change by machine type as each product variant (Low, Medium, High) has its own specific threshold for Overstrain Failure. Using a single threshold for all variants can lead to misclassifications. The recommended action is to always incorporate the product's `Type` (L/M/H) when checking against the OSF thresholds to ensure accurate risk assessment.","- Torque, force, strain, or motor current rises above the normal process baseline.
- High load persists or increases while speed or output decreases.
- Vibration or acoustic-emission levels increase under load.
- Tool-wear indicators and load measurements deteriorate together.",b2d23ef2a6
"Can a worn tool at moderate torque and a new tool at high torque both end up as OSF, or is only one of those actually a failure?","Both a worn tool at moderate torque and a new tool at high torque can end up as Overstrain Failure (OSF) because the risk depends on their combined effect on the strain indicator, not just on wear or torque alone. The strain indicator is calculated as `Tool wear [min] × Torque [Nm]`, and if this product exceeds the variant-specific threshold, OSF occurs. Therefore, it's essential to compute this product and compare it against the threshold rather than relying on wear level or torque alone.","- Torque, force, strain, or motor current rises above the normal process baseline.
- High load persists or increases while speed or output decreases.
- Vibration or acoustic-emission levels increase under load.
- Tool-wear indicators and load measurements deteriorate together.",b2d23ef2a6
"What usually goes wrong when people diagnose OSF, especially if they use the same limit for all variants?","When diagnosing Overstrain Failure (OSF) using the same limit for all variants, misclassification occurs. This is because the safe thresholds for tool wear and torque are product-quality-dependent. Applying a single global threshold can lead to false positives for Low (L) quality variants and false negatives for High (H) quality variants. 

**Recommended Action:** Always include product `Type` (L/M/H) in the OSF check to ensure accurate risk assessment.","- Torque, force, strain, or motor current rises above the normal process baseline.
- High load persists or increases while speed or output decreases.
- Vibration or acoustic-emission levels increase under load.
- Tool-wear indicators and load measurements deteriorate together.",b2d23ef2a6
What should I do when an OSF alarm shows up on the machine?,"When an OSF alarm shows up on the machine, it indicates a genuine mechanical overstrain risk. This can lead to tool or workpiece failure. You should immediately notify the line supervisor since this is considered a high-severity incident. It's important to treat it as a higher priority than other failure types alone.","- Stop or reduce the load according to the approved operating procedure.
- Inspect the tool and loaded components for wear, cracks, deformation, or looseness.
- Check alignment, lubrication, material feed, clamping, and process settings.
- Replace damaged or end-of-life tooling and components.
- Verify that the equipment and tool ratings match the intended operation.",e9380cebc6
"Do I need to include the product type, like L, M, or H, when checking for overstrain failure risk?","Yes, you need to include the product type (L, M, or H) when checking for overstrain failure risk. The overstrain thresholds are dependent on the product's quality variant, meaning the same torque and tool wear values can lead to failure in one product type while being safe in another. Therefore, always compute the strain against the variant-specific threshold based on the product type.","- Stop or reduce the load according to the approved operating procedure.
- Inspect the tool and loaded components for wear, cracks, deformation, or looseness.
- Check alignment, lubrication, material feed, clamping, and process settings.
- Replace damaged or end-of-life tooling and components.
- Verify that the equipment and tool ratings match the intended operation.",e9380cebc6
"For long runs on the high-end variant, should I watch just the current torque or the wear multiplied by torque over time?","For long runs on the high-end (H) variant, you should monitor the cumulative wear multiplied by torque over time, not just the current torque. This is important because the cumulative wear×torque trend gives a better indication of potential failure risk than current torque alone. If a batch is running near its variant threshold, consider reducing the torque setpoint or scheduling earlier tool replacement.","- Stop or reduce the load according to the approved operating procedure.
- Inspect the tool and loaded components for wear, cracks, deformation, or looseness.
- Check alignment, lubrication, material feed, clamping, and process settings.
- Replace damaged or end-of-life tooling and components.
- Verify that the equipment and tool ratings match the intended operation.",e9380cebc6
"If the batch is close to the OSF threshold, is it better to lower the torque setting or change the tool sooner?","If the batch is running near its variant threshold, it is recommended to either lower the torque setpoint or schedule earlier tool replacement. This action helps mitigate the risk of Overstrain Failure by addressing both torque levels and tool wear.","- Stop or reduce the load according to the approved operating procedure.
- Inspect the tool and loaded components for wear, cracks, deformation, or looseness.
- Check alignment, lubrication, material feed, clamping, and process settings.
- Replace damaged or end-of-life tooling and components.
- Verify that the equipment and tool ratings match the intended operation.",e9380cebc6
Can a simple threshold check without variant info misread the overstrain failure risk?,"Yes, a simple threshold check without variant info can misread the overstrain failure risk. This is because the threshold for strain is product-quality-dependent and varies by variant (L, M, H). Using a single global threshold may result in false positives or negatives. Recommended action is to always include the product type (L/M/H) in the OSF check and use variant-specific thresholds for accurate risk assessment.","- Stop or reduce the load according to the approved operating procedure.
- Inspect the tool and loaded components for wear, cracks, deformation, or looseness.
- Check alignment, lubrication, material feed, clamping, and process settings.
- Replace damaged or end-of-life tooling and components.
- Verify that the equipment and tool ratings match the intended operation.",e9380cebc6
"What should I do when an overstrain threshold gets breached, and is it more urgent than TWF alone?","When an overstrain threshold gets breached, it indicates a genuine mechanical risk that could lead to tool or workpiece failure. This situation is higher priority than TWF alone. 

**Recommended Action:**
1. Join the product type (L/M/H) into your OSF check, as failing to do so may misclassify the risk.
2. If operating near the variant threshold, reduce the torque setpoint or plan for earlier tool replacement.","- Stop immediately if cracking, severe vibration, jamming, deformation, or imminent breakage is suspected.
- Keep personnel clear of stored-energy and potential fragment-ejection zones.
- Isolate mechanical, hydraulic, pneumatic, and electrical energy before inspection.
- Escalate repeated overstrain events to maintenance, reliability, and process engineering.",fc4efb8a87
How serious is OSF in terms of actual mechanical damage or failure risk?,"OSF (Overstrain Failure) represents a genuine mechanical overstrain risk that can lead to tool or workpiece failure. It occurs when the accumulated mechanical strain, measured as `strain_indicator`, exceeds specific thresholds based on tool wear and torque. Recommended action is to treat any threshold breaches as higher priority and take immediate steps to inspect the equipment and possibly reduce strain levels to avoid potential failures.","- Stop immediately if cracking, severe vibration, jamming, deformation, or imminent breakage is suspected.
- Keep personnel clear of stored-energy and potential fragment-ejection zones.
- Isolate mechanical, hydraulic, pneumatic, and electrical energy before inspection.
- Escalate repeated overstrain events to maintenance, reliability, and process engineering.",fc4efb8a87
Can OSF lead to tool breakage or workpiece failure during operation?,"Yes, OSF can lead to tool breakage or workpiece failure during operation due to genuine mechanical overstrain risks. When the strain indicator exceeds specific thresholds, it indicates excessive mechanical load that may cause accelerated wear, cracking, or breakage of tools or components. 

Recommended action: Stop or reduce the load, inspect the tool and components for wear or damage, and replace any damaged tooling. Additionally, verify alignment, lubrication, and process settings.","- Stop immediately if cracking, severe vibration, jamming, deformation, or imminent breakage is suspected.
- Keep personnel clear of stored-energy and potential fragment-ejection zones.
- Isolate mechanical, hydraulic, pneumatic, and electrical energy before inspection.
- Escalate repeated overstrain events to maintenance, reliability, and process engineering.",fc4efb8a87
Why is a threshold breach under overstrain failure treated as a higher-priority alarm?,"A threshold breach under overstrain failure is treated as a higher-priority alarm because it indicates a genuine mechanical overstrain risk that can lead to tool or workpiece failure. This elevated risk demands immediate attention to prevent potential equipment damage and ensure product quality, as the threshold breaches are specific to the quality variant being processed. The recommended action is to escalate the alarm to mitigate risks associated with overstrain.","- Stop immediately if cracking, severe vibration, jamming, deformation, or imminent breakage is suspected.
- Keep personnel clear of stored-energy and potential fragment-ejection zones.
- Isolate mechanical, hydraulic, pneumatic, and electrical energy before inspection.
- Escalate repeated overstrain events to maintenance, reliability, and process engineering.",fc4efb8a87
What safety response is recommended when OSF shows up on predictive maintenance monitoring?,"When OSF shows up on predictive maintenance monitoring, it indicates a risk of mechanical overstrain that could lead to tool or workpiece failure. The recommended actions are to join product type into the OSF check for accurate risk classification, monitor cumulative wear×torque trends for long production runs, and consider reducing the torque setpoint or scheduling earlier tool replacements if near the threshold.","- Stop immediately if cracking, severe vibration, jamming, deformation, or imminent breakage is suspected.
- Keep personnel clear of stored-energy and potential fragment-ejection zones.
- Isolate mechanical, hydraulic, pneumatic, and electrical energy before inspection.
- Escalate repeated overstrain events to maintenance, reliability, and process engineering.",fc4efb8a87
"How can I tell if a random failure is happening when there’s no torque, temperature, speed, or wear pattern showing up?","A random failure is likely occurring since there are no torque, temperature, speed, or wear signature indicators. This type of failure is categorized as RNF (Random Failure), which operates independently of any sensor readings and has a low probability of occurrence.

**Recommended Action:** Accept that this is irreducible background risk and consider reviewing maintenance schedules or implementing preventive measures to mitigate such low-probability failures in the future.","Random failure occurs independently of any sensor reading. There is no torque, temperature, speed, or wear signature associated with it — it is a low-probability background failure rate applied uniformly regardless of process state.",5a9b380c35
"Does RNF show any sensor signature at all, or is it just a background failure that can happen in any machine state?","RNF (Random Failure) shows no sensor signature at all. It occurs independently of any process state, without correlation to torque, temperature, speed, or tool wear. Recommended action is to treat RNF as irreducible background risk, track RNF incidents separately, and implement general reliability practices to mitigate its impact.","Random failure occurs independently of any sensor reading. There is no torque, temperature, speed, or wear signature associated with it — it is a low-probability background failure rate applied uniformly regardless of process state.",5a9b380c35
What should I expect from a random failure if it doesn’t depend on the readings from the machine?,"You should expect a random failure to occur without any warning signs or sensor readings indicating a problem. This type of failure happens due to unmodeled component defects or unexpected external events, representing a constant low probability risk (~0.1%). Recommended action is to focus on rapid detection and containment rather than prevention, since it is unpredictable and cannot be foreseen by monitoring equipment.","Random failure occurs independently of any sensor reading. There is no torque, temperature, speed, or wear signature associated with it — it is a low-probability background failure rate applied uniformly regardless of process state.",5a9b380c35
"Is there any way to predict RNF from process data, or does it happen independently of all sensor inputs?","Random Failure (RNF) occurs independently of any sensor inputs, meaning it cannot be predicted from process data. It is characterized by a lack of correlation with any sensor readings, classified as a low-probability background failure.

**Recommended Action:** Treat RNF as irreducible background risk, do not attempt to create sensor-based early-warning rules for it, and track RNF incidents separately to avoid misattribution during root-cause analysis. Implement general reliability practices, such as redundancy and rapid-response maintenance, to mitigate its impact.","Random failure occurs independently of any sensor reading. There is no torque, temperature, speed, or wear signature associated with it — it is a low-probability background failure rate applied uniformly regardless of process state.",5a9b380c35
"Why would a random failure occur even when torque, temperature, speed, and wear all look normal?","A random failure can occur even when torque, temperature, speed, and wear all appear normal because it is classified as a background failure with no associated sensor signatures. It operates independently of those measurements, occurring at a low probability (~0.1%) regardless of the process state. 

**Recommended Action:** Recognize this as an irreducible background risk and consider implementing regular maintenance checks or a more robust monitoring system to account for these low-probability failures.","Random failure occurs independently of any sensor reading. There is no torque, temperature, speed, or wear signature associated with it — it is a low-probability background failure rate applied uniformly regardless of process state.",5a9b380c35
What usually causes a Random Failure when none of the other failure mechanisms fit?,"Random failure occurs due to unmodeled component defects, unexpected external events, or residual failure risk in mechanical systems, at a low probability (~0.1%). It is unpredictable and should be treated as background risk. Recommended actions include tracking these incidents separately, avoiding sensor-based attempts for early warning, and focusing on rapid response and general reliability practices to mitigate impact.","Represents failure modes not captured by the other four mechanisms: unmodeled component defects, unexpected external events, or residual failure risk inherent to any mechanical system. In the source dataset this is modeled as a small constant probability (~0.1%) applied to every process instance regardless of other conditions.",b4c5d8e838
"In predictive maintenance, why would a machine still have a small chance of random failure?","A machine can still have a small chance of random failure because random failures are characterized by unpredicted events that occur independently of any sensor readings, representing a low-probability failure rate (about 0.1%). These failures might arise from unmodeled component defects or unexpected external events.

Recommended action: Acknowledge this irreducible background risk and focus on rapid detection and containment rather than attempting to prevent such failures.","Represents failure modes not captured by the other four mechanisms: unmodeled component defects, unexpected external events, or residual failure risk inherent to any mechanical system. In the source dataset this is modeled as a small constant probability (~0.1%) applied to every process instance regardless of other conditions.",b4c5d8e838
What kinds of issues are counted as random failures instead of the other modeled failure modes?,"Random failures are caused by unmodeled component defects, unexpected external events, or inherent residual risk in mechanical systems. They occur without sensor signatures, making them unpredictable. Incidents without clear causes should be tracked separately to maintain data accuracy. The recommended action is to focus on rapid detection and containment after such events rather than prevention.","Represents failure modes not captured by the other four mechanisms: unmodeled component defects, unexpected external events, or residual failure risk inherent to any mechanical system. In the source dataset this is modeled as a small constant probability (~0.1%) applied to every process instance regardless of other conditions.",b4c5d8e838
How is the residual failure risk handled for each process instance in the source dataset?,"The residual failure risk in the source dataset is handled by applying a small constant probability (~0.1%) to every process instance. This models the risk of random failures that are not captured by other mechanisms, such as unmodeled defects or unexpected external events.","Represents failure modes not captured by the other four mechanisms: unmodeled component defects, unexpected external events, or residual failure risk inherent to any mechanical system. In the source dataset this is modeled as a small constant probability (~0.1%) applied to every process instance regardless of other conditions.",b4c5d8e838
Why does the model apply about a 0.1% failure probability even when the machine looks normal?,"The model applies about a 0.1% failure probability even when the machine looks normal because it accounts for time-based failure modes like Tool Wear Failure (TWF). TWF probability increases significantly after about 200–240 minutes of runtime, regardless of other normal readings (torque, temperature, rotational speed). The recommended action is to monitor the tool's cumulative runtime closely and consider scheduled maintenance or checks after it reaches this duration.","Represents failure modes not captured by the other four mechanisms: unmodeled component defects, unexpected external events, or residual failure risk inherent to any mechanical system. In the source dataset this is modeled as a small constant probability (~0.1%) applied to every process instance regardless of other conditions.",b4c5d8e838
"Is there any sensor pattern or signature that can reliably point to an RNF event, or is it basically random by design?","There is no reliable sensor pattern or signature that can indicate a Random Failure (RNF) event, as it occurs independently of any sensor readings. RNF is characterized by the absence of correlation with torque, temperature, speed, or tool wear, making it unpredictable and classified as background risk. The recommended action is to treat RNF as irreducible risk, avoid developing sensor-based predictions for it, and focus on rapid detection and containment instead.","None. By design, RNF has no correlation with air temperature, process temperature, rotational speed, torque, or tool wear. Any model or rule attempting to predict RNF from sensor features should not be expected to perform meaningfully better than the base rate.

**Common misdiagnosis:** If a report generator or model claims a strong sensor-based explanation for an RNF-labeled event, treat that explanation with skepticism — it is likely overfitting to coincidental patterns rather than a real causal signature.",540eb89eaa
"Can we predict RNF from machine sensors like air temp, process temp, speed, torque, or tool wear, or does that usually fail?","No, RNF (Random Failure) cannot be predicted from machine sensors like air temperature, process temperature, speed, torque, or tool wear. RNF has no correlation with these sensor features, and any attempt to model it based on these sensors is unlikely to yield meaningful results. It's important to treat any such prediction claims with skepticism as they may be overfitting to coincidental patterns rather than indicating a real causal relationship.","None. By design, RNF has no correlation with air temperature, process temperature, rotational speed, torque, or tool wear. Any model or rule attempting to predict RNF from sensor features should not be expected to perform meaningfully better than the base rate.

**Common misdiagnosis:** If a report generator or model claims a strong sensor-based explanation for an RNF-labeled event, treat that explanation with skepticism — it is likely overfitting to coincidental patterns rather than a real causal signature.",540eb89eaa
"If a model says it found a strong sensor-based cause for an RNF failure, should I trust that result or assume it may be overfitting?","You should treat the result with skepticism. The context indicates that RNF failures do not have a correlation with sensors. If a model claims a strong sensor-based cause for an RNF failure, it is likely overfitting to coincidental patterns rather than identifying a real causal signature. The recommended action is to disregard the sensor-based explanation and treat RNF as irreducible background risk.","None. By design, RNF has no correlation with air temperature, process temperature, rotational speed, torque, or tool wear. Any model or rule attempting to predict RNF from sensor features should not be expected to perform meaningfully better than the base rate.

**Common misdiagnosis:** If a report generator or model claims a strong sensor-based explanation for an RNF-labeled event, treat that explanation with skepticism — it is likely overfitting to coincidental patterns rather than a real causal signature.",540eb89eaa
What should I expect from any rule or predictive model when it tries to forecast RNF using sensor features?,"When forecasting Random Failure (RNF) using sensor features, you should not expect meaningful predictive performance. RNF has no correlation with any sensor readings, and attempts to model it using sensor data are likely to result in overfitting to coincidental patterns. The recommended action is to treat RNF as irreducible background risk and focus on general reliability practices, such as redundancy and rapid-response maintenance, rather than trying to predict it with models based on sensor features.","None. By design, RNF has no correlation with air temperature, process temperature, rotational speed, torque, or tool wear. Any model or rule attempting to predict RNF from sensor features should not be expected to perform meaningfully better than the base rate.

**Common misdiagnosis:** If a report generator or model claims a strong sensor-based explanation for an RNF-labeled event, treat that explanation with skepticism — it is likely overfitting to coincidental patterns rather than a real causal signature.",540eb89eaa
"Does RNF have any real correlation with operating conditions, or should we treat it as having no sensor linkage at all?","RNF (Random Failure) has no correlation with operating conditions or sensor readings; it occurs independently of factors like temperature or speed. Therefore, it should not be treated as having any sensor linkage. The recommended action is to consider RNF as irreducible background risk, avoid building predictive models for it, and focus on rapid response and mitigation strategies rather than prevention.","None. By design, RNF has no correlation with air temperature, process temperature, rotational speed, torque, or tool wear. Any model or rule attempting to predict RNF from sensor features should not be expected to perform meaningfully better than the base rate.

**Common misdiagnosis:** If a report generator or model claims a strong sensor-based explanation for an RNF-labeled event, treat that explanation with skepticism — it is likely overfitting to coincidental patterns rather than a real causal signature.",540eb89eaa
"What should we do when a random failure shows up, and is there any point in trying to build sensor-based warning rules for it?","When a random failure (RNF) occurs, it is due to an irreducible background risk that operates independently of any sensor readings. There are no specific symptoms or correlations with external factors like temperature or torque. Therefore, sensor-based warning rules should not be attempted as they are unlikely to provide meaningful prediction. Instead, track RNF incidents separately for accurate reporting and focus on general reliability practices such as redundancy, spare-part availability, and rapid-response maintenance crews to mitigate the impact of these failures.","1. Do not attempt to build sensor-based early-warning rules for RNF specifically — treat it as irreducible background risk.
2. Track RNF-labeled incidents separately in reporting so they don't get incorrectly attributed to other failure mechanisms during root-cause review.
3. General reliability practices (redundancy, spare-part availability, rapid-response maintenance crews) mitigate RNF impact better than prediction.",82793c924f
How should RNF incidents be handled in maintenance reporting so they don’t get mixed up with other failure causes?,"RNF incidents should be handled by tracking them separately in maintenance reporting to prevent misattribution to other failure mechanisms. This is crucial because RNF events lack a clear cause and are considered irreducible background risks, making them unpredictable. The recommended action is to maintain a distinct classification for RNF incidents, emphasizing rapid detection and containment, rather than attempting to predict or prevent these failures.","1. Do not attempt to build sensor-based early-warning rules for RNF specifically — treat it as irreducible background risk.
2. Track RNF-labeled incidents separately in reporting so they don't get incorrectly attributed to other failure mechanisms during root-cause review.
3. General reliability practices (redundancy, spare-part availability, rapid-response maintenance crews) mitigate RNF impact better than prediction.",82793c924f
"If RNF is just background risk, what kind of reliability measures actually help reduce its impact?","To reduce the impact of Random Failure (RNF), the recommended reliability measures include implementing general practices such as redundancy, ensuring spare-part availability, and having rapid-response maintenance crews. These measures help mitigate the consequences of RNF, which is classified as an irreducible background risk and does not offer any predictive sensor signatures.","1. Do not attempt to build sensor-based early-warning rules for RNF specifically — treat it as irreducible background risk.
2. Track RNF-labeled incidents separately in reporting so they don't get incorrectly attributed to other failure mechanisms during root-cause review.
3. General reliability practices (redundancy, spare-part availability, rapid-response maintenance crews) mitigate RNF impact better than prediction.",82793c924f
"Should random failures be included in predictive-maintenance alarm logic, or is that the wrong approach?","Random failures should not be included in predictive-maintenance alarm logic, as they occur independently of any sensor readings and have no correlating indicators. Instead, focus on rapid detection and containment after they occur, using redundancy and spare-part availability to mitigate risks.","1. Do not attempt to build sensor-based early-warning rules for RNF specifically — treat it as irreducible background risk.
2. Track RNF-labeled incidents separately in reporting so they don't get incorrectly attributed to other failure mechanisms during root-cause review.
3. General reliability practices (redundancy, spare-part availability, rapid-response maintenance crews) mitigate RNF impact better than prediction.",82793c924f
What are the best practical steps for dealing with RNF events on the plant floor?,"**What's Happening:** Random Failure (RNF) events are unpredictable and do not correlate with any sensor data.

**Why:** RNF is considered an irreducible background risk with no identifiable sensor signature, making it impossible to predict using traditional methods.

**Recommended Action:** Focus on rapid detection and containment of RNF incidents. Track RNF-labeled incidents separately for accurate reporting and utilize general reliability practices like redundancy, spare-part availability, and rapid-response maintenance crews to mitigate impact.","1. Do not attempt to build sensor-based early-warning rules for RNF specifically — treat it as irreducible background risk.
2. Track RNF-labeled incidents separately in reporting so they don't get incorrectly attributed to other failure mechanisms during root-cause review.
3. General reliability practices (redundancy, spare-part availability, rapid-response maintenance crews) mitigate RNF impact better than prediction.",82793c924f
How should we handle a random failure event when it can’t really be predicted ahead of time?,"In the case of a random failure event, the machine has failed without any sensor readings indicating a problem, which is characteristic of Random Failure (RNF). This type of failure occurs independently of any measurable metrics and is modeled as a low-probability background risk. 

Recommended action: Focus on rapid detection and containment of the failure rather than attempting to prevent it, as RNF cannot be predicted. Avoid forcing sensor-based explanations for the failure event.","Because RNF is unpredictable by nature, response protocol should focus on rapid detection-after-the-fact and containment rather than prevention.",2d6db8473b
What’s the best response approach for RNF if prevention isn’t realistic?,"When prevention of Random Failure (RNF) isn't realistic, the response approach should focus on rapid detection and containment. RNF is unpredictable and should be treated as irreducible background risk. Recommended actions include tracking RNF incidents separately in reporting to ensure accurate root-cause analysis and employing general reliability practices like redundancy, spare-part availability, and rapid-response maintenance crews to mitigate the impact of such failures.","Because RNF is unpredictable by nature, response protocol should focus on rapid detection-after-the-fact and containment rather than prevention.",2d6db8473b
"When a random failure happens, should the priority be catching it fast and containing it instead of trying to prevent it?","When a random failure occurs, the priority should be on rapid detection and containment rather than prevention. This is because random failures are unpredictable and do not correlate with any sensor readings, making them inherently risky and unlikely to be anticipated. The recommended action is to focus on having fast response crews and spare parts available to address the failure quickly when it happens.","Because RNF is unpredictable by nature, response protocol should focus on rapid detection-after-the-fact and containment rather than prevention.",2d6db8473b
What escalation steps make sense for unpredictable failures like RNF?,"For unpredictable failures like Random Failure (RNF), the escalation steps should focus on:

1. **Detection and Containment**: Emphasize rapid detection after the failure occurs and contain the issue rather than trying to prevent it.
   
2. **Separate Tracking**: Track RNF incidents separately in reporting to avoid misattribution to other failure mechanisms.

3. **Reliability Practices**: Implement general reliability practices such as redundancy, spare-part availability, and rapid-response maintenance crews to mitigate the impact of RNF.

These actions are necessary because RNF is inherently unpredictable and has no correlation with any sensor data.","Because RNF is unpredictable by nature, response protocol should focus on rapid detection-after-the-fact and containment rather than prevention.",2d6db8473b
"For random failures, is the main focus on quick detection after the fact and limiting the damage?","Yes, for random failures, the main focus is on quick detection after the fact and limiting the damage. This is due to their unpredictable nature, making prevention unattainable. The response protocol should emphasize rapid detection and containment rather than trying to prevent such failures.","Because RNF is unpredictable by nature, response protocol should focus on rapid detection-after-the-fact and containment rather than prevention.",2d6db8473b
How can I tell which condition actually triggered the maintenance incident before I write the report?,"To determine which condition triggered the maintenance incident, confirm which specific derived condition fired by analyzing the measured values against their thresholds. For instance, check for conditions like tool wear, temperature difference with respect to rotational speed, computed power levels, and torque thresholds. After identifying the triggered condition, you can proceed to classify the severity and take appropriate action as detailed in the report contents.","**Step 1 — Confirm the trigger.** Before generating an incident report, confirm which specific derived condition fired:
- Tool wear in 200–240 min band → possible TWF
- `temp_diff < 8.6 K` AND `rotational speed < 1380 rpm` → possible HDF
- Computed power outside 3500–9000 W → possible PWF
- `tool_wear × torque` over variant threshold → possible OSF
- No condition met, but failure flagged → likely RNF

**Step 2 — Severity classification.**

| Failure mode | Typical severity | Response window |
|---|---|---|
| PWF (overpower) | High | Immediate |
| OSF | High | Immediate |
| PWF (underpower) | Medium | Same shift |
| HDF | Medium | Same shift |
| TWF | Low–Medium | Next scheduled window |
| RNF | Variable | Case-by-case, post-hoc review |",31933c9da0
"What exact checks should I use to classify this as TWF, HDF, PWF, OSF, or RNF?","To classify a maintenance incident as TWF, HDF, PWF, OSF, or RNF, you should use the following checks:

- **TWF (Tool Wear Failure)**: Confirm if tool wear is in the 200–240 min band.
- **HDF (High Dependency Failure)**: Check if `temp_diff < 8.6 K` AND `rotational speed < 1380 rpm`.
- **PWF (Power Failure)**: Verify if computed power is outside the range of 3500–9000 W.
- **OSF (Operational Strain Failure)**: Determine if `tool_wear × torque` exceeds the variant threshold.
- **RNF (Random Failure)**: If none of the above conditions are met but a failure is flagged, classify it as RNF.

Recommended action depends on the classification, particularly focusing on immediate responses for PWF and OSF, whereas TWF and HDF can be addressed in the next scheduled maintenance window.","**Step 1 — Confirm the trigger.** Before generating an incident report, confirm which specific derived condition fired:
- Tool wear in 200–240 min band → possible TWF
- `temp_diff < 8.6 K` AND `rotational speed < 1380 rpm` → possible HDF
- Computed power outside 3500–9000 W → possible PWF
- `tool_wear × torque` over variant threshold → possible OSF
- No condition met, but failure flagged → likely RNF

**Step 2 — Severity classification.**

| Failure mode | Typical severity | Response window |
|---|---|---|
| PWF (overpower) | High | Immediate |
| OSF | High | Immediate |
| PWF (underpower) | Medium | Same shift |
| HDF | Medium | Same shift |
| TWF | Low–Medium | Next scheduled window |
| RNF | Variable | Case-by-case, post-hoc review |",31933c9da0
"If the computed power is outside 3500 to 9000 W, how urgent is the response and what severity should I assign?","If the computed power is outside 3500 to 9000 W, this indicates a Power Failure (PWF). 

- If power is less than 3500 W, it is classified as underpowered (medium severity) and requires action within the same shift. 
- If power is greater than 9000 W, it is classified as overpowered (high severity) and requires an immediate response.

Recommended action: Compute and monitor power closely, adjust torque or speed setpoints as necessary, and investigate drive/motor calibration if power drifts without an obvious change.","**Step 1 — Confirm the trigger.** Before generating an incident report, confirm which specific derived condition fired:
- Tool wear in 200–240 min band → possible TWF
- `temp_diff < 8.6 K` AND `rotational speed < 1380 rpm` → possible HDF
- Computed power outside 3500–9000 W → possible PWF
- `tool_wear × torque` over variant threshold → possible OSF
- No condition met, but failure flagged → likely RNF

**Step 2 — Severity classification.**

| Failure mode | Typical severity | Response window |
|---|---|---|
| PWF (overpower) | High | Immediate |
| OSF | High | Immediate |
| PWF (underpower) | Medium | Same shift |
| HDF | Medium | Same shift |
| TWF | Low–Medium | Next scheduled window |
| RNF | Variable | Case-by-case, post-hoc review |",31933c9da0
"When tool wear and torque cross the variant threshold, do I treat it as OSF and escalate immediately?","When tool wear and torque cross the variant-specific threshold, it indicates Overstrain Failure (OSF) due to the accumulated mechanical strain exceeding the safety limits for that product variant. The recommended action is to escalate immediately, as this poses a risk to product quality. Always check the variant-specific thresholds before taking further action.","**Step 1 — Confirm the trigger.** Before generating an incident report, confirm which specific derived condition fired:
- Tool wear in 200–240 min band → possible TWF
- `temp_diff < 8.6 K` AND `rotational speed < 1380 rpm` → possible HDF
- Computed power outside 3500–9000 W → possible PWF
- `tool_wear × torque` over variant threshold → possible OSF
- No condition met, but failure flagged → likely RNF

**Step 2 — Severity classification.**

| Failure mode | Typical severity | Response window |
|---|---|---|
| PWF (overpower) | High | Immediate |
| OSF | High | Immediate |
| PWF (underpower) | Medium | Same shift |
| HDF | Medium | Same shift |
| TWF | Low–Medium | Next scheduled window |
| RNF | Variable | Case-by-case, post-hoc review |",31933c9da0
"If a failure is flagged but none of the rules fired, how should I handle the severity and review process?","If a failure is flagged but none of the rules fired, it is likely categorized as a Random Failure (RNF). The severity is variable and requires a case-by-case post-hoc review. Recommended action is to track these incidents separately to avoid misattribution during root-cause analysis and implement general reliability practices to mitigate the impact.","**Step 1 — Confirm the trigger.** Before generating an incident report, confirm which specific derived condition fired:
- Tool wear in 200–240 min band → possible TWF
- `temp_diff < 8.6 K` AND `rotational speed < 1380 rpm` → possible HDF
- Computed power outside 3500–9000 W → possible PWF
- `tool_wear × torque` over variant threshold → possible OSF
- No condition met, but failure flagged → likely RNF

**Step 2 — Severity classification.**

| Failure mode | Typical severity | Response window |
|---|---|---|
| PWF (overpower) | High | Immediate |
| OSF | High | Immediate |
| PWF (underpower) | Medium | Same shift |
| HDF | Medium | Same shift |
| TWF | Low–Medium | Next scheduled window |
| RNF | Variable | Case-by-case, post-hoc review |",31933c9da0
What exact conditions mean I should stop the production line right away during an incident?,"You should stop the production line immediately if any of the following conditions are met: 

1. Computed power exceeds 9000 W.
2. `tool_wear × torque` exceeds the variant threshold by more than 10%.
3. Two or more failure conditions are met simultaneously.

These criteria indicate a significant risk that warrants a halt to ensure safety and prevent further issues.","**Step 3 — Halt criteria.** Halt the process immediately if ANY of the following hold, regardless of which failure mode triggered:
- Computed power exceeds 9000 W
- `tool_wear × torque` exceeds the variant threshold by more than 10%
- Two or more failure conditions are met simultaneously (multi-mode failures are rare but higher severity)

Otherwise, flag for inspection at the next scheduled maintenance window rather than halting — unnecessary halts carry their own production cost.",811e19f510
"If the computed power goes above 9000 W, do I need to halt the machine immediately?","Yes, you need to halt the machine immediately because the computed power exceeds 9000 W, which meets the halt criteria.","**Step 3 — Halt criteria.** Halt the process immediately if ANY of the following hold, regardless of which failure mode triggered:
- Computed power exceeds 9000 W
- `tool_wear × torque` exceeds the variant threshold by more than 10%
- Two or more failure conditions are met simultaneously (multi-mode failures are rare but higher severity)

Otherwise, flag for inspection at the next scheduled maintenance window rather than halting — unnecessary halts carry their own production cost.",811e19f510
When does tool wear multiplied by torque require an instant stop instead of waiting for maintenance?,"Tool wear multiplied by torque requires an instant stop if it exceeds the variant-specific threshold by more than 10%. This indicates a risk of Overstrain Failure (OSF), which can occur when the combined strain exceeds safe limits. Recommended action: halt the production line immediately if this condition is detected.","**Step 3 — Halt criteria.** Halt the process immediately if ANY of the following hold, regardless of which failure mode triggered:
- Computed power exceeds 9000 W
- `tool_wear × torque` exceeds the variant threshold by more than 10%
- Two or more failure conditions are met simultaneously (multi-mode failures are rare but higher severity)

Otherwise, flag for inspection at the next scheduled maintenance window rather than halting — unnecessary halts carry their own production cost.",811e19f510
"If two failure conditions happen at the same time, should I shut the line down even if the issue seems minor?","If two failure conditions occur simultaneously, you should shut the line down. This is necessary because the General Triage and Escalation SOP states that the line must stop immediately if two or more failure conditions are met, regardless of their individual severity.","**Step 3 — Halt criteria.** Halt the process immediately if ANY of the following hold, regardless of which failure mode triggered:
- Computed power exceeds 9000 W
- `tool_wear × torque` exceeds the variant threshold by more than 10%
- Two or more failure conditions are met simultaneously (multi-mode failures are rare but higher severity)

Otherwise, flag for inspection at the next scheduled maintenance window rather than halting — unnecessary halts carry their own production cost.",811e19f510
When can I just flag the issue for the next maintenance window instead of stopping production?,"You can flag the issue for the next maintenance window instead of stopping production when none of the halt criteria are met: computed power is below 9000 W, `tool_wear × torque` does not exceed the specified threshold by more than 10%, and there are not two or more failure conditions occurring simultaneously. This helps avoid unnecessary halts that incur production costs.","**Step 3 — Halt criteria.** Halt the process immediately if ANY of the following hold, regardless of which failure mode triggered:
- Computed power exceeds 9000 W
- `tool_wear × torque` exceeds the variant threshold by more than 10%
- Two or more failure conditions are met simultaneously (multi-mode failures are rare but higher severity)

Otherwise, flag for inspection at the next scheduled maintenance window rather than halting — unnecessary halts carry their own production cost.",811e19f510
"What needs to go into an incident report, and how do I decide if it goes straight to the line supervisor or just into maintenance queue?","An incident report should contain the following:

1. Which condition(s) fired and their measured values vs. threshold
2. Severity classification and recommended response window
3. The specific corrective action from the relevant failure-mode document
4. Whether immediate halt is required per the Halt Criteria section

For escalation:
- Route high-severity incidents (e.g., PWF overpower, OSF, or incidents meeting halt criteria) to the line supervisor immediately.
- Route low/medium severity incidents (e.g., PWF underpower, HDF, or TWF) to the standard maintenance queue.","**Step 4 — Report contents.** Every incident report should state:
1. Which condition(s) fired and their measured values vs. threshold
2. Severity classification and recommended response window
3. The specific corrective action from the relevant failure-mode document
4. Whether immediate halt is required per the Halt Criteria section

**Step 5 — Escalation contacts.** Route high-severity incidents to line supervisor immediately; route low/medium severity to the standard maintenance queue.

**Caution on model confidence:** A model's predicted failure probability is not the same as a confirmed condition. Always cross-check the model's flag against the actual computed derived feature (power, temp_diff, strain_indicator) before writing a report that asserts a specific root cause.",bc2c341df0
"When I’m writing up an alarm or fault, what details should I include about the triggered condition, severity, and corrective action?","When writing up an alarm or fault, include the following details:

1. Which condition(s) fired and their measured values versus threshold.
2. Severity classification and recommended response window.
3. The specific corrective action from the relevant failure-mode document.
4. Indicate if an immediate halt is required based on the Halt Criteria section.","**Step 4 — Report contents.** Every incident report should state:
1. Which condition(s) fired and their measured values vs. threshold
2. Severity classification and recommended response window
3. The specific corrective action from the relevant failure-mode document
4. Whether immediate halt is required per the Halt Criteria section

**Step 5 — Escalation contacts.** Route high-severity incidents to line supervisor immediately; route low/medium severity to the standard maintenance queue.

**Caution on model confidence:** A model's predicted failure probability is not the same as a confirmed condition. Always cross-check the model's flag against the actual computed derived feature (power, temp_diff, strain_indicator) before writing a report that asserts a specific root cause.",bc2c341df0
"How do I tell whether a predicted failure is real enough to report as the actual root cause, or do I need to verify the derived feature first?","You need to verify the derived feature first before reporting a predicted failure as the actual root cause. Always cross-check the model's predicted failure probability against the actual computed derived features (such as power, temp_diff, or strain_indicator).","**Step 4 — Report contents.** Every incident report should state:
1. Which condition(s) fired and their measured values vs. threshold
2. Severity classification and recommended response window
3. The specific corrective action from the relevant failure-mode document
4. Whether immediate halt is required per the Halt Criteria section

**Step 5 — Escalation contacts.** Route high-severity incidents to line supervisor immediately; route low/medium severity to the standard maintenance queue.

**Caution on model confidence:** A model's predicted failure probability is not the same as a confirmed condition. Always cross-check the model's flag against the actual computed derived feature (power, temp_diff, strain_indicator) before writing a report that asserts a specific root cause.",bc2c341df0
"For a high-severity incident, who do I escalate it to right away, and what should be mentioned in the report?","For a high-severity incident, escalate it to the line supervisor immediately. In the report, mention:

1. The condition(s) that triggered the incident and their measured values vs. threshold.
2. Severity classification and recommended response window.
3. The specific corrective action from the relevant failure-mode document.
4. Whether immediate halt is required per the Halt Criteria.","**Step 4 — Report contents.** Every incident report should state:
1. Which condition(s) fired and their measured values vs. threshold
2. Severity classification and recommended response window
3. The specific corrective action from the relevant failure-mode document
4. Whether immediate halt is required per the Halt Criteria section

**Step 5 — Escalation contacts.** Route high-severity incidents to line supervisor immediately; route low/medium severity to the standard maintenance queue.

**Caution on model confidence:** A model's predicted failure probability is not the same as a confirmed condition. Always cross-check the model's flag against the actual computed derived feature (power, temp_diff, strain_indicator) before writing a report that asserts a specific root cause.",bc2c341df0
"If the system flags a condition, what’s the proper way to document it so the report covers thresholds, response timing, and whether the machine must stop?","To properly document a flagged condition in the incident report, include:

1. The specific condition(s) that triggered the flag and their measured values against the threshold.
2. The severity classification and recommended response timing.
3. The specific corrective action as per the relevant failure-mode document.
4. A note on whether immediate halt is needed based on the Halt Criteria.

This ensures coverage of thresholds, response timing, and machine stoppage requirements.","**Step 4 — Report contents.** Every incident report should state:
1. Which condition(s) fired and their measured values vs. threshold
2. Severity classification and recommended response window
3. The specific corrective action from the relevant failure-mode document
4. Whether immediate halt is required per the Halt Criteria section

**Step 5 — Escalation contacts.** Route high-severity incidents to line supervisor immediately; route low/medium severity to the standard maintenance queue.

**Caution on model confidence:** A model's predicted failure probability is not the same as a confirmed condition. Always cross-check the model's flag against the actual computed derived feature (power, temp_diff, strain_indicator) before writing a report that asserts a specific root cause.",bc2c341df0
"What raw sensor and process fields are included in the AI4I dataset, and what does each one represent?","The AI4I dataset includes the following raw sensor fields:

1. **Type (L/M/H)**: Represents the product quality variant (Low, Medium, High).
2. **Air temperature**: Ambient temperature near the process, measured in Kelvin.
3. **Process temperature**: Temperature of the process itself, typically air temperature plus approximately 10K and noise, measured in Kelvin.
4. **Rotational speed**: Spindle/tool rotational speed, measured in revolutions per minute (rpm).
5. **Torque**: Applied torque, measured in Newton-meters (Nm).
6. **Tool wear**: Cumulative tool usage time, measured in minutes.

Each field plays a specific role in monitoring and diagnosing various failure modes in industrial equipment.","| Field | Unit | Description |
|---|---|---|
| Type | L/M/H | Product quality variant |
| Air temperature | K | Ambient temperature near the process |
| Process temperature | K | Temperature of the process itself (typically air temp + ~10K + noise) |
| Rotational speed | rpm | Spindle/tool rotational speed |
| Torque | Nm | Applied torque |
| Tool wear | min | Cumulative tool usage time |",0bfeee1a18
"Does the AI4I data record product type along with temperature, speed, torque, and tool wear values?","Yes, the AI4I dataset records the product type along with temperature, speed, torque, and tool wear values. The product type is crucial for assessing failure thresholds related to overstrain.","| Field | Unit | Description |
|---|---|---|
| Type | L/M/H | Product quality variant |
| Air temperature | K | Ambient temperature near the process |
| Process temperature | K | Temperature of the process itself (typically air temp + ~10K + noise) |
| Rotational speed | rpm | Spindle/tool rotational speed |
| Torque | Nm | Applied torque |
| Tool wear | min | Cumulative tool usage time |",0bfeee1a18
"Which measurements in the AI4I dataset are taken in Kelvin, and which one is given in rpm or Nm?","The measurements in the AI4I dataset taken in Kelvin are:

- Air temperature (K)
- Process temperature (K)

The measurements given in rpm or Nm are:

- Rotational speed (rpm)
- Torque (Nm)","| Field | Unit | Description |
|---|---|---|
| Type | L/M/H | Product quality variant |
| Air temperature | K | Ambient temperature near the process |
| Process temperature | K | Temperature of the process itself (typically air temp + ~10K + noise) |
| Rotational speed | rpm | Spindle/tool rotational speed |
| Torque | Nm | Applied torque |
| Tool wear | min | Cumulative tool usage time |",0bfeee1a18
"What does the process temperature field mean in the AI4I dataset, and how is it different from air temperature?","The process temperature field in the AI4I dataset refers to the temperature of the process itself, typically air temperature plus about 10K and noise. In contrast, air temperature measures the ambient temperature near the process. The key difference is that process temperature includes modifications due to the equipment operation, while air temperature reflects the unaltered ambient conditions.","| Field | Unit | Description |
|---|---|---|
| Type | L/M/H | Product quality variant |
| Air temperature | K | Ambient temperature near the process |
| Process temperature | K | Temperature of the process itself (typically air temp + ~10K + noise) |
| Rotational speed | rpm | Spindle/tool rotational speed |
| Torque | Nm | Applied torque |
| Tool wear | min | Cumulative tool usage time |",0bfeee1a18
"How is tool wear tracked in the AI4I dataset, and what unit is used for it?",Tool wear is tracked in the AI4I dataset as cumulative tool usage time measured in minutes (min).,"| Field | Unit | Description |
|---|---|---|
| Type | L/M/H | Product quality variant |
| Air temperature | K | Ambient temperature near the process |
| Process temperature | K | Temperature of the process itself (typically air temp + ~10K + noise) |
| Rotational speed | rpm | Spindle/tool rotational speed |
| Torque | Nm | Applied torque |
| Tool wear | min | Cumulative tool usage time |",0bfeee1a18
"What derived values do I need to calculate before trying to diagnose the failure modes, and what raw sensor fields feed into each one?","To diagnose the failure modes, you need to calculate the following derived values:

1. **temp_diff**: Formula - Process temperature − Air temperature
   - Raw fields: Air temperature, Process temperature

2. **power**: Formula - Torque × Rotational speed × (2π / 60)
   - Raw fields: Torque, Rotational speed

3. **strain_indicator**: Formula - Tool wear × Torque
   - Raw fields: Tool wear, Torque

You need to derive these features before attempting to diagnose the failure modes.","| Derived feature | Formula | Used for |
|---|---|---|
| temp_diff | Process temperature − Air temperature | HDF |
| power | Torque × Rotational speed × (2π / 60) | PWF |
| strain_indicator | Tool wear × Torque | OSF |

**Why derived features matter:** None of the four sensor-driven failure modes (TWF excepted, which uses tool wear directly) can be correctly diagnosed from raw sensor values alone. HDF, PWF, and OSF are all defined on combinations of two or more raw fields. Any retrieval or reasoning system working with this data should compute these derived features before attempting root-cause classification, not rely on an LLM to mentally combine raw values on the fly.

**Quick lookup — which fields matter for which failure mode:**

| Failure mode | Fields required |
|---|---|
| TWF | Tool wear |
| HDF | Air temperature, Process temperature, Rotational speed |
| PWF | Torque, Rotational speed |
| OSF | Type, Tool wear, Torque |
| RNF | None (background rate) |",a6e115a7d3
"For HDF, PWF, and OSF, which measurements should I look at first, and are any of them just simple combinations instead of raw readings?","For HDF, PWF, and OSF, you should look at the following measurements first:

1. **HDF:** Compute `temp_diff = Process temperature − Air temperature`.
2. **PWF:** Calculate `power = Torque × Rotational speed × (2π / 60)`.
3. **OSF:** Use `strain_indicator = Tool wear × Torque`.

All these derived features are combinations of two or more raw readings instead of raw readings themselves.","| Derived feature | Formula | Used for |
|---|---|---|
| temp_diff | Process temperature − Air temperature | HDF |
| power | Torque × Rotational speed × (2π / 60) | PWF |
| strain_indicator | Tool wear × Torque | OSF |

**Why derived features matter:** None of the four sensor-driven failure modes (TWF excepted, which uses tool wear directly) can be correctly diagnosed from raw sensor values alone. HDF, PWF, and OSF are all defined on combinations of two or more raw fields. Any retrieval or reasoning system working with this data should compute these derived features before attempting root-cause classification, not rely on an LLM to mentally combine raw values on the fly.

**Quick lookup — which fields matter for which failure mode:**

| Failure mode | Fields required |
|---|---|
| TWF | Tool wear |
| HDF | Air temperature, Process temperature, Rotational speed |
| PWF | Torque, Rotational speed |
| OSF | Type, Tool wear, Torque |
| RNF | None (background rate) |",a6e115a7d3
Can you give me a quick mapping of each failure mode to the exact fields I need to check on the machine?,"I cannot provide a mapping of each failure mode to the exact fields without sufficient context regarding specific failure modes and their corresponding fields.
","| Derived feature | Formula | Used for |
|---|---|---|
| temp_diff | Process temperature − Air temperature | HDF |
| power | Torque × Rotational speed × (2π / 60) | PWF |
| strain_indicator | Tool wear × Torque | OSF |

**Why derived features matter:** None of the four sensor-driven failure modes (TWF excepted, which uses tool wear directly) can be correctly diagnosed from raw sensor values alone. HDF, PWF, and OSF are all defined on combinations of two or more raw fields. Any retrieval or reasoning system working with this data should compute these derived features before attempting root-cause classification, not rely on an LLM to mentally combine raw values on the fly.

**Quick lookup — which fields matter for which failure mode:**

| Failure mode | Fields required |
|---|---|
| TWF | Tool wear |
| HDF | Air temperature, Process temperature, Rotational speed |
| PWF | Torque, Rotational speed |
| OSF | Type, Tool wear, Torque |
| RNF | None (background rate) |",a6e115a7d3
"Which fault can be detected directly from tool wear, and which ones need more than one input to work out the root cause?","The fault that can be detected directly from tool wear is Tool Wear Failure, as it is directly measured based on the progressive mechanical degradation of the cutting tool edge.

Overstrain Failure requires more than one input to determine its root cause, specifically needing both tool wear and torque measurements. 

Recommended action for Tool Wear Failure is to monitor `Tool wear [min]` directly. For Overstrain Failure, assess both tool wear and torque for accurate diagnostics.","| Derived feature | Formula | Used for |
|---|---|---|
| temp_diff | Process temperature − Air temperature | HDF |
| power | Torque × Rotational speed × (2π / 60) | PWF |
| strain_indicator | Tool wear × Torque | OSF |

**Why derived features matter:** None of the four sensor-driven failure modes (TWF excepted, which uses tool wear directly) can be correctly diagnosed from raw sensor values alone. HDF, PWF, and OSF are all defined on combinations of two or more raw fields. Any retrieval or reasoning system working with this data should compute these derived features before attempting root-cause classification, not rely on an LLM to mentally combine raw values on the fly.

**Quick lookup — which fields matter for which failure mode:**

| Failure mode | Fields required |
|---|---|
| TWF | Tool wear |
| HDF | Air temperature, Process temperature, Rotational speed |
| PWF | Torque, Rotational speed |
| OSF | Type, Tool wear, Torque |
| RNF | None (background rate) |",a6e115a7d3
"When I'm setting up a diagnostic check, what should I compute from temperature, torque, speed, and tool wear before classifying the fault?","To set up a diagnostic check for Tool Wear Failure, you should compute `Tool wear [min]`. This value is the primary indicator for TWF, and you should specifically monitor it in the 200–240 range. Note that torque and rotational speed are not reliable leading indicators for TWF.

Recommended action: Focus on directly monitoring tool wear rather than relying on torque or speed for fault classification.","| Derived feature | Formula | Used for |
|---|---|---|
| temp_diff | Process temperature − Air temperature | HDF |
| power | Torque × Rotational speed × (2π / 60) | PWF |
| strain_indicator | Tool wear × Torque | OSF |

**Why derived features matter:** None of the four sensor-driven failure modes (TWF excepted, which uses tool wear directly) can be correctly diagnosed from raw sensor values alone. HDF, PWF, and OSF are all defined on combinations of two or more raw fields. Any retrieval or reasoning system working with this data should compute these derived features before attempting root-cause classification, not rely on an LLM to mentally combine raw values on the fly.

**Quick lookup — which fields matter for which failure mode:**

| Failure mode | Fields required |
|---|---|
| TWF | Tool wear |
| HDF | Air temperature, Process temperature, Rotational speed |
| PWF | Torque, Rotational speed |
| OSF | Type, Tool wear, Torque |
| RNF | None (background rate) |",a6e115a7d3
How long can a tool run before wear starts becoming a real concern even if everything else looks normal?,"Tool wear becomes a real concern after approximately 200 minutes of runtime, with a sharp increase in failure probability around 240 minutes. This is due to progressive mechanical degradation of the cutting tool. Recommended action is to prioritize inspection and schedule tool replacement if the cumulative tool wear exceeds 200 minutes, especially if it's nearing 240 minutes. Do not rely on torque readings as early warnings.","Yes — tool wear is a time-based failure mode, not a stress-based one. Once cumulative tool wear reaches roughly 200–240 minutes, failure probability rises sharply even if torque, temperature, and rotational speed all look completely normal. Long uninterrupted runtime without other symptoms is exactly the pattern to watch for, since TWF does not reliably show up anywhere else.",6974169956
"If torque, temperature, and speed all stay normal, can the tool still be close to failing from wear?","Yes, even if torque, temperature, and speed are normal, the tool can still be close to failing due to wear. Tool wear is a time-based failure mode, meaning that once cumulative tool wear reaches approximately 200–240 minutes, the probability of failure increases sharply regardless of other readings. 

**Recommended Action:** Monitor tool wear time directly and consider scheduling maintenance or replacement if the tool has been used for extended periods without any interruption.","Yes — tool wear is a time-based failure mode, not a stress-based one. Once cumulative tool wear reaches roughly 200–240 minutes, failure probability rises sharply even if torque, temperature, and rotational speed all look completely normal. Long uninterrupted runtime without other symptoms is exactly the pattern to watch for, since TWF does not reliably show up anywhere else.",6974169956
Is long uninterrupted runtime by itself a warning sign for tool wear failure?,"Yes, long uninterrupted runtime is a warning sign for tool wear failure. Tool wear is a time-based failure mode, and once it accumulates to roughly 200–240 minutes, the failure probability sharply increases, regardless of other readings like torque or temperature. 

**Recommended Action:** Flag any tool with wear exceeding 200 minutes for priority inspection and schedule tool replacement before reaching 240 minutes.","Yes — tool wear is a time-based failure mode, not a stress-based one. Once cumulative tool wear reaches roughly 200–240 minutes, failure probability rises sharply even if torque, temperature, and rotational speed all look completely normal. Long uninterrupted runtime without other symptoms is exactly the pattern to watch for, since TWF does not reliably show up anywhere else.",6974169956
Does this wear mode depend more on elapsed running time than on load or stress?,"Yes, this wear mode (Tool Wear Failure) depends more on elapsed running time than on load or stress. It is time/usage-driven rather than load-driven, and once cumulative tool wear reaches 200–240 minutes, the probability of failure increases sharply. The recommended action is to monitor the tool's running time closely and consider maintenance or replacement if it approaches this threshold.","Yes — tool wear is a time-based failure mode, not a stress-based one. Once cumulative tool wear reaches roughly 200–240 minutes, failure probability rises sharply even if torque, temperature, and rotational speed all look completely normal. Long uninterrupted runtime without other symptoms is exactly the pattern to watch for, since TWF does not reliably show up anywhere else.",6974169956
Around what runtime should I start expecting the chance of tool wear failure to rise fast?,"You should start expecting the chance of tool wear failure to rise fast around 200–240 minutes of runtime. This is because tool wear is a time-based failure mode, and failure probability increases sharply within this range, even if other conditions like torque and temperature appear normal. It is recommended to monitor tool wear directly and consider preventative maintenance or tool replacement as you approach this critical time window.","Yes — tool wear is a time-based failure mode, not a stress-based one. Once cumulative tool wear reaches roughly 200–240 minutes, failure probability rises sharply even if torque, temperature, and rotational speed all look completely normal. Long uninterrupted runtime without other symptoms is exactly the pattern to watch for, since TWF does not reliably show up anywhere else.",6974169956
Can I rely on torque to tell me the tool is wearing out before it actually fails?,"No, you cannot rely on torque to warn you about tool wear before it fails. Torque and rotational speed are not reliable early indicators for Tool Wear Failure. It is recommended to monitor `Tool wear [min]` directly and inspect any unit with tool wear greater than 200 minutes, scheduling replacement before it reaches 240 minutes. Don't wait for a torque spike, as this may indicate that failure is already in progress.","No — torque and rotational speed are not reliable leading indicators for Tool Wear Failure. This is the key diagnostic distinction between TWF and OSF/PWF, which are defined on torque and speed. For TWF, monitor `Tool wear [min]` directly rather than waiting for a torque spike, which may not appear until the failure is already underway.",c8b352cdce
"Is rotational speed a good early warning for tool wear failure, or should I watch something else?","Rotational speed is not a good early warning for Tool Wear Failure (TWF). Instead, monitor cumulative tool wear directly in minutes, as TWF is time-based and may not show abnormalities in torque or speed until failure is underway. Recommended action is to flag any unit with tool wear > 200 minutes for priority inspection and consider tool replacement before reaching 240 minutes.","No — torque and rotational speed are not reliable leading indicators for Tool Wear Failure. This is the key diagnostic distinction between TWF and OSF/PWF, which are defined on torque and speed. For TWF, monitor `Tool wear [min]` directly rather than waiting for a torque spike, which may not appear until the failure is already underway.",c8b352cdce
"For tool wear failure, what should I monitor instead of torque and speed readings?","Instead of monitoring torque and speed readings for Tool Wear Failure, you should monitor `Tool wear [min]` directly. Torque and speed are not reliable indicators and may not show changes until failure is already in progress. 

**What's happening:** Tool wear accumulates over time, leading to increased failure probability.

**Why:** This type of failure is due to progressive mechanical degradation rather than stress overload.

**Recommended action:** Flag units with over 200 minutes of tool wear for inspection, and schedule replacement before reaching 240 minutes, regardless of other readings. Do not rely on torque spikes for early warning.","No — torque and rotational speed are not reliable leading indicators for Tool Wear Failure. This is the key diagnostic distinction between TWF and OSF/PWF, which are defined on torque and speed. For TWF, monitor `Tool wear [min]` directly rather than waiting for a torque spike, which may not appear until the failure is already underway.",c8b352cdce
Why don't torque spikes give me a dependable heads-up for tool wear problems?,"Torque spikes are not dependable indicators for tool wear problems because by the time torque changes, failures may already be underway. Tool wear should be monitored directly using tool wear time rather than waiting for torque spikes. The recommended action is to flag any unit with tool wear greater than 200 minutes for priority inspection and schedule tool replacement before it reaches 240 minutes.","No — torque and rotational speed are not reliable leading indicators for Tool Wear Failure. This is the key diagnostic distinction between TWF and OSF/PWF, which are defined on torque and speed. For TWF, monitor `Tool wear [min]` directly rather than waiting for a torque spike, which may not appear until the failure is already underway.",c8b352cdce
What's the best indicator to track if I want to catch tool wear before it turns into a failure?,"The best indicator to track for catching tool wear before it turns into a failure is the `Tool wear [min]` in the 200–240 range. This range signals progressive mechanical degradation of the cutting tool edge, which can lead to tool fracture or process failure. It is crucial to monitor this directly, as torque and rotational speed are not reliable indicators for Tool Wear Failure.","No — torque and rotational speed are not reliable leading indicators for Tool Wear Failure. This is the key diagnostic distinction between TWF and OSF/PWF, which are defined on torque and speed. For TWF, monitor `Tool wear [min]` directly rather than waiting for a torque spike, which may not appear until the failure is already underway.",c8b352cdce
"At around 230 minutes of tool wear, does that mean the machine has already failed, or is it still just a warning zone?","At 230 minutes of tool wear, the machine has not necessarily failed, but it is in a high-risk zone where failure probability increases significantly. This is a strong signal to prioritize inspection and schedule tool replacement. Do not treat it as confirmation of failure unless there is a corresponding halt or defect.","Not necessarily. The 200–240 minute band is a probabilistic risk zone, not a deterministic failure threshold — plenty of units run with tool wear in this range and do not fail. Treat 230 minutes as a strong signal to prioritize inspection and schedule tool replacement, not as confirmation that a failure has occurred. Don't report it as a failure in an incident log unless it's corroborated by an actual halt or defect.",6fe5c2d247
"If the tool wear reading is in the 200–240 minute range, should I treat it as a failure or only a high-risk condition?","If the tool wear reading is in the 200–240 minute range, treat it as a high-risk condition but not as a failure. This range is a probabilistic risk zone, meaning units can operate without failing despite readings in this band. The recommended action is to flag the unit for priority inspection and schedule tool replacement before reaching 240 minutes.","Not necessarily. The 200–240 minute band is a probabilistic risk zone, not a deterministic failure threshold — plenty of units run with tool wear in this range and do not fail. Treat 230 minutes as a strong signal to prioritize inspection and schedule tool replacement, not as confirmation that a failure has occurred. Don't report it as a failure in an incident log unless it's corroborated by an actual halt or defect.",6fe5c2d247
"Can a unit still keep running normally when tool wear is around 230 minutes, or does that usually mean it’s done for?","A unit can still keep running normally with tool wear at 230 minutes, as this is part of the 200–240 minute probabilistic risk zone, not a definitive failure indicator. Many units operate without failing in this range. It is recommended to prioritize inspection and schedule tool replacement soon, but do not log it as a failure unless corroborated by an actual defect or halt.","Not necessarily. The 200–240 minute band is a probabilistic risk zone, not a deterministic failure threshold — plenty of units run with tool wear in this range and do not fail. Treat 230 minutes as a strong signal to prioritize inspection and schedule tool replacement, not as confirmation that a failure has occurred. Don't report it as a failure in an incident log unless it's corroborated by an actual halt or defect.",6fe5c2d247
"Should I log 230 minutes of tool wear as an actual failure, or only note it for inspection and planned replacement?","You should only note the 230 minutes of tool wear for inspection and planned replacement, not log it as an actual failure. This time is in a probabilistic risk zone, indicating an increased likelihood of failure but not confirming it. Prioritize inspection and schedule tool replacement before reaching 240 minutes.","Not necessarily. The 200–240 minute band is a probabilistic risk zone, not a deterministic failure threshold — plenty of units run with tool wear in this range and do not fail. Treat 230 minutes as a strong signal to prioritize inspection and schedule tool replacement, not as confirmation that a failure has occurred. Don't report it as a failure in an incident log unless it's corroborated by an actual halt or defect.",6fe5c2d247
"When tool wear gets near 230 minutes, is it better to schedule a tool change right away instead of assuming the machine has broken down?","When tool wear reaches 230 minutes, it indicates a heightened risk for failure, but it does not confirm that the machine has failed. It is advisable to prioritize inspection and schedule a tool replacement before reaching 240 minutes.","Not necessarily. The 200–240 minute band is a probabilistic risk zone, not a deterministic failure threshold — plenty of units run with tool wear in this range and do not fail. Treat 230 minutes as a strong signal to prioritize inspection and schedule tool replacement, not as confirmation that a failure has occurred. Don't report it as a failure in an incident log unless it's corroborated by an actual halt or defect.",6fe5c2d247
Why does my machine start overheating and slowing down when it’s running at low speed?,"Your machine is likely experiencing Heat Dissipation Failure (HDF) because it's running at a low speed (less than 1380 RPM) and the temperature difference between the process and ambient air is small (less than 8.6 K). This combination reduces airflow and mechanical agitation, causing heat to accumulate and leading to overheating and slow performance.

**Recommended action:** Check and ensure the rotational speed is above 1380 RPM and confirm the temperature gap to avoid overheating. If temperatures exceed approved limits, stop the machine and escalate the issue to maintenance.","This is the classic Heat Dissipation Failure pattern: at low rotational speed, airflow and mechanical agitation drop, which reduces how effectively heat is carried away from the process. If the process temperature and ambient (air) temperature are already close together — specifically `Process temperature − Air temperature < 8.6 K` — there isn't enough of a thermal gradient to push the heat out, so it accumulates. Check both `Rotational speed [rpm] < 1380` and the temperature gap together; neither alone confirms HDF.",b10299f726
Could a small gap between process temperature and air temperature be the reason the heat isn’t leaving the machine?,"Yes, a small gap between process temperature and air temperature could indicate that heat isn't leaving the machine effectively. Specifically, if the difference is less than 8.6 K while the rotational speed is low (below 1380 rpm), it creates insufficient thermal gradient for heat dissipation, leading to overheating.

Recommended action: Monitor both the temperature gap and rotational speed together. If the gap falls below 8.6 K and the speed is low, take corrective measures to enhance cooling or adjust the operational parameters.","This is the classic Heat Dissipation Failure pattern: at low rotational speed, airflow and mechanical agitation drop, which reduces how effectively heat is carried away from the process. If the process temperature and ambient (air) temperature are already close together — specifically `Process temperature − Air temperature < 8.6 K` — there isn't enough of a thermal gradient to push the heat out, so it accumulates. Check both `Rotational speed [rpm] < 1380` and the temperature gap together; neither alone confirms HDF.",b10299f726
What should I check if the rotor is below about 1380 rpm and the unit seems to trap heat?,"The equipment is experiencing Heat Dissipation Failure due to its rotor running below 1380 rpm, which reduces airflow and mechanical agitation, impairing heat transfer. Additionally, if the temperature gap between the process and air is less than 8.6 K, heat accumulates. 

Recommended actions: 
1. Check the temperature gradient to see if `Process temperature - Air temperature < 8.6 K`.
2. Consider implementing forced cooling or increasing rotational speed if both conditions are confirmed.","This is the classic Heat Dissipation Failure pattern: at low rotational speed, airflow and mechanical agitation drop, which reduces how effectively heat is carried away from the process. If the process temperature and ambient (air) temperature are already close together — specifically `Process temperature − Air temperature < 8.6 K` — there isn't enough of a thermal gradient to push the heat out, so it accumulates. Check both `Rotational speed [rpm] < 1380` and the temperature gap together; neither alone confirms HDF.",b10299f726
Is heat dissipation failure likely when airflow drops and the machine isn’t stirring things up enough?,"Yes, heat dissipation failure is likely when airflow drops and the machine isn’t stirring things up enough. This situation leads to reduced convective heat transfer, especially if the process and ambient temperatures are close together, causing heat to accumulate locally. It’s recommended to check and address potential causes such as blocked vents, ineffective cooling systems, or low coolant levels. Consider raising a maintenance ticket to investigate airflow or coolant issues.","This is the classic Heat Dissipation Failure pattern: at low rotational speed, airflow and mechanical agitation drop, which reduces how effectively heat is carried away from the process. If the process temperature and ambient (air) temperature are already close together — specifically `Process temperature − Air temperature < 8.6 K` — there isn't enough of a thermal gradient to push the heat out, so it accumulates. Check both `Rotational speed [rpm] < 1380` and the temperature gap together; neither alone confirms HDF.",b10299f726
How do I tell if this is a heat dissipation problem and not just a simple speed issue?,"To determine if you're dealing with a heat dissipation problem rather than just a speed issue, check both conditions:

1. **Rotational speed**: Is it below 1380 rpm?
2. **Temperature gap**: Is the temperature difference between process and air less than 8.6 K?

If both conditions are met, it's likely a heat dissipation failure due to reduced airflow and thermal gradient. If only one condition is present, it may be related to speed without heat dissipation issues.

**Recommended action**: If both conditions are trending together, consider forced cooling or increasing the rotational speed.","This is the classic Heat Dissipation Failure pattern: at low rotational speed, airflow and mechanical agitation drop, which reduces how effectively heat is carried away from the process. If the process temperature and ambient (air) temperature are already close together — specifically `Process temperature − Air temperature < 8.6 K` — there isn't enough of a thermal gradient to push the heat out, so it accumulates. Check both `Rotational speed [rpm] < 1380` and the temperature gap together; neither alone confirms HDF.",b10299f726
"Is low RPM by itself enough to cause a heat dissipation failure, or does something else have to happen too?","Low RPM by itself is not enough to cause a heat dissipation failure (HDF). HDF occurs only when low speed (`< 1380 rpm`) is combined with a small temperature gradient (`Process temperature - Air temperature < 8.6 K`). Therefore, it is important to consider both conditions together to assess the risk of HDF. Recommended action is to monitor both the rotational speed and the temperature gradient to prevent HDF.","No. Low rotational speed by itself is not dangerous — many low-speed runs are entirely safe. HDF only occurs when low speed (`< 1380 rpm`) is combined with a small temperature gradient (`temp_diff < 8.6 K`) at the same time. Diagnosing HDF from rotational speed alone is a common misdiagnosis; always check the joint condition, not either factor in isolation.",dab0941fe4
"When I see the machine running slow, should I worry about HDF right away or check another condition first?","When you see the machine running slow, check both the rotational speed and the temperature gradient simultaneously. If the speed is below 1380 rpm and the temperature difference is less than 8.6 K, you should be concerned about Heat Dissipation Failure (HDF). If either condition does not meet these criteria, it may not be HDF, and you can investigate other potential issues first.","No. Low rotational speed by itself is not dangerous — many low-speed runs are entirely safe. HDF only occurs when low speed (`< 1380 rpm`) is combined with a small temperature gradient (`temp_diff < 8.6 K`) at the same time. Diagnosing HDF from rotational speed alone is a common misdiagnosis; always check the joint condition, not either factor in isolation.",dab0941fe4
What combination of speed and temperature difference actually points to HDF in this machine?,"The combination of speed and temperature difference indicating Heat Dissipation Failure (HDF) occurs when the temperature difference (`temp_diff`) is below 8.6 K while the rotational speed is below 1380 rpm. This joint condition signals a risk of HDF even if individual temperature readings seem normal.

**Recommended Action:** Monitor both `temp_diff` and rotational speed continuously, and take corrective measures if the conditions align, as this indicates the potential for HDF.","No. Low rotational speed by itself is not dangerous — many low-speed runs are entirely safe. HDF only occurs when low speed (`< 1380 rpm`) is combined with a small temperature gradient (`temp_diff < 8.6 K`) at the same time. Diagnosing HDF from rotational speed alone is a common misdiagnosis; always check the joint condition, not either factor in isolation.",dab0941fe4
"Can a machine be running under 1380 rpm and still be fine, or is that always a bad sign?","A machine running under 1380 rpm can be fine, but it depends on the temperature gradient. If the temperature difference is also less than 8.6 K, it can lead to Heat Dissipation Failure. Therefore, always check both the rotational speed and the temperature gradient together. If both conditions are met, consider increasing rotational speed or implementing forced cooling.","No. Low rotational speed by itself is not dangerous — many low-speed runs are entirely safe. HDF only occurs when low speed (`< 1380 rpm`) is combined with a small temperature gradient (`temp_diff < 8.6 K`) at the same time. Diagnosing HDF from rotational speed alone is a common misdiagnosis; always check the joint condition, not either factor in isolation.",dab0941fe4
Why is it risky to diagnose HDF from rotational speed alone instead of looking at the temperature gradient too?,"Diagnosing Heat Dissipation Failure (HDF) from rotational speed alone is risky because it does not account for the critical role of the temperature gradient. HDF occurs specifically when low speed (under 1380 rpm) coincides with a small temperature difference (under 8.6 K). Without considering both factors together, there could be a misdiagnosis of safety in low-speed operations when, in fact, heat accumulation may occur.

**Recommended Action:** Always check both rotational speed and temperature gradient simultaneously to assess the risk of HDF accurately.","No. Low rotational speed by itself is not dangerous — many low-speed runs are entirely safe. HDF only occurs when low speed (`< 1380 rpm`) is combined with a small temperature gradient (`temp_diff < 8.6 K`) at the same time. Diagnosing HDF from rotational speed alone is a common misdiagnosis; always check the joint condition, not either factor in isolation.",dab0941fe4
How can I spot an early heat dissipation issue before the machine actually fails?,"To spot an early heat dissipation issue, monitor the temperature difference between process and air temperatures (`temp_diff = Process temperature − Air temperature`). Specifically, keep an eye on the gap; if it drops below 8.6 K while the rotational speed is below 1380 rpm, this indicates rising risk of heat dissipation failure. Even if individual temperatures appear normal, a small thermal gradient combined with low speed signals potential coolant or airflow problems. It's recommended to open a maintenance ticket if you observe these conditions.","Compute `temp_diff = Process temperature − Air temperature` as a first-class derived feature, and watch for it to drop below 8.6 K at the same time rotational speed drops below 1380 rpm. Raw air and process temperatures can each look 'normal' individually while the gap between them is what actually signals risk, so track the gap and the speed together rather than either raw sensor value.",ed04edaa26
Should I be tracking the temperature gap instead of just the raw air and process temperatures?,"Yes, you should be tracking the temperature gap (`temp_diff` = Process temperature − Air temperature) instead of just the raw air and process temperatures. Monitoring only raw temperatures can give a false sense of security, as they may appear normal individually. The gap signals risk for Heat Dissipation Failure when it drops below 8.6 K, especially in conjunction with low rotational speed below 1380 rpm. Thus, track both the temperature gap and the rotational speed together for a more accurate assessment of potential issues.","Compute `temp_diff = Process temperature − Air temperature` as a first-class derived feature, and watch for it to drop below 8.6 K at the same time rotational speed drops below 1380 rpm. Raw air and process temperatures can each look 'normal' individually while the gap between them is what actually signals risk, so track the gap and the speed together rather than either raw sensor value.",ed04edaa26
What combo of readings should I watch when I want to catch this failure mode sooner?,"To catch Heat Dissipation Failure sooner, monitor the combination of `temp_diff` (Process temperature − Air temperature) and rotational speed. Specifically, watch for `temp_diff` to drop below 8.6 K while the rotational speed is below 1380 rpm. This combination indicates risk, even if individual temperature readings appear normal.","Compute `temp_diff = Process temperature − Air temperature` as a first-class derived feature, and watch for it to drop below 8.6 K at the same time rotational speed drops below 1380 rpm. Raw air and process temperatures can each look 'normal' individually while the gap between them is what actually signals risk, so track the gap and the speed together rather than either raw sensor value.",ed04edaa26
Is there a specific temp difference and spindle speed range that points to heat dissipation trouble?,"Heat dissipation trouble is indicated when the process temperature is within 8.6 K of the air temperature (Process temperature - Air temperature < 8.6 K) and the rotational speed is below 1380 rpm. In this scenario, insufficient airflow and reduced mechanical agitation lead to ineffective heat dissipation, causing temperature accumulation.

**Recommended action:** Monitor both the temperature gap and spindle speed. If both conditions are met, initiate maintenance to address potential coolant or airflow issues before a failure occurs.","Compute `temp_diff = Process temperature − Air temperature` as a first-class derived feature, and watch for it to drop below 8.6 K at the same time rotational speed drops below 1380 rpm. Raw air and process temperatures can each look 'normal' individually while the gap between them is what actually signals risk, so track the gap and the speed together rather than either raw sensor value.",ed04edaa26
Why would the machine look normal on both temperatures but still be at risk of heat dissipation failure?,"The machine may look normal on both process temperature and air temperature, but there is a risk of heat dissipation failure if the temperature difference (temp_diff) between them drops below 8.6 K while the rotational speed is below 1380 rpm. This indicates insufficient thermal driving force for heat dissipation, leading to potential heat accumulation. 

Recommended action: Continuously monitor both the temp_diff and rotational speed together. If the temp_diff is below 8.6 K and the speed is under 1380 rpm, take preventive measures to enhance airflow or operational speed to mitigate the risk of heat accumulation.","Compute `temp_diff = Process temperature − Air temperature` as a first-class derived feature, and watch for it to drop below 8.6 K at the same time rotational speed drops below 1380 rpm. Raw air and process temperatures can each look 'normal' individually while the gap between them is what actually signals risk, so track the gap and the speed together rather than either raw sensor value.",ed04edaa26
Why would the motor seem weak even if the torque reading looks okay?,"The motor may seem weak despite an acceptable torque reading because the computed power could be below 3500 W due to an unfavorable combination of torque and rotational speed. It's essential to check the derived power value instead of relying on torque alone. 

**Recommended Action:** Always compute and monitor power as a key feature. If it trends toward the limits (3500 W or 9000 W), adjust torque or speed setpoints accordingly.","Underpowering happens when the computed mechanical power falls below 3500 W — this reflects torque that's too low relative to the current rotational speed, which risks an incomplete or stalled process. Power isn't measured directly; it's derived as `Power [W] = Torque [Nm] × Rotational speed [rpm] × (2π / 60)`. A torque reading that looks fine on its own can still combine with rotational speed to produce an underpowered result, so always check the computed power value rather than torque alone.",4598d51056
What does it mean when the calculated mechanical power drops below 3500 W during a cut?,"When the calculated mechanical power drops below 3500 W during a cut, it indicates that the process is underpowered—meaning the torque is too low relative to the speed, which risks an incomplete or stalled process. 

**Recommended Action:** Monitor the power closely and adjust the torque or speed setpoints before reaching the limit. If the issue persists without an obvious setpoint change, investigate the drive or motor calibration.","Underpowering happens when the computed mechanical power falls below 3500 W — this reflects torque that's too low relative to the current rotational speed, which risks an incomplete or stalled process. Power isn't measured directly; it's derived as `Power [W] = Torque [Nm] × Rotational speed [rpm] × (2π / 60)`. A torque reading that looks fine on its own can still combine with rotational speed to produce an underpowered result, so always check the computed power value rather than torque alone.",4598d51056
Can low rotational speed make the machine feel underpowered even with decent torque?,"Yes, low rotational speed can make the machine feel underpowered even with decent torque. This occurs because the computed power can fall below the required 3500 W threshold, despite torque appearing adequate on its own. 

**Recommended action:** Always calculate and monitor the derived power value from both torque and rotational speed to ensure it remains within the safe range of 3500-9000 W.","Underpowering happens when the computed mechanical power falls below 3500 W — this reflects torque that's too low relative to the current rotational speed, which risks an incomplete or stalled process. Power isn't measured directly; it's derived as `Power [W] = Torque [Nm] × Rotational speed [rpm] × (2π / 60)`. A torque reading that looks fine on its own can still combine with rotational speed to produce an underpowered result, so always check the computed power value rather than torque alone.",4598d51056
"How do I check whether the power issue is coming from torque, speed, or both?","To check if the power issue is due to torque, speed, or both, compute the power using the formula: 

\[ \text{Power [W]} = \text{Torque [Nm]} \times \text{Rotational speed [rpm]} \times \left(\frac{2\pi}{60}\right) \]

Review the computed power value against the safe range of 3500–9000 W. If it falls outside this range, you likely have a power failure, which can be caused by very high torque with very low speed or vice versa. 

**Recommended Action:** Always evaluate the computed power instead of checking torque and speed in isolation.","Underpowering happens when the computed mechanical power falls below 3500 W — this reflects torque that's too low relative to the current rotational speed, which risks an incomplete or stalled process. Power isn't measured directly; it's derived as `Power [W] = Torque [Nm] × Rotational speed [rpm] × (2π / 60)`. A torque reading that looks fine on its own can still combine with rotational speed to produce an underpowered result, so always check the computed power value rather than torque alone.",4598d51056
"Is the actual power value something the system measures directly, or is it calculated from torque and rpm?","The actual power value is calculated from torque and rpm, not directly measured. It is derived using the formula `Power [W] = Torque [Nm] × Rotational speed [rpm] × (2π / 60)`. Always check the computed power rather than evaluating torque and speed separately.","Underpowering happens when the computed mechanical power falls below 3500 W — this reflects torque that's too low relative to the current rotational speed, which risks an incomplete or stalled process. Power isn't measured directly; it's derived as `Power [W] = Torque [Nm] × Rotational speed [rpm] × (2π / 60)`. A torque reading that looks fine on its own can still combine with rotational speed to produce an underpowered result, so always check the computed power value rather than torque alone.",4598d51056
"Can very high torque with very low rpm be a sign of Power Failure, even if each value looks okay by itself?","Yes, very high torque with very low rpm can indicate a Power Failure, even if each value appears normal individually. This combination can lead to computed power falling outside the safe range (3500–9000 W). Always assess the computed power, not just torque or speed in isolation. Recommended action: calculate the derived power value and monitor it to ensure it remains within the safe limits.","It can be — that compensatory pattern (very high torque with very low speed, or very high speed with very low torque) is the classic Power Failure signature. Because `Power = Torque × Rotational speed × (2π/60)`, an extreme combination in either direction can push the computed power outside the safe 3500–9000 W band even when neither individual value looks alarming on its own. Always evaluate the computed power, not torque or speed in isolation.",d2e0f66011
"If the machine shows low speed but torque is unusually high, should I worry about a PWF condition?","Yes, you should worry about a PWF condition. The combination of low speed with unusually high torque is a classic signature of Power Failure. This pattern can lead to computed power falling outside the safe range of 3500–9000 W. 

**Recommended action:** Compute the derived power value using `Power = Torque × Rotational speed × (2π/60)`. If it falls outside the safe range, further investigation and corrective measures are necessary to prevent potential equipment failure.","It can be — that compensatory pattern (very high torque with very low speed, or very high speed with very low torque) is the classic Power Failure signature. Because `Power = Torque × Rotational speed × (2π/60)`, an extreme combination in either direction can push the computed power outside the safe 3500–9000 W band even when neither individual value looks alarming on its own. Always evaluate the computed power, not torque or speed in isolation.",d2e0f66011
Is it normal to ignore torque or speed on their own and just check the calculated power for Power Failure?,"Yes, it is normal to ignore torque or speed on their own and check the calculated power for power failure. This is because power is derived from both torque and speed, and the individual readings can appear normal while still producing an incorrect power value. Always evaluate the computed power, and if it falls outside the 3500–9000 W range, take corrective action regardless of the individual torque or speed values.","It can be — that compensatory pattern (very high torque with very low speed, or very high speed with very low torque) is the classic Power Failure signature. Because `Power = Torque × Rotational speed × (2π/60)`, an extreme combination in either direction can push the computed power outside the safe 3500–9000 W band even when neither individual value looks alarming on its own. Always evaluate the computed power, not torque or speed in isolation.",d2e0f66011
Can a big mismatch between rotational speed and torque push power outside the safe range during predictive maintenance?,"Yes, a big mismatch between rotational speed and torque can push power outside the safe range during predictive maintenance. This occurs because power is calculated from both torque and rotational speed, and extreme combinations (very high torque with very low speed or vice versa) can result in power values exceeding the safe limits of 3500–9000 W. Always compute and monitor the derived power value instead of evaluating torque and speed in isolation. Recommended action is to regularly check the computed power to ensure it remains within the safe operating band.","It can be — that compensatory pattern (very high torque with very low speed, or very high speed with very low torque) is the classic Power Failure signature. Because `Power = Torque × Rotational speed × (2π/60)`, an extreme combination in either direction can push the computed power outside the safe 3500–9000 W band even when neither individual value looks alarming on its own. Always evaluate the computed power, not torque or speed in isolation.",d2e0f66011
Why would very high speed with very low torque still point to a Power Failure issue?,"Very high speed with very low torque can indicate a Power Failure issue because this combination can lead to a computed power value that falls below the safe operating range of 3500 W. This situation suggests that although the rotational speed is high, the insufficient torque may not deliver the necessary mechanical power, risking an incomplete or stalled process.

Recommended action: Always compute and monitor the derived power value using the formula \( \text{Power} = \text{Torque} \times \text{Rotational speed} \). If the computed power is below 3500 W, investigate and resolve the torque deficiency.","It can be — that compensatory pattern (very high torque with very low speed, or very high speed with very low torque) is the classic Power Failure signature. Because `Power = Torque × Rotational speed × (2π/60)`, an extreme combination in either direction can push the computed power outside the safe 3500–9000 W band even when neither individual value looks alarming on its own. Always evaluate the computed power, not torque or speed in isolation.",d2e0f66011
How do I work out machine power from torque and rpm in practice?,"To calculate machine power from torque and rpm, use the formula: 

**Power [W] = Torque [Nm] × Rotational speed [rpm] × (2π / 60)**.

Monitor this computed power value to ensure it remains between 3500 W (underpowered) and 9000 W (overpowered). If it falls outside this range, address the torque or speed issues.","`Power [W] = Torque [Nm] × Rotational speed [rad/s]`, and since rotational speed is usually recorded in rpm, that's `Torque [Nm] × Rotational speed [rpm] × (2π / 60)`. Power Failure triggers when this computed value falls below 3500 W (underpowered) or above 9000 W (overpowered) — monitor it as its own derived metric rather than reading torque and speed separately.",556fd12d0f
What’s the formula for calculating power from torque and rotational speed?,"The formula for calculating power from torque and rotational speed is:

**Power [W] = Torque [Nm] × Rotational speed [rpm] × (2π / 60)**. 

This derived power value should always be monitored to avoid conditions leading to power failure.","`Power [W] = Torque [Nm] × Rotational speed [rad/s]`, and since rotational speed is usually recorded in rpm, that's `Torque [Nm] × Rotational speed [rpm] × (2π / 60)`. Power Failure triggers when this computed value falls below 3500 W (underpowered) or above 9000 W (overpowered) — monitor it as its own derived metric rather than reading torque and speed separately.",556fd12d0f
"If my speed reading is in rpm, how do I convert it when checking power from torque?","To convert speed from rpm when checking power from torque, use the formula: 

**Power [W] = Torque [Nm] × Rotational speed [rpm] × (2π / 60)**.

If you're currently measuring speed in rpm, just plug that value into the formula along with the torque reading to compute the power output. Always ensure the computed power is within the acceptable range of 3500–9000 W to avoid power failure issues.","`Power [W] = Torque [Nm] × Rotational speed [rad/s]`, and since rotational speed is usually recorded in rpm, that's `Torque [Nm] × Rotational speed [rpm] × (2π / 60)`. Power Failure triggers when this computed value falls below 3500 W (underpowered) or above 9000 W (overpowered) — monitor it as its own derived metric rather than reading torque and speed separately.",556fd12d0f
At what calculated power level does a power failure get flagged as underpowered or overpowered?,"A power failure is flagged when the calculated power falls below 3500 W (underpowered) or above 9000 W (overpowered). To address this, consistently compute power using the formula `Power [W] = Torque [Nm] × Rotational speed [rpm] × (2π / 60)` rather than evaluating torque and speed separately. If power is outside this range, investigate potential causes related to torque and speed adjustments to maintain optimal machine operation.","`Power [W] = Torque [Nm] × Rotational speed [rad/s]`, and since rotational speed is usually recorded in rpm, that's `Torque [Nm] × Rotational speed [rpm] × (2π / 60)`. Power Failure triggers when this computed value falls below 3500 W (underpowered) or above 9000 W (overpowered) — monitor it as its own derived metric rather than reading torque and speed separately.",556fd12d0f
"Should I monitor torque and speed separately, or track the derived power value for this fault?","You should track the derived power value for Power Failure rather than monitoring torque and speed separately. The reason is that power is a derived metric, and monitoring it directly allows for early detection of underpowering or overpowering conditions, which occur below 3500 W or above 9000 W, respectively. Therefore, compute and monitor power as a first-class feature and adjust settings as necessary based on power trends.","`Power [W] = Torque [Nm] × Rotational speed [rad/s]`, and since rotational speed is usually recorded in rpm, that's `Torque [Nm] × Rotational speed [rpm] × (2π / 60)`. Power Failure triggers when this computed value falls below 3500 W (underpowered) or above 9000 W (overpowered) — monitor it as its own derived metric rather than reading torque and speed separately.",556fd12d0f
Can the same tool wear and torque be fine on one product variant but still trip an overstrain failure on another?,"Yes, the same tool wear and torque can be fine on one product variant but trip an overstrain failure on another. This occurs because the overstrain failure threshold is dependent on the product's quality variant (Low, Medium, High). The same tool wear and torque may be below the threshold for a Low variant but exceed the threshold for Medium or High variants. 

Recommended action: Always compute the `Tool wear × Torque` against the variant-specific threshold to determine safety. Ensure to check the product's quality variant before assessing the risk of overstrain failure.","Yes — Overstrain Failure thresholds are product-quality-dependent. The same `Tool wear × Torque` value that's safe on a Low (L) quality variant (threshold ≈ 11,000 min·Nm) can exceed the limit on a Medium (M, ≈ 12,000 min·Nm) or High (H, ≈ 13,000 min·Nm) variant, and vice versa. Applying one global threshold across all variants produces false positives on L and false negatives on H, so the product `Type` must always be checked alongside the strain calculation.",d87b9c0dfa
Why does one global overstrain threshold give false alarms on low-quality parts and miss issues on high-quality ones?,"A single global overstrain threshold fails to account for product quality variations, leading to false alarms on low-quality parts (L) and missed issues on high-quality parts (H). The same torque and tool wear can be safe for one variant but exceed limits for another, as each quality variant has a specific threshold. 

**Recommended Action:** Always check the product `Type` (L/M/H) alongside the strain calculation to use the correct variant-specific threshold.","Yes — Overstrain Failure thresholds are product-quality-dependent. The same `Tool wear × Torque` value that's safe on a Low (L) quality variant (threshold ≈ 11,000 min·Nm) can exceed the limit on a Medium (M, ≈ 12,000 min·Nm) or High (H, ≈ 13,000 min·Nm) variant, and vice versa. Applying one global threshold across all variants produces false positives on L and false negatives on H, so the product `Type` must always be checked alongside the strain calculation.",d87b9c0dfa
Do I need to check the product type before judging whether Tool wear × Torque is too high?,"Yes, you need to check the product type before judging whether Tool wear × Torque is too high. This is crucial because each product type (Low, Medium, High) has its own thresholds for safe levels of Tool wear × Torque. Not considering the product type can lead to misclassifying the risk of Overstrain Failure. The recommended action is to always incorporate the product type into your checks to accurately assess the risk.","Yes — Overstrain Failure thresholds are product-quality-dependent. The same `Tool wear × Torque` value that's safe on a Low (L) quality variant (threshold ≈ 11,000 min·Nm) can exceed the limit on a Medium (M, ≈ 12,000 min·Nm) or High (H, ≈ 13,000 min·Nm) variant, and vice versa. Applying one global threshold across all variants produces false positives on L and false negatives on H, so the product `Type` must always be checked alongside the strain calculation.",d87b9c0dfa
"What are the separate overstrain limits for Low, Medium, and High quality variants?","The separate overstrain limits for the quality variants are as follows:

- Low (L) quality variant: ≈ 11,000 min·Nm
- Medium (M) quality variant: ≈ 12,000 min·Nm
- High (H) quality variant: ≈ 13,000 min·Nm

These thresholds are product-quality-dependent, meaning that the same torque and tool wear values can be safe for one variant but not for another. Always check the product type alongside the strain calculation.","Yes — Overstrain Failure thresholds are product-quality-dependent. The same `Tool wear × Torque` value that's safe on a Low (L) quality variant (threshold ≈ 11,000 min·Nm) can exceed the limit on a Medium (M, ≈ 12,000 min·Nm) or High (H, ≈ 13,000 min·Nm) variant, and vice versa. Applying one global threshold across all variants produces false positives on L and false negatives on H, so the product `Type` must always be checked alongside the strain calculation.",d87b9c0dfa
"If two jobs have the same wear and torque, why can one pass and the other fail depending on the variant?","One job can pass while the other fails despite having the same wear and torque because the threshold for Overstrain Failure is dependent on the product's quality variant (L, M, H). Each variant has a different `Tool wear × Torque` threshold. Therefore, the same values can be safe for one variant but exceed the limit for another. 

Recommended action: Always compute the product against the variant-specific threshold for accurate assessment.","Yes — Overstrain Failure thresholds are product-quality-dependent. The same `Tool wear × Torque` value that's safe on a Low (L) quality variant (threshold ≈ 11,000 min·Nm) can exceed the limit on a Medium (M, ≈ 12,000 min·Nm) or High (H, ≈ 13,000 min·Nm) variant, and vice versa. Applying one global threshold across all variants produces false positives on L and false negatives on H, so the product `Type` must always be checked alongside the strain calculation.",d87b9c0dfa
"What exactly is the strain indicator, and how is it calculated from tool wear and torque?","The strain indicator is calculated as `Tool wear [min] × Torque [Nm]`. It measures accumulated mechanical strain by combining tool wear and the amount of torque being applied. This metric is crucial because Overstrain Failure occurs when this value exceeds specific thresholds based on the machine variant. 

Recommended action: Monitor the strain indicator closely, especially if the tool wear is significant or torque levels are high, as exceeding the threshold can lead to Overstrain Failure.","`strain_indicator = Tool wear [min] × Torque [Nm]` — it's a derived measure of accumulated mechanical strain that combines how worn the tool is with how much torque is currently being applied. Overstrain Failure occurs when this value exceeds a variant-specific threshold (L ≈ 11,000, M ≈ 12,000, H ≈ 13,000 min·Nm). Neither tool wear nor torque alone tells you the risk — a worn tool under moderate torque and a fresh tool under high torque can both trigger OSF.",433090e42a
Why do we use strain indicator instead of looking at tool wear or torque by themselves when checking OSF risk?,"We use the strain indicator instead of just looking at tool wear or torque because the strain indicator provides a combined measure of accumulated mechanical strain that accounts for both the tool's wear and the torque applied. This combination is crucial because either metric alone can be misleading; for example, a worn tool with moderate torque and a fresh tool with high torque can both lead to Overstrain Failure (OSF). Therefore, monitoring the strain indicator helps accurately assess the risk of OSF by considering the interaction between tool condition and operating conditions.","`strain_indicator = Tool wear [min] × Torque [Nm]` — it's a derived measure of accumulated mechanical strain that combines how worn the tool is with how much torque is currently being applied. Overstrain Failure occurs when this value exceeds a variant-specific threshold (L ≈ 11,000, M ≈ 12,000, H ≈ 13,000 min·Nm). Neither tool wear nor torque alone tells you the risk — a worn tool under moderate torque and a fresh tool under high torque can both trigger OSF.",433090e42a
"At what strain indicator value does overstrain failure usually happen for the L, M, and H variants?","Overstrain failure usually occurs when the strain indicator exceeds specific thresholds: L variant at ≈ 11,000 min·Nm, M variant at ≈ 12,000 min·Nm, and H variant at ≈ 13,000 min·Nm. This indicates a critical level of mechanical strain that combines tool wear and applied torque. It is crucial to monitor these values to prevent tool or workpiece failures. Recommended action is to regularly assess strain levels and ensure they remain below the applicable threshold for each variant.","`strain_indicator = Tool wear [min] × Torque [Nm]` — it's a derived measure of accumulated mechanical strain that combines how worn the tool is with how much torque is currently being applied. Overstrain Failure occurs when this value exceeds a variant-specific threshold (L ≈ 11,000, M ≈ 12,000, H ≈ 13,000 min·Nm). Neither tool wear nor torque alone tells you the risk — a worn tool under moderate torque and a fresh tool under high torque can both trigger OSF.",433090e42a
Can a tool with only moderate wear still cause overstrain failure if the torque gets too high?,"Yes, a tool with moderate wear can still cause overstrain failure if the torque exceeds a certain level. This is because the strain indicator, which is a product of tool wear and applied torque, can surpass the variant-specific threshold, triggering overstrain failure. To prevent this, always calculate the strain indicator (`Tool wear × Torque`) and compare it to the relevant threshold for the tool variant to ensure safe operation.","`strain_indicator = Tool wear [min] × Torque [Nm]` — it's a derived measure of accumulated mechanical strain that combines how worn the tool is with how much torque is currently being applied. Overstrain Failure occurs when this value exceeds a variant-specific threshold (L ≈ 11,000, M ≈ 12,000, H ≈ 13,000 min·Nm). Neither tool wear nor torque alone tells you the risk — a worn tool under moderate torque and a fresh tool under high torque can both trigger OSF.",433090e42a
How can I tell if my machine is close to an OSF event using the combined wear-and-torque value?,"To determine if your machine is close to an OSF event, calculate the combined wear-and-torque value using the formula: `strain_indicator = Tool wear [min] × Torque [Nm]`. Monitor this value and compare it against the threshold specific to your machine variant (L ≈ 11,000, M ≈ 12,000, H ≈ 13,000 min·Nm). If your calculated value exceeds the threshold, the machine is at risk of Overstrain Failure.

**Recommended Action:** If nearing the threshold, reduce torque or address tool wear to prevent an OSF event.","`strain_indicator = Tool wear [min] × Torque [Nm]` — it's a derived measure of accumulated mechanical strain that combines how worn the tool is with how much torque is currently being applied. Overstrain Failure occurs when this value exceeds a variant-specific threshold (L ≈ 11,000, M ≈ 12,000, H ≈ 13,000 min·Nm). Neither tool wear nor torque alone tells you the risk — a worn tool under moderate torque and a fresh tool under high torque can both trigger OSF.",433090e42a
"Can a brand-new tool still hit overstrain if the torque gets high enough, or is low wear always safe?","A brand-new tool can still reach overstrain if the torque is high enough because the strain indicator is calculated as the product of tool wear and torque. Even with low wear, the combined value can exceed the variant-specific threshold, leading to failure. It is essential to compute the strain indicator against the specific threshold for the tool's type rather than assuming low wear is safe. Always check the product's variant and perform calculations to ensure safety.","Not automatically. Because `strain_indicator = Tool wear × Torque`, a fresh tool (low wear) can still reach the overstrain threshold if torque is high enough — the two factors trade off against each other. Always compute the product against the variant-specific threshold for the product's `Type` (L/M/H) rather than assuming low wear alone is safe.",72e90335be
How do I check whether tool wear and torque together are enough to trigger overstrain on a given type?,"To check whether tool wear and torque together are enough to trigger overstrain, calculate the `strain_indicator` using the formula:

```
strain_indicator = Tool wear [min] × Torque [Nm]
```

Compare this value against the specific threshold for the product's `Type` (L ≈ 11,000, M ≈ 12,000, H ≈ 13,000 min·Nm). 

Ensure to include the variant context, as a worn tool with moderate torque or a fresh tool under high torque can both lead to overstrain failure. 

**Recommended Action:** Always monitor the `strain_indicator` against the correct variant threshold and consider reducing torque or scheduling earlier tool replacements if approaching thresholds.","Not automatically. Because `strain_indicator = Tool wear × Torque`, a fresh tool (low wear) can still reach the overstrain threshold if torque is high enough — the two factors trade off against each other. Always compute the product against the variant-specific threshold for the product's `Type` (L/M/H) rather than assuming low wear alone is safe.",72e90335be
"If a tool is barely worn, does that automatically mean it won’t fail from strain under heavy load?",A tool that is barely worn does not automatically mean it won’t fail under heavy load. Overstrain Failure can occur if the combination of low wear and high torque exceeds the specific threshold for that tool's quality variant. Always calculate the strain indicator using the formula `strain_indicator = Tool wear × Torque` and compare it against the threshold for the tool's type (L/M/H) to assess safety.,"Not automatically. Because `strain_indicator = Tool wear × Torque`, a fresh tool (low wear) can still reach the overstrain threshold if torque is high enough — the two factors trade off against each other. Always compute the product against the variant-specific threshold for the product's `Type` (L/M/H) rather than assuming low wear alone is safe.",72e90335be
"What should I compare against the overstrain limit for an L, M, or H tool type?","You should compare the product of `tool_wear` and `torque` against a variant-specific threshold for the tool type (L, M, or H). This is necessary because the overstrain risk is determined by the interaction of both factors, not just one. Always compute this product to ensure accurate assessment and avoid misdiagnosis.","Not automatically. Because `strain_indicator = Tool wear × Torque`, a fresh tool (low wear) can still reach the overstrain threshold if torque is high enough — the two factors trade off against each other. Always compute the product against the variant-specific threshold for the product's `Type` (L/M/H) rather than assuming low wear alone is safe.",72e90335be
"Is the strain check based on wear alone, or do I need to multiply wear by torque before judging safety?","The strain check is based on both wear and torque. You need to calculate the strain indicator by multiplying tool wear by torque to accurately assess safety. Simply considering wear alone is not sufficient, as both factors contribute to the risk of Overstrain Failure.","Not automatically. Because `strain_indicator = Tool wear × Torque`, a fresh tool (low wear) can still reach the overstrain threshold if torque is high enough — the two factors trade off against each other. Always compute the product against the variant-specific threshold for the product's `Type` (L/M/H) rather than assuming low wear alone is safe.",72e90335be
"Why would a machine still fail even when torque, temperature, speed, and tool wear all look normal?","A machine may still fail even when torque, temperature, speed, and tool wear appear normal due to potential Heat Dissipation Failure (HDF) or Tool Wear Failure (TWF). 

1. **Heat Dissipation Failure (HDF)**: The joint condition of `temp_diff < 8.6 K` and `Rotational speed < 1380 rpm` is critical; normal individual temperatures may hide HDF risk.
   
2. **Tool Wear Failure (TWF)**: After 200–240 minutes of continuous tool use, failure probability increases sharply without any other apparent anomalies in readings.

**Recommended Action**: Prioritize inspection if `temp_diff` and low speed conditions are met for HDF, or if tool wear approaches 230 minutes for TWF.","This is most likely a background failure with no sensor signature at all — in this knowledge base, that's classified as RNF (Random Failure). It occurs independently of torque, temperature, speed, or tool wear, and is modeled as a small constant probability (~0.1%) applied to every process instance. If none of the TWF/HDF/PWF/OSF trigger conditions were met, don't force a sensor-based explanation onto the event — treat it as irreducible background risk instead.",50acea25e7
"If none of the usual failure triggers show up, should I still try to explain the breakdown from sensor data?","If none of the usual failure triggers show up, it's likely a Random Failure (RNF), which occurs independently of sensor readings. Therefore, trying to explain the breakdown from sensor data is not advisable. Instead, treat it as irreducible background risk and focus on rapid detection and containment.","This is most likely a background failure with no sensor signature at all — in this knowledge base, that's classified as RNF (Random Failure). It occurs independently of torque, temperature, speed, or tool wear, and is modeled as a small constant probability (~0.1%) applied to every process instance. If none of the TWF/HDF/PWF/OSF trigger conditions were met, don't force a sensor-based explanation onto the event — treat it as irreducible background risk instead.",50acea25e7
"In a predictive maintenance setup, is there a type of failure that happens basically as background risk with no clear sensor signature?","Yes, in a predictive maintenance setup, Random Failure (RNF) is a type of failure that occurs as background risk with no clear sensor signature. It happens independently of any sensor readings (torque, temperature, speed, or wear) and is modeled as a small constant probability. 

Recommended action: Track these incidents separately, emphasize rapid detection after they occur, and avoid attempting to attribute them to other failure mechanisms to maintain accurate data.","This is most likely a background failure with no sensor signature at all — in this knowledge base, that's classified as RNF (Random Failure). It occurs independently of torque, temperature, speed, or tool wear, and is modeled as a small constant probability (~0.1%) applied to every process instance. If none of the TWF/HDF/PWF/OSF trigger conditions were met, don't force a sensor-based explanation onto the event — treat it as irreducible background risk instead.",50acea25e7
"How do I classify a breakdown when every reading seems fine and no TWF, HDF, PWF, or OSF condition was met?","Based on the context provided, if every reading seems fine and no TWF, HDF, PWF, or OSF conditions were met, you should classify it as a potential RNF (Reported Not Found), as no specific failure conditions triggered. It’s important to note that RNF severity is variable and should be assessed on a case-by-case basis. Therefore, monitor the unit but do not log this as a confirmed failure; rather, flag it for priority inspection and maintain awareness for any future anomalies.","This is most likely a background failure with no sensor signature at all — in this knowledge base, that's classified as RNF (Random Failure). It occurs independently of torque, temperature, speed, or tool wear, and is modeled as a small constant probability (~0.1%) applied to every process instance. If none of the TWF/HDF/PWF/OSF trigger conditions were met, don't force a sensor-based explanation onto the event — treat it as irreducible background risk instead.",50acea25e7
Is it normal to see a rare machine failure that doesn’t seem tied to any operating condition or wear pattern?,The context does not provide sufficient information to determine whether it is normal to see a rare machine failure that doesn’t seem tied to any operating condition or wear pattern.,"This is most likely a background failure with no sensor signature at all — in this knowledge base, that's classified as RNF (Random Failure). It occurs independently of torque, temperature, speed, or tool wear, and is modeled as a small constant probability (~0.1%) applied to every process instance. If none of the TWF/HDF/PWF/OSF trigger conditions were met, don't force a sensor-based explanation onto the event — treat it as irreducible background risk instead.",50acea25e7
Can I really build a predictive model for RNF failures if they don’t line up with any sensor readings?,"You cannot build a predictive model for RNF failures since they have no correlation with any sensor readings. This class of failure is treated as irreducible background risk. The recommended action is to not attempt sensor-based predictions, track RNF incidents separately, and focus on general reliability practices like redundancy and rapid-response maintenance.","No — by design, this class of failure (RNF) has no correlation with air temperature, process temperature, rotational speed, torque, or tool wear, so a sensor-based model shouldn't be expected to meaningfully outperform the base rate. If a report or model claims a confident sensor-driven explanation for one of these events, treat that explanation with skepticism; it's more likely overfitting to coincidence. Redundancy, spare-part availability, and fast response crews mitigate this risk better than prediction.",cb2d1a82cd
Why would a sensor-based model be a bad fit for random failures like RNF?,"A sensor-based model is a bad fit for random failures (RNF) because RNF by design has no correlation with any sensor readings (like temperature, speed, or torque). Attempts to predict RNF using sensors will not outperform the base failure rate and are likely to result in overfitting. 

**Recommended action:** Treat RNF as irreducible background risk and focus on general reliability practices such as redundancy and fast response crews rather than trying to predict it with sensors.","No — by design, this class of failure (RNF) has no correlation with air temperature, process temperature, rotational speed, torque, or tool wear, so a sensor-based model shouldn't be expected to meaningfully outperform the base rate. If a report or model claims a confident sensor-driven explanation for one of these events, treat that explanation with skepticism; it's more likely overfitting to coincidence. Redundancy, spare-part availability, and fast response crews mitigate this risk better than prediction.",cb2d1a82cd
"If a report says it can predict an RNF event from temperature, speed, torque, or tool wear, should I trust it?","You should not trust the report. Random Failure (RNF) has no correlation with temperature, speed, torque, or tool wear. Any model claiming to predict RNF using these factors is likely just identifying coincidental patterns rather than actual causal relationships. Treat the explanation in the report with skepticism and consider RNF as irreducible background risk.","No — by design, this class of failure (RNF) has no correlation with air temperature, process temperature, rotational speed, torque, or tool wear, so a sensor-based model shouldn't be expected to meaningfully outperform the base rate. If a report or model claims a confident sensor-driven explanation for one of these events, treat that explanation with skepticism; it's more likely overfitting to coincidence. Redundancy, spare-part availability, and fast response crews mitigate this risk better than prediction.",cb2d1a82cd
What’s the best way to reduce the impact of RNF failures if prediction won’t work well?,"To reduce the impact of Random Failures (RNF), focus on general reliability practices such as implementing redundancy, ensuring spare-part availability, and having rapid-response maintenance crews in place. This approach mitigates the effects of RNF more effectively than any prediction model, as RNFs are inherently unpredictable and have no correlation with sensor data.","No — by design, this class of failure (RNF) has no correlation with air temperature, process temperature, rotational speed, torque, or tool wear, so a sensor-based model shouldn't be expected to meaningfully outperform the base rate. If a report or model claims a confident sensor-driven explanation for one of these events, treat that explanation with skepticism; it's more likely overfitting to coincidence. Redundancy, spare-part availability, and fast response crews mitigate this risk better than prediction.",cb2d1a82cd
Is it normal for this type of failure to show no clear correlation with machine sensors?,"Yes, it is normal for random failures to show no clear correlation with machine sensors. Because these failures are unpredictable by nature, they should be tracked separately in reporting for accurate data analysis. The response protocol should focus on rapid detection after the fact and containment, rather than prevention.","No — by design, this class of failure (RNF) has no correlation with air temperature, process temperature, rotational speed, torque, or tool wear, so a sensor-based model shouldn't be expected to meaningfully outperform the base rate. If a report or model claims a confident sensor-driven explanation for one of these events, treat that explanation with skepticism; it's more likely overfitting to coincidence. Redundancy, spare-part availability, and fast response crews mitigate this risk better than prediction.",cb2d1a82cd
"How should I log an incident when there’s no clear cause, instead of grouping it with TWF, HDF, PWF, or OSF stats?","If there’s no clear cause for the incident, categorize it as RNF (Random Failure) and track it separately from TWF, HDF, PWF, or OSF statistics. This approach prevents data distortion and acknowledges the unpredictable nature of the failure. The recommended action is to emphasize rapid detection and containment rather than prevention, and conduct a case-by-case post-hoc review.","Track them separately in your reporting rather than folding them into TWF/HDF/PWF/OSF root-cause statistics, since attributing an uncaused event to one of those mechanisms will distort your data. Because this failure type is unpredictable by nature, the response protocol should emphasize rapid detection-after-the-fact and containment, not prevention.",13359538bd
"Should random failures be counted in the same root-cause reports as the other failure modes, or kept separate?","Random failures should be tracked separately in root-cause reports to avoid distorting data. This is because they arise from unmodeled defects or unpredictable events, not captured by other failure modes. The recommended action is to handle random failure incidents distinctly and focus on rapid detection and containment, rather than attempting to predict them.","Track them separately in your reporting rather than folding them into TWF/HDF/PWF/OSF root-cause statistics, since attributing an uncaused event to one of those mechanisms will distort your data. Because this failure type is unpredictable by nature, the response protocol should emphasize rapid detection-after-the-fact and containment, not prevention.",13359538bd
"For an uncaused failure, what’s the right response: try to prevent it, or focus on finding it fast and containing it?","For an uncaused failure (Random Failure), the right response is to focus on finding it fast and containing it. This is due to the unpredictable nature of such failures, which makes prevention impractical. The response protocol should emphasize rapid detection-after-the-fact and containment rather than prevention.","Track them separately in your reporting rather than folding them into TWF/HDF/PWF/OSF root-cause statistics, since attributing an uncaused event to one of those mechanisms will distort your data. Because this failure type is unpredictable by nature, the response protocol should emphasize rapid detection-after-the-fact and containment, not prevention.",13359538bd
"If a machine event can’t be tied to any known mechanism, how should I handle it in predictive maintenance reporting?","If a machine event can’t be tied to any known mechanism, it should be classified as a Random Failure (RNF). This type of failure is unpredictable and does not provide a sensor-based signature. To handle it in predictive maintenance reporting, track these incidents separately to avoid distortion in root-cause statistics. The recommended action is to emphasize rapid detection and containment rather than prevention, and utilize general reliability practices to mitigate its impact.","Track them separately in your reporting rather than folding them into TWF/HDF/PWF/OSF root-cause statistics, since attributing an uncaused event to one of those mechanisms will distort your data. Because this failure type is unpredictable by nature, the response protocol should emphasize rapid detection-after-the-fact and containment, not prevention.",13359538bd
"What’s the best way to deal with random, unpredictable failures so they don’t mess up the failure data?","Random failures (RNF) can occur without any detectable signs or sensor readings, making them unpredictable. They should be tracked separately in reporting to avoid distorting data related to other failure modes. The recommended action is to focus on rapid detection and containment after the fact, rather than attempting to prevent these failures or build predictive models, as they do not correlate with any measurable parameters. Instead, ensure redundancy, maintain spare parts, and have fast response crews available.","Track them separately in your reporting rather than folding them into TWF/HDF/PWF/OSF root-cause statistics, since attributing an uncaused event to one of those mechanisms will distort your data. Because this failure type is unpredictable by nature, the response protocol should emphasize rapid detection-after-the-fact and containment, not prevention.",13359538bd
"Who do I notify right away if we get a high-severity machine event like overpower, OSF, or anything that meets stop criteria?","Notify the line supervisor immediately for a high-severity machine event like overpower or OSF, or any incident that meets the halt criteria.","Route high-severity incidents (PWF overpower, OSF, or any incident meeting the halt criteria) to the line supervisor immediately. Low- and medium-severity incidents — such as PWF underpower, HDF, or TWF — go to the standard maintenance queue instead. Always cross-check a model's predicted failure probability against the actual computed derived feature (power, temp_diff, strain_indicator) before writing a report that asserts a specific root cause.",c0ed104e40
"For lower-severity alarms like underpower, HDF, or TWF, should I send it to the line supervisor or just put it in the normal maintenance queue?","For lower-severity alarms like PWF underpower, HDF, or TWF, you should route them to the standard maintenance queue instead of sending them to the line supervisor.","Route high-severity incidents (PWF overpower, OSF, or any incident meeting the halt criteria) to the line supervisor immediately. Low- and medium-severity incidents — such as PWF underpower, HDF, or TWF — go to the standard maintenance queue instead. Always cross-check a model's predicted failure probability against the actual computed derived feature (power, temp_diff, strain_indicator) before writing a report that asserts a specific root cause.",c0ed104e40
"Before I write up a root-cause report, do I need to compare the model’s failure prediction with the actual derived feature values like power, temp_diff, or strain_indicator?","Yes, you need to compare the model’s failure prediction with the actual derived feature values like power, temp_diff, or strain_indicator before writing a root-cause report.","Route high-severity incidents (PWF overpower, OSF, or any incident meeting the halt criteria) to the line supervisor immediately. Low- and medium-severity incidents — such as PWF underpower, HDF, or TWF — go to the standard maintenance queue instead. Always cross-check a model's predicted failure probability against the actual computed derived feature (power, temp_diff, strain_indicator) before writing a report that asserts a specific root cause.",c0ed104e40
What’s the right escalation path when the incident looks serious enough to halt the machine?,"For a serious incident that meets the halt criteria, immediately notify the line supervisor. The halt criteria include computations where power exceeds 9000 W, `tool_wear × torque` exceeds the variant threshold by more than 10%, or if two or more failure conditions occur simultaneously. Following these criteria ensures safety and reduces the risk of equipment damage.","Route high-severity incidents (PWF overpower, OSF, or any incident meeting the halt criteria) to the line supervisor immediately. Low- and medium-severity incidents — such as PWF underpower, HDF, or TWF — go to the standard maintenance queue instead. Always cross-check a model's predicted failure probability against the actual computed derived feature (power, temp_diff, strain_indicator) before writing a report that asserts a specific root cause.",c0ed104e40
"If the prediction says one thing but the computed feature doesn’t match, what should I trust before documenting the failure cause?","If the prediction and the computed feature do not match, you should trust the computed feature before documenting the failure cause. The computed feature represents direct measurements, while predictions may not accurately reflect current conditions. Therefore, ensure you verify sensor readings and other computed data closely against expectations to determine the proper course of action.","Route high-severity incidents (PWF overpower, OSF, or any incident meeting the halt criteria) to the line supervisor immediately. Low- and medium-severity incidents — such as PWF underpower, HDF, or TWF — go to the standard maintenance queue instead. Always cross-check a model's predicted failure probability against the actual computed derived feature (power, temp_diff, strain_indicator) before writing a report that asserts a specific root cause.",c0ed104e40
How is the severity rating different from the rule for stopping the line right away?,"The severity rating indicates how urgently to investigate a failure mode, while the halt criteria specify conditions under which the line must be stopped immediately. A high severity doesn’t necessarily mean the line should halt unless it meets specific thresholds (e.g., power exceeding 9000 W). Recommended action is to assess both severity and halt criteria separately.","They're related but not the same check. Severity (from the triage table — e.g. PWF-overpower and OSF are High/Immediate, HDF and PWF-underpower are Medium/Same-shift, TWF is Low–Medium/Next window) tells you how urgently to investigate. Halt criteria is a separate, stricter overlay: you must stop the line immediately if computed power exceeds 9000 W, `tool_wear × torque` exceeds the variant threshold by more than 10%, or two or more failure conditions are met at once — regardless of what the severity table alone would suggest. A High-severity finding doesn't automatically mean a full halt if it doesn't also meet one of those three halt conditions.",958fe04268
"If a failure mode shows up as high severity, does that always mean I have to halt the line?","No, a high severity finding does not automatically mean you have to halt the line. Halting the line requires meeting specific halt criteria, such as exceeding power thresholds or having multiple failure conditions at once. If these criteria are not met, you can flag for inspection instead of halting the line.","They're related but not the same check. Severity (from the triage table — e.g. PWF-overpower and OSF are High/Immediate, HDF and PWF-underpower are Medium/Same-shift, TWF is Low–Medium/Next window) tells you how urgently to investigate. Halt criteria is a separate, stricter overlay: you must stop the line immediately if computed power exceeds 9000 W, `tool_wear × torque` exceeds the variant threshold by more than 10%, or two or more failure conditions are met at once — regardless of what the severity table alone would suggest. A High-severity finding doesn't automatically mean a full halt if it doesn't also meet one of those three halt conditions.",958fe04268
"What are the exact conditions that make me stop the line immediately, even if the triage severity looks lower?","You must stop the line immediately if any of the following conditions are met, regardless of severity ratings:

1. Computed power exceeds 9000 W
2. `tool_wear × torque` exceeds the variant threshold by more than 10%
3. Two or more failure conditions are detected simultaneously 

If none of these conditions are met, flag the unit for inspection at the next scheduled maintenance window instead of halting.","They're related but not the same check. Severity (from the triage table — e.g. PWF-overpower and OSF are High/Immediate, HDF and PWF-underpower are Medium/Same-shift, TWF is Low–Medium/Next window) tells you how urgently to investigate. Halt criteria is a separate, stricter overlay: you must stop the line immediately if computed power exceeds 9000 W, `tool_wear × torque` exceeds the variant threshold by more than 10%, or two or more failure conditions are met at once — regardless of what the severity table alone would suggest. A High-severity finding doesn't automatically mean a full halt if it doesn't also meet one of those three halt conditions.",958fe04268
"When I’m checking a fault, should I treat the severity table and the halt criteria as the same thing or separate checks?","You should treat the severity table and the halt criteria as separate checks. The severity rating indicates how urgently to investigate an issue, while the halt criteria specify when to stop the line immediately, regardless of severity.","They're related but not the same check. Severity (from the triage table — e.g. PWF-overpower and OSF are High/Immediate, HDF and PWF-underpower are Medium/Same-shift, TWF is Low–Medium/Next window) tells you how urgently to investigate. Halt criteria is a separate, stricter overlay: you must stop the line immediately if computed power exceeds 9000 W, `tool_wear × torque` exceeds the variant threshold by more than 10%, or two or more failure conditions are met at once — regardless of what the severity table alone would suggest. A High-severity finding doesn't automatically mean a full halt if it doesn't also meet one of those three halt conditions.",958fe04268
"For predictive maintenance triage, how do I know whether a finding needs urgent investigation versus an actual line stop?","To determine whether a finding needs urgent investigation or an actual line stop, check the severity rating against the halt criteria. A finding may have a high-severity rating but does not require a full halt unless it meets specific halt conditions: computed power exceeds 9000 W, `tool_wear × torque` exceeds the variant threshold by more than 10%, or two or more failure conditions occur simultaneously. If none of these conditions are met, flag the unit for inspection at the next scheduled maintenance window instead of halting the line.","They're related but not the same check. Severity (from the triage table — e.g. PWF-overpower and OSF are High/Immediate, HDF and PWF-underpower are Medium/Same-shift, TWF is Low–Medium/Next window) tells you how urgently to investigate. Halt criteria is a separate, stricter overlay: you must stop the line immediately if computed power exceeds 9000 W, `tool_wear × torque` exceeds the variant threshold by more than 10%, or two or more failure conditions are met at once — regardless of what the severity table alone would suggest. A High-severity finding doesn't automatically mean a full halt if it doesn't also meet one of those three halt conditions.",958fe04268
"Do I have to stop the line every time a failure condition shows up, or can I keep running until a real stop criterion is hit?","No, you do not have to stop the production line every time a failure condition is detected. You can continue running until one of the specific halt criteria is met: computed power over 9000 W, `tool_wear × torque` exceeding a variant threshold by more than 10%, or two or more failure conditions firing simultaneously. If none of these conditions are met, flag the unit for inspection at the next scheduled maintenance instead of halting.","No — only when one of the specific halt criteria is met: computed power over 9000 W, `tool_wear × torque` exceeding the variant threshold by more than 10%, or two or more failure conditions firing simultaneously. Otherwise, flag the unit for inspection at the next scheduled maintenance window instead of halting; unnecessary halts carry their own production cost.",7f5a1e5a56
What exact conditions mean I should halt production immediately instead of just flagging the unit for the next maintenance window?,"You should halt production immediately if any of the following conditions are met: computed power exceeds 9000 W, `tool_wear × torque` exceeds the variant threshold by more than 10%, or if two or more failure conditions occur simultaneously. These criteria indicate severe risks that warrant an immediate stop to prevent potential damage or safety issues.","No — only when one of the specific halt criteria is met: computed power over 9000 W, `tool_wear × torque` exceeding the variant threshold by more than 10%, or two or more failure conditions firing simultaneously. Otherwise, flag the unit for inspection at the next scheduled maintenance window instead of halting; unnecessary halts carry their own production cost.",7f5a1e5a56
"If the power draw goes over 9000 W, is that always a hard stop for the machine?","If the power draw goes over 9000 W, it does not always result in a hard stop for the machine. A hard stop occurs only when specific criteria are met, including exceeding the 9000 W threshold or other conditions. Instead, if the power trends toward this limit, it's recommended to adjust torque or speed setpoints and monitor the situation without halting production unless necessary.","No — only when one of the specific halt criteria is met: computed power over 9000 W, `tool_wear × torque` exceeding the variant threshold by more than 10%, or two or more failure conditions firing simultaneously. Otherwise, flag the unit for inspection at the next scheduled maintenance window instead of halting; unnecessary halts carry their own production cost.",7f5a1e5a56
How do I decide whether a wear and torque warning is serious enough to shut the line down right away?,"To decide whether a wear and torque warning is serious enough to shut the line down, you should not rely on torque readings, as they are not reliable indicators of Tool Wear Failure. Instead, monitor the tool wear time directly. If the tool wear exceeds 200 minutes, flag it for priority inspection. Schedule tool replacement before reaching 240 minutes, especially if the unit will be in operation for a long run. If you observe symptoms of heat dissipation failure, such as abnormally high temperatures or poor cooling performance, consider shutting down the line, especially if the process and air temperatures are close together.","No — only when one of the specific halt criteria is met: computed power over 9000 W, `tool_wear × torque` exceeding the variant threshold by more than 10%, or two or more failure conditions firing simultaneously. Otherwise, flag the unit for inspection at the next scheduled maintenance window instead of halting; unnecessary halts carry their own production cost.",7f5a1e5a56
"When multiple failure signals appear at once, do I need to stop the equipment, or is it still okay to wait for scheduled maintenance?","When multiple failure signals appear at once, you need to stop the equipment. This is because two or more failure conditions firing simultaneously meets the specific halt criteria. The recommended action is to halt the equipment to prevent further issues.","No — only when one of the specific halt criteria is met: computed power over 9000 W, `tool_wear × torque` exceeding the variant threshold by more than 10%, or two or more failure conditions firing simultaneously. Otherwise, flag the unit for inspection at the next scheduled maintenance window instead of halting; unnecessary halts carry their own production cost.",7f5a1e5a56
"What does the product type label L, M, or H actually tell me on the machine?","The product type label (L, M, or H) indicates the quality variant of the product: Low (L), Medium (M), or High (H). Each variant has its own threshold for Overstrain Failure based on `Tool wear × Torque` values. For instance, L has a threshold of approximately 11,000 min·Nm, M approximately 12,000 min·Nm, and H approximately 13,000 min·Nm. 

If your tool's strain indicator value exceeds the specific threshold for its quality type, it may lead to failure. Always compute this value and compare it against the appropriate threshold to ensure safety.","`Type` records the product's quality variant — Low (L), Medium (M), or High (H). It doesn't appear in the HDF, PWF, or TWF calculations, but it's essential for Overstrain Failure: each variant has its own `Tool wear × Torque` threshold (L ≈ 11,000, M ≈ 12,000, H ≈ 13,000 min·Nm), so the same sensor readings can be safe on one variant and a failure on another.",117ffdb817
"Why is the Type field important if it doesn’t show up in the HDF, PWF, or TWF calculations?","The Type field is important because it determines the specific torque threshold for Overstrain Failure (OSF) based on the product's quality variant. While it doesn't appear in HDF, PWF, or TWF calculations, it indicates that the same sensor readings can be interpreted differently depending on whether the variant is Low (L), Medium (M), or High (H). Each variant has distinct safety thresholds that must be considered to prevent failure.","`Type` records the product's quality variant — Low (L), Medium (M), or High (H). It doesn't appear in the HDF, PWF, or TWF calculations, but it's essential for Overstrain Failure: each variant has its own `Tool wear × Torque` threshold (L ≈ 11,000, M ≈ 12,000, H ≈ 13,000 min·Nm), so the same sensor readings can be safe on one variant and a failure on another.",117ffdb817
"How does Low, Medium, or High product type change the overstrain failure limit?","The product type (Low, Medium, High) affects the overstrain failure limit by defining variant-specific thresholds for the strain indicator, which is calculated as `Tool wear × Torque`. Low quality (L) has a threshold of approximately 11,000 min·Nm, Medium (M) about 12,000 min·Nm, and High (H) around 13,000 min·Nm. 

Thus, the same combination of tool wear and torque could be safe for one variant but exceed the limit for another. Recommended action is to always compute the strain against the specific threshold for the respective product type to avoid false positives or negatives.","`Type` records the product's quality variant — Low (L), Medium (M), or High (H). It doesn't appear in the HDF, PWF, or TWF calculations, but it's essential for Overstrain Failure: each variant has its own `Tool wear × Torque` threshold (L ≈ 11,000, M ≈ 12,000, H ≈ 13,000 min·Nm), so the same sensor readings can be safe on one variant and a failure on another.",117ffdb817
Can the same torque and tool wear readings be okay for one type but a failure for another?,"Yes, the same torque and tool wear readings can be safe for one product type but indicate failure for another. This is because each product type (Low, Medium, High) has its own specific `Tool wear × Torque` threshold. Therefore, readings that are acceptable for one variant may not be acceptable for another. 

**Recommended action:** Always compute the product against the specific threshold for the product's `Type` to determine if maintenance or inspection is needed.","`Type` records the product's quality variant — Low (L), Medium (M), or High (H). It doesn't appear in the HDF, PWF, or TWF calculations, but it's essential for Overstrain Failure: each variant has its own `Tool wear × Torque` threshold (L ≈ 11,000, M ≈ 12,000, H ≈ 13,000 min·Nm), so the same sensor readings can be safe on one variant and a failure on another.",117ffdb817
"What threshold values should I watch for on L, M, and H parts when checking overstrain risk?","Watch for the following threshold values when checking overstrain risk:

- **Low (L)**: 11,000 min·Nm
- **Medium (M)**: 12,000 min·Nm
- **High (H)**: 13,000 min·Nm

If the `strain_indicator` exceeds these values, consider reducing the torque setpoint or scheduling earlier tool replacement to mitigate risk.","`Type` records the product's quality variant — Low (L), Medium (M), or High (H). It doesn't appear in the HDF, PWF, or TWF calculations, but it's essential for Overstrain Failure: each variant has its own `Tool wear × Torque` threshold (L ≈ 11,000, M ≈ 12,000, H ≈ 13,000 min·Nm), so the same sensor readings can be safe on one variant and a failure on another.",117ffdb817
"What unit is the power feature in, and how is it calculated from torque and rpm?","The power feature is measured in watts (W) and is calculated using the formula: 

**Power [W] = Torque [Nm] × Rotational speed [rpm] × (2π/60)**.

To avoid power failure, compute and monitor power as a primary derived feature rather than relying on separate torque and speed readings. If power trends near the limits of 3500 W or 9000 W, adjust the torque or speed setpoints accordingly.","`power` is measured in watts (W), computed as `Torque [Nm] × Rotational speed [rpm] × (2π/60)`. `strain_indicator` doesn't correspond to a standard physical unit — it's simply `Tool wear [min] × Torque [Nm]`, expressed here as min·Nm, and is only meaningful relative to its variant-specific threshold, not as an absolute physical quantity.",ca8be638d6
"Does strain_indicator have a real physical unit, or is it just a derived index?","The `strain_indicator` does not have a standard physical unit; it is a derived measure expressed in min·Nm, combining tool wear and torque. It is meaningful only relative to its specific thresholds, not as an absolute physical quantity.","`power` is measured in watts (W), computed as `Torque [Nm] × Rotational speed [rpm] × (2π/60)`. `strain_indicator` doesn't correspond to a standard physical unit — it's simply `Tool wear [min] × Torque [Nm]`, expressed here as min·Nm, and is only meaningful relative to its variant-specific threshold, not as an absolute physical quantity.",ca8be638d6
Why is strain_indicator shown as min·Nm instead of a standard engineering unit?,"The strain_indicator is shown as min·Nm instead of a standard engineering unit because it is a derived quantity that combines tool wear (in minutes) with torque (in Newton-meters). This representation is not a conventional physical quantity and is meaningful only relative to its specific thresholds for different product variants. Therefore, it lacks a standard unit like watts or Newton-meters, and serves as an indicator of risk rather than a direct measure. 

Recommended action: Monitor the strain_indicator and compare it against the appropriate variant-specific threshold to assess potential risk of failure.","`power` is measured in watts (W), computed as `Torque [Nm] × Rotational speed [rpm] × (2π/60)`. `strain_indicator` doesn't correspond to a standard physical unit — it's simply `Tool wear [min] × Torque [Nm]`, expressed here as min·Nm, and is only meaningful relative to its variant-specific threshold, not as an absolute physical quantity.",ca8be638d6
How do I interpret power in watts when the machine is running at a given torque and speed?,"To interpret power in watts when the machine is running at a given torque and speed, use the formula: 

\[ \text{Power [W]} = \text{Torque [Nm]} \times \text{Rotational speed [rpm]} \times \left( \frac{2\pi}{60} \right) \]

If the computed power value falls below 3500 W or above 9000 W, it indicates a Power Failure condition, either being underpowered or overpowered. Always compute power rather than evaluate torque and speed in isolation, as compensatory patterns can lead to false interpretations of normal operation. 

**Recommended action:** Monitor the computed power and adjust machine operations to stay within the safe power range.","`power` is measured in watts (W), computed as `Torque [Nm] × Rotational speed [rpm] × (2π/60)`. `strain_indicator` doesn't correspond to a standard physical unit — it's simply `Tool wear [min] × Torque [Nm]`, expressed here as min·Nm, and is only meaningful relative to its variant-specific threshold, not as an absolute physical quantity.",ca8be638d6
"Is strain_indicator only useful compared with its threshold, rather than as an absolute value?","Yes, the `strain_indicator` is only meaningful relative to its variant-specific threshold and not as an absolute value. It combines tool wear and torque, and its significance lies in comparing it against specific thresholds to assess risk of Overstrain Failure.","`power` is measured in watts (W), computed as `Torque [Nm] × Rotational speed [rpm] × (2π/60)`. `strain_indicator` doesn't correspond to a standard physical unit — it's simply `Tool wear [min] × Torque [Nm]`, expressed here as min·Nm, and is only meaningful relative to its variant-specific threshold, not as an absolute physical quantity.",ca8be638d6
"With Type M at 298 K air temp, 308 K process temp, 1600 rpm, 30 Nm torque, and 215 min wear, does this point to tool wear fault or something else?","The readings indicate a possible Tool Wear Fault (TWF) as the tool wear is within the 200–240 min range (215 min). However, there are no other fault conditions met (no High Differential Fault, Overpower Fault, or Overstrain Fault). The severity is assessed as Low–Medium. 

**Recommended Action:** Flag the unit for a priority inspection and schedule tool replacement soon, but do not stop the line.","**Step 1 — check each condition:**
- Tool wear: 215 min → inside the 200–240 min TWF band. ✅ possible TWF
- temp_diff = 308 − 298 = 10 K (not < 8.6 K) and speed 1600 rpm (not < 1380 rpm) → HDF condition not met
- power = 30 × 1600 × (2π/60) ≈ 5027 W → inside the 3500–9000 W band → no PWF
- strain_indicator = 215 × 30 = 6450 min·Nm, well under the M threshold (12,000) → no OSF

**Step 2 — severity:** Only TWF is in-band. Per the severity table, TWF is Low–Medium severity with a next-scheduled-window response.

**Step 3 — halt check:** None of the three halt criteria are met (power is in-band, no OSF overage, only one condition fired), so no immediate halt is required.

**Conclusion:** Flag for the priority inspection queue and schedule tool replacement soon, but this does not require stopping the line.",8c2f90045b
What should I check first if the tool wear is 215 minutes but the speed and temperature readings don’t look like the other fault patterns?,"The tool wear is at 215 minutes, which is within the critical band of 200–240 minutes where failure probability sharply increases. Since the speed and temperature readings look normal, it's likely a case of tool wear failure (TWF). 

Recommended action: Prioritize inspection and schedule tool replacement soon, but do not halt operations unless corroborated by actual defects.","**Step 1 — check each condition:**
- Tool wear: 215 min → inside the 200–240 min TWF band. ✅ possible TWF
- temp_diff = 308 − 298 = 10 K (not < 8.6 K) and speed 1600 rpm (not < 1380 rpm) → HDF condition not met
- power = 30 × 1600 × (2π/60) ≈ 5027 W → inside the 3500–9000 W band → no PWF
- strain_indicator = 215 × 30 = 6450 min·Nm, well under the M threshold (12,000) → no OSF

**Step 2 — severity:** Only TWF is in-band. Per the severity table, TWF is Low–Medium severity with a next-scheduled-window response.

**Step 3 — halt check:** None of the three halt criteria are met (power is in-band, no OSF overage, only one condition fired), so no immediate halt is required.

**Conclusion:** Flag for the priority inspection queue and schedule tool replacement soon, but this does not require stopping the line.",8c2f90045b
"In this example, is the torque and speed combination high enough to explain the issue, or is it mainly a wear-only case?","The context provided does not contain enough information to determine if the torque and speed combination is high enough to explain the issue or if it is a wear-only case. Therefore, I cannot answer the question definitively.","**Step 1 — check each condition:**
- Tool wear: 215 min → inside the 200–240 min TWF band. ✅ possible TWF
- temp_diff = 308 − 298 = 10 K (not < 8.6 K) and speed 1600 rpm (not < 1380 rpm) → HDF condition not met
- power = 30 × 1600 × (2π/60) ≈ 5027 W → inside the 3500–9000 W band → no PWF
- strain_indicator = 215 × 30 = 6450 min·Nm, well under the M threshold (12,000) → no OSF

**Step 2 — severity:** Only TWF is in-band. Per the severity table, TWF is Low–Medium severity with a next-scheduled-window response.

**Step 3 — halt check:** None of the three halt criteria are met (power is in-band, no OSF overage, only one condition fired), so no immediate halt is required.

**Conclusion:** Flag for the priority inspection queue and schedule tool replacement soon, but this does not require stopping the line.",8c2f90045b
"Does this reading need the machine stopped right away, or can it wait for the next maintenance window?","The reading does not need to stop the machine right away unless one of the specific halt criteria is met (computed power over 9000 W, `tool_wear × torque` exceeding the threshold by more than 10%, or two failure conditions simultaneously). If these criteria are not met, it can wait for the next maintenance window.","**Step 1 — check each condition:**
- Tool wear: 215 min → inside the 200–240 min TWF band. ✅ possible TWF
- temp_diff = 308 − 298 = 10 K (not < 8.6 K) and speed 1600 rpm (not < 1380 rpm) → HDF condition not met
- power = 30 × 1600 × (2π/60) ≈ 5027 W → inside the 3500–9000 W band → no PWF
- strain_indicator = 215 × 30 = 6450 min·Nm, well under the M threshold (12,000) → no OSF

**Step 2 — severity:** Only TWF is in-band. Per the severity table, TWF is Low–Medium severity with a next-scheduled-window response.

**Step 3 — halt check:** None of the three halt criteria are met (power is in-band, no OSF overage, only one condition fired), so no immediate halt is required.

**Conclusion:** Flag for the priority inspection queue and schedule tool replacement soon, but this does not require stopping the line.",8c2f90045b
How urgent is a Type M case when only the wear band is hit and the power and strain numbers stay below their limits?,"A Type M case is considered low urgency. The only condition met is the wear band hitting the 200–240 min range for tool wear, which indicates a possible Tool Wear Failure (TWF). Since both power and strain numbers remain below their limits, the incident does not require immediate action. Recommended action is to monitor and schedule maintenance during the next scheduled window.","**Step 1 — check each condition:**
- Tool wear: 215 min → inside the 200–240 min TWF band. ✅ possible TWF
- temp_diff = 308 − 298 = 10 K (not < 8.6 K) and speed 1600 rpm (not < 1380 rpm) → HDF condition not met
- power = 30 × 1600 × (2π/60) ≈ 5027 W → inside the 3500–9000 W band → no PWF
- strain_indicator = 215 × 30 = 6450 min·Nm, well under the M threshold (12,000) → no OSF

**Step 2 — severity:** Only TWF is in-band. Per the severity table, TWF is Low–Medium severity with a next-scheduled-window response.

**Step 3 — halt check:** None of the three halt criteria are met (power is in-band, no OSF overage, only one condition fired), so no immediate halt is required.

**Conclusion:** Flag for the priority inspection queue and schedule tool replacement soon, but this does not require stopping the line.",8c2f90045b
"For a Type L machine, how do I tell if a reading with air temp 295 K, process temp 300 K, speed 1200 rpm, torque 35 Nm, and tool wear 50 min points to HDF?","For the Type L machine with the given readings (air temp 295 K, process temp 300 K, speed 1200 rpm, torque 35 Nm, and tool wear 50 min), the conditions confirm HDF because:

- Tool wear is far below TWF.
- Temperature difference (5 K) is less than 8.6 K.
- Speed (1200 rpm) is less than 1380 rpm.

No other failure conditions are met. HDF indicates medium severity, suggesting a same-shift response without an immediate halt.

**Recommended Action:** Investigate the coolant/airflow system and consider raising rotational speed, rather than stopping production outright.","**Step 1 — check each condition:**
- Tool wear: 50 min → far below the TWF band → no TWF
- temp_diff = 300 − 295 = 5 K (< 8.6 K) **and** speed 1200 rpm (< 1380 rpm) → both HDF conditions hold → HDF confirmed
- power = 35 × 1200 × (2π/60) ≈ 4398 W → inside the 3500–9000 W band → no PWF
- strain_indicator = 50 × 35 = 1750 min·Nm, far under the L threshold (11,000) → no OSF

**Step 2 — severity:** HDF alone is Medium severity, same-shift response.

**Step 3 — halt check:** Only one condition (HDF) is met, and no individual metric breaches a halt threshold, so an immediate halt isn't required.

**Conclusion:** Diagnose as HDF. Investigate the coolant/airflow system and consider raising rotational speed rather than stopping production outright.",e581e4ba19
"In that example with 5 K temp difference and 1200 rpm, why does it count as HDF but not the other fault modes?","In the example with a 5 K temperature difference and 1200 rpm, it counts as Heat Dissipation Failure (HDF) because both HDF conditions are met: the temperature difference is less than 8.6 K and the rotational speed is below 1380 rpm. Other fault modes are not applicable because they either require different conditions or thresholds that were not met in this case. The recommended action is to investigate the coolant/airflow system and consider raising rotational speed rather than stopping production outright.","**Step 1 — check each condition:**
- Tool wear: 50 min → far below the TWF band → no TWF
- temp_diff = 300 − 295 = 5 K (< 8.6 K) **and** speed 1200 rpm (< 1380 rpm) → both HDF conditions hold → HDF confirmed
- power = 35 × 1200 × (2π/60) ≈ 4398 W → inside the 3500–9000 W band → no PWF
- strain_indicator = 50 × 35 = 1750 min·Nm, far under the L threshold (11,000) → no OSF

**Step 2 — severity:** HDF alone is Medium severity, same-shift response.

**Step 3 — halt check:** Only one condition (HDF) is met, and no individual metric breaches a halt threshold, so an immediate halt isn't required.

**Conclusion:** Diagnose as HDF. Investigate the coolant/airflow system and consider raising rotational speed rather than stopping production outright.",e581e4ba19
"What should I check first when the numbers show HDF only and the severity is medium, not a stop-now issue?","When the numbers show HDF only and the severity is medium, you should first confirm the trigger by checking if the conditions for HDF are met (temperature difference and rotational speed). Since an HDF indicates potential issues with the coolant/airflow system, the recommended action is to investigate these systems and consider raising the rotational speed rather than stopping production outright, as it is not an immediate halt issue.","**Step 1 — check each condition:**
- Tool wear: 50 min → far below the TWF band → no TWF
- temp_diff = 300 − 295 = 5 K (< 8.6 K) **and** speed 1200 rpm (< 1380 rpm) → both HDF conditions hold → HDF confirmed
- power = 35 × 1200 × (2π/60) ≈ 4398 W → inside the 3500–9000 W band → no PWF
- strain_indicator = 50 × 35 = 1750 min·Nm, far under the L threshold (11,000) → no OSF

**Step 2 — severity:** HDF alone is Medium severity, same-shift response.

**Step 3 — halt check:** Only one condition (HDF) is met, and no individual metric breaches a halt threshold, so an immediate halt isn't required.

**Conclusion:** Diagnose as HDF. Investigate the coolant/airflow system and consider raising rotational speed rather than stopping production outright.",e581e4ba19
"If tool wear is only 50 min and the calculated power sits around 4398 W, does that rule out TWF, PWF, and OSF?","Yes, with tool wear at only 50 min and the calculated power at approximately 4398 W, both TWF (Tool Wear Failure) and PWF (Power Failure) can be ruled out, as they are based on the tool wear duration and power ranges, respectively. Additionally, OSF (Overstrain Failure) can also be ruled out, given that the strain indicator of 1750 min·Nm is far below the threshold. 

**Recommended Action:** Monitor for High Differential Failure (HDF) and investigate the coolant/airflow system without halting production.","**Step 1 — check each condition:**
- Tool wear: 50 min → far below the TWF band → no TWF
- temp_diff = 300 − 295 = 5 K (< 8.6 K) **and** speed 1200 rpm (< 1380 rpm) → both HDF conditions hold → HDF confirmed
- power = 35 × 1200 × (2π/60) ≈ 4398 W → inside the 3500–9000 W band → no PWF
- strain_indicator = 50 × 35 = 1750 min·Nm, far under the L threshold (11,000) → no OSF

**Step 2 — severity:** HDF alone is Medium severity, same-shift response.

**Step 3 — halt check:** Only one condition (HDF) is met, and no individual metric breaches a halt threshold, so an immediate halt isn't required.

**Conclusion:** Diagnose as HDF. Investigate the coolant/airflow system and consider raising rotational speed rather than stopping production outright.",e581e4ba19
"For this diagnostic case, is it better to inspect the cooling or airflow path, and can I keep the line running while I do it?","For a Heat Dissipation Failure, it's essential to inspect both the cooling components and the airflow path, as both can contribute to blocked vents or restricted airflow. However, it’s not explicitly stated if you can keep the line running during this inspection. Therefore, the best course of action is to reduce the machine load and allow controlled cooling according to the operating procedure while performing the inspection.","**Step 1 — check each condition:**
- Tool wear: 50 min → far below the TWF band → no TWF
- temp_diff = 300 − 295 = 5 K (< 8.6 K) **and** speed 1200 rpm (< 1380 rpm) → both HDF conditions hold → HDF confirmed
- power = 35 × 1200 × (2π/60) ≈ 4398 W → inside the 3500–9000 W band → no PWF
- strain_indicator = 50 × 35 = 1750 min·Nm, far under the L threshold (11,000) → no OSF

**Step 2 — severity:** HDF alone is Medium severity, same-shift response.

**Step 3 — halt check:** Only one condition (HDF) is met, and no individual metric breaches a halt threshold, so an immediate halt isn't required.

**Conclusion:** Diagnose as HDF. Investigate the coolant/airflow system and consider raising rotational speed rather than stopping production outright.",e581e4ba19
"How do I check if this Type H reading is an overpowered PWF: air temp 300 K, process temp 311 K, speed 1800 rpm, torque 55 Nm, and tool wear 30 min?","The Type H reading indicates that the unit is experiencing an overpower condition (PWF). The calculated power is approximately 10,367 W, which exceeds the 9000 W halt threshold. Therefore, immediate action is required to halt the operation to prevent potential damage.

**Conclusion:** Halt the line immediately due to overpower PWF.","**Step 1 — check each condition:**
- Tool wear: 30 min → far below the TWF band → no TWF
- temp_diff = 311 − 300 = 11 K (not < 8.6 K) → no HDF
- power = 55 × 1800 × (2π/60) ≈ 10,367 W → **above 9000 W** → PWF (overpowered)
- strain_indicator = 30 × 55 = 1650 min·Nm, far under the H threshold (13,000) → no OSF

**Step 2 — severity:** PWF-overpower is High severity, immediate response.

**Step 3 — halt check:** Computed power (10,367 W) exceeds the 9000 W halt threshold on its own → **halt required immediately.**

**Conclusion:** Overpower PWF, confirmed by the derived power calculation — stop the line now, not at the next scheduled window.",f28320728d
Why would a machine at 1800 rpm and 55 Nm trigger a PWF alarm when the temps look normal and tool wear is only 30 minutes?,"The machine is triggering a PWF alarm because the calculated power output (10,367 W) exceeds the 9000 W limit, indicating it is overpowered. This condition is severe and requires immediate action. The recommended action is to halt the machine immediately to prevent potential damage.","**Step 1 — check each condition:**
- Tool wear: 30 min → far below the TWF band → no TWF
- temp_diff = 311 − 300 = 11 K (not < 8.6 K) → no HDF
- power = 55 × 1800 × (2π/60) ≈ 10,367 W → **above 9000 W** → PWF (overpowered)
- strain_indicator = 30 × 55 = 1650 min·Nm, far under the H threshold (13,000) → no OSF

**Step 2 — severity:** PWF-overpower is High severity, immediate response.

**Step 3 — halt check:** Computed power (10,367 W) exceeds the 9000 W halt threshold on its own → **halt required immediately.**

**Conclusion:** Overpower PWF, confirmed by the derived power calculation — stop the line now, not at the next scheduled window.",f28320728d
What calculation shows whether this setup is above the 9000 W limit and needs an immediate stop?,"The calculated power is approximately 10,367 W, which exceeds the 9000 W limit. This indicates an Overpower PWF, classified as High severity. Immediate action is required: halt the production line now to prevent further issues.","**Step 1 — check each condition:**
- Tool wear: 30 min → far below the TWF band → no TWF
- temp_diff = 311 − 300 = 11 K (not < 8.6 K) → no HDF
- power = 55 × 1800 × (2π/60) ≈ 10,367 W → **above 9000 W** → PWF (overpowered)
- strain_indicator = 30 × 55 = 1650 min·Nm, far under the H threshold (13,000) → no OSF

**Step 2 — severity:** PWF-overpower is High severity, immediate response.

**Step 3 — halt check:** Computed power (10,367 W) exceeds the 9000 W halt threshold on its own → **halt required immediately.**

**Conclusion:** Overpower PWF, confirmed by the derived power calculation — stop the line now, not at the next scheduled window.",f28320728d
"Can you explain why this case is not TWF, HDF, or OSF, but still ends up as a high-severity PWF?","This case is classified as a high-severity PWF despite not being TWF, HDF, or OSF because it falls within the computed power thresholds for PWF, indicating an issue related to power consumption. The situation necessitates immediate attention due to its high severity rating according to the classification table. The recommended action is to route the incident to the line supervisor immediately for urgent investigation and response.","**Step 1 — check each condition:**
- Tool wear: 30 min → far below the TWF band → no TWF
- temp_diff = 311 − 300 = 11 K (not < 8.6 K) → no HDF
- power = 55 × 1800 × (2π/60) ≈ 10,367 W → **above 9000 W** → PWF (overpowered)
- strain_indicator = 30 × 55 = 1650 min·Nm, far under the H threshold (13,000) → no OSF

**Step 2 — severity:** PWF-overpower is High severity, immediate response.

**Step 3 — halt check:** Computed power (10,367 W) exceeds the 9000 W halt threshold on its own → **halt required immediately.**

**Conclusion:** Overpower PWF, confirmed by the derived power calculation — stop the line now, not at the next scheduled window.",f28320728d
"For a reading with 300 K air temp, 311 K process temp, 1800 rpm, 55 Nm torque, and 30 min wear, should I halt the machine right away or wait for the next window?","The reading shows a power factor (PWF) condition because the computed power (10,367 W) exceeds the 9000 W threshold, indicating an overpower scenario. Since this is a high severity issue and requires immediate attention, you should halt the machine right away.","**Step 1 — check each condition:**
- Tool wear: 30 min → far below the TWF band → no TWF
- temp_diff = 311 − 300 = 11 K (not < 8.6 K) → no HDF
- power = 55 × 1800 × (2π/60) ≈ 10,367 W → **above 9000 W** → PWF (overpowered)
- strain_indicator = 30 × 55 = 1650 min·Nm, far under the H threshold (13,000) → no OSF

**Step 2 — severity:** PWF-overpower is High severity, immediate response.

**Step 3 — halt check:** Computed power (10,367 W) exceeds the 9000 W halt threshold on its own → **halt required immediately.**

**Conclusion:** Overpower PWF, confirmed by the derived power calculation — stop the line now, not at the next scheduled window.",f28320728d
"For this reading with Type L, 296 K air temp, 307 K process temp, 1400 rpm, 60 Nm, and 195 min wear, is OSF actually the fault here?","Yes, OSF is confirmed as a fault here. The strain indicator of 11,700 min·Nm exceeds the L threshold of 11,000, indicating high severity. Immediate inspection is necessary, though a full production halt isn't mandated unless the margin worsens or another fault co-occurs. Recommended action: escalate to the line supervisor for urgent inspection.","**Step 1 — check each condition:**
- Tool wear: 195 min → just below the 200–240 TWF band → no TWF (close, but not in-band)
- temp_diff = 307 − 296 = 11 K (not < 8.6 K) and speed 1400 rpm (not < 1380 rpm) → no HDF
- power = 60 × 1400 × (2π/60) ≈ 8796 W → inside the 3500–9000 W band → no PWF
- strain_indicator = 195 × 60 = 11,700 min·Nm → **above the L threshold (11,000)** → OSF confirmed

**Step 2 — severity:** OSF is High severity, immediate response, regardless of margin.

**Step 3 — halt check:** 11,700 exceeds 11,000 by about 6.4% — under the 10% overage that would force an automatic halt, and no other condition co-occurs, so this doesn't meet the halt criteria on its own even though it's high-severity.

**Conclusion:** OSF — escalate to the line supervisor for immediate inspection, but a full production halt isn't automatically mandated unless the margin worsens past 10% over threshold or another condition appears.",dda4fe63ab
Why does the strain indicator from 195 min and 60 Nm point to OSF even though the other values look normal?,"The strain indicator of 11,700 min·Nm exceeds the Low (L) threshold of 11,000 min·Nm, confirming Overstrain Failure (OSF) despite other normal values. This indicates excessive accumulated mechanical strain from the combination of tool wear (195 min) and torque (60 Nm). 

Recommended action: Escalate to the line supervisor for immediate inspection, while monitoring for further conditions that could necessitate a production halt.","**Step 1 — check each condition:**
- Tool wear: 195 min → just below the 200–240 TWF band → no TWF (close, but not in-band)
- temp_diff = 307 − 296 = 11 K (not < 8.6 K) and speed 1400 rpm (not < 1380 rpm) → no HDF
- power = 60 × 1400 × (2π/60) ≈ 8796 W → inside the 3500–9000 W band → no PWF
- strain_indicator = 195 × 60 = 11,700 min·Nm → **above the L threshold (11,000)** → OSF confirmed

**Step 2 — severity:** OSF is High severity, immediate response, regardless of margin.

**Step 3 — halt check:** 11,700 exceeds 11,000 by about 6.4% — under the 10% overage that would force an automatic halt, and no other condition co-occurs, so this doesn't meet the halt criteria on its own even though it's high-severity.

**Conclusion:** OSF — escalate to the line supervisor for immediate inspection, but a full production halt isn't automatically mandated unless the margin worsens past 10% over threshold or another condition appears.",dda4fe63ab
"What checks would rule out TWF, HDF, and PWF before calling this OSF on the machine?","To rule out Tool Wear Failure (TWF), Heat Dissipation Failure (HDF), and Power Failure (PWF) before calling the Operating State Failure (OSF), the following checks would be made:

1. **TWF**: Confirm that the tool wear time is below the TWF band (e.g., tool wear should be above the threshold).
2. **HDF**: Evaluate the temperature difference and rotational speed. The temperature difference must be below the threshold (e.g., < 8.6 K) and the speed below the maximum specified (e.g., < 1380 rpm).
3. **PWF**: Ensure the power output is within the acceptable range (e.g., between 3500 and 9000 W).

If these checks indicate that TWF, HDF, and PWF conditions are not met, you would then proceed to conclude the situation as an OSF if the strain indicator exceeds the threshold.","**Step 1 — check each condition:**
- Tool wear: 195 min → just below the 200–240 TWF band → no TWF (close, but not in-band)
- temp_diff = 307 − 296 = 11 K (not < 8.6 K) and speed 1400 rpm (not < 1380 rpm) → no HDF
- power = 60 × 1400 × (2π/60) ≈ 8796 W → inside the 3500–9000 W band → no PWF
- strain_indicator = 195 × 60 = 11,700 min·Nm → **above the L threshold (11,000)** → OSF confirmed

**Step 2 — severity:** OSF is High severity, immediate response, regardless of margin.

**Step 3 — halt check:** 11,700 exceeds 11,000 by about 6.4% — under the 10% overage that would force an automatic halt, and no other condition co-occurs, so this doesn't meet the halt criteria on its own even though it's high-severity.

**Conclusion:** OSF — escalate to the line supervisor for immediate inspection, but a full production halt isn't automatically mandated unless the margin worsens past 10% over threshold or another condition appears.",dda4fe63ab
"Is 11,700 min·Nm enough to trigger an immediate stop, or just an operator escalation and inspection?","11,700 min·Nm is above the Low quality variant threshold of 11,000 min·Nm, confirming Overstrain Failure (OSF) with High severity. However, since it does not exceed the 10% overage that would necessitate an automatic halt, an immediate stop isn't mandated. Instead, it requires escalation to the line supervisor for inspection.","**Step 1 — check each condition:**
- Tool wear: 195 min → just below the 200–240 TWF band → no TWF (close, but not in-band)
- temp_diff = 307 − 296 = 11 K (not < 8.6 K) and speed 1400 rpm (not < 1380 rpm) → no HDF
- power = 60 × 1400 × (2π/60) ≈ 8796 W → inside the 3500–9000 W band → no PWF
- strain_indicator = 195 × 60 = 11,700 min·Nm → **above the L threshold (11,000)** → OSF confirmed

**Step 2 — severity:** OSF is High severity, immediate response, regardless of margin.

**Step 3 — halt check:** 11,700 exceeds 11,000 by about 6.4% — under the 10% overage that would force an automatic halt, and no other condition co-occurs, so this doesn't meet the halt criteria on its own even though it's high-severity.

**Conclusion:** OSF — escalate to the line supervisor for immediate inspection, but a full production halt isn't automatically mandated unless the margin worsens past 10% over threshold or another condition appears.",dda4fe63ab
"If the OSF threshold is 11,000, how close is this case to the automatic halt limit, and what would push it over?","The strain indicator is at 11,700 min·Nm, which exceeds the OSF threshold of 11,000 min·Nm by about 6.4%. This is close to the automatic halt limit, which triggers at a 10% overage (11,100 min·Nm). To push it over, the strain indicator would need to exceed 11,100 min·Nm or another failure condition would need to occur. 

**Recommended Action:** Escalate to the line supervisor for immediate inspection, but a full production halt isn't automatically mandated at this time.","**Step 1 — check each condition:**
- Tool wear: 195 min → just below the 200–240 TWF band → no TWF (close, but not in-band)
- temp_diff = 307 − 296 = 11 K (not < 8.6 K) and speed 1400 rpm (not < 1380 rpm) → no HDF
- power = 60 × 1400 × (2π/60) ≈ 8796 W → inside the 3500–9000 W band → no PWF
- strain_indicator = 195 × 60 = 11,700 min·Nm → **above the L threshold (11,000)** → OSF confirmed

**Step 2 — severity:** OSF is High severity, immediate response, regardless of margin.

**Step 3 — halt check:** 11,700 exceeds 11,000 by about 6.4% — under the 10% overage that would force an automatic halt, and no other condition co-occurs, so this doesn't meet the halt criteria on its own even though it's high-severity.

**Conclusion:** OSF — escalate to the line supervisor for immediate inspection, but a full production halt isn't automatically mandated unless the margin worsens past 10% over threshold or another condition appears.",dda4fe63ab
"How do I diagnose a Type H machine with air temp at 295 K, process temp at 300 K, speed 1200 rpm, torque 70 Nm, and tool wear 195 min?","**Conclusion:** Multi-mode failure (HDF + OSF) — halt the line immediately per the simultaneous-conditions rule, even though neither condition alone would have forced a halt. 

**Reasoning:** HDF is confirmed due to temperature difference and speed being within specified limits, and OSF is confirmed because the strain indicator exceeds the threshold. The combination of these conditions necessitates an immediate action to prevent further issues.","**Step 1 — check each condition:**
- Tool wear: 195 min → below the TWF band → no TWF
- temp_diff = 300 − 295 = 5 K (< 8.6 K) **and** speed 1200 rpm (< 1380 rpm) → HDF confirmed
- power = 70 × 1200 × (2π/60) ≈ 8796 W → inside the 3500–9000 W band → no PWF
- strain_indicator = 195 × 70 = 13,650 min·Nm → **above the H threshold (13,000)** → OSF confirmed

**Step 2 — severity:** Both HDF (Medium) and OSF (High) are firing at once — take the higher of the two, High/Immediate.

**Step 3 — halt check:** Neither condition individually crosses its 'exceeds by >10%' or power threshold, but **two or more failure conditions are met simultaneously (HDF and OSF)** — that alone satisfies the halt criteria.

**Conclusion:** Multi-mode failure (HDF + OSF) — halt the line immediately per the simultaneous-conditions rule, even though neither condition alone would have forced a halt.",9cfa8e5555
"With temp difference only 5 K and speed 1200 rpm, does that confirm a heat-delay fault on this reading?",The readings confirm a Heat Dissipation Failure (HDF) due to a temperature difference of 5 K (< 8.6 K) and a rotational speed of 1200 rpm (< 1380 rpm). This indicates that heat is not being effectively dissipated despite being below the threshold for an immediate halt. It is recommended to investigate the coolant or airflow system and consider raising the rotational speed rather than stopping production outright.,"**Step 1 — check each condition:**
- Tool wear: 195 min → below the TWF band → no TWF
- temp_diff = 300 − 295 = 5 K (< 8.6 K) **and** speed 1200 rpm (< 1380 rpm) → HDF confirmed
- power = 70 × 1200 × (2π/60) ≈ 8796 W → inside the 3500–9000 W band → no PWF
- strain_indicator = 195 × 70 = 13,650 min·Nm → **above the H threshold (13,000)** → OSF confirmed

**Step 2 — severity:** Both HDF (Medium) and OSF (High) are firing at once — take the higher of the two, High/Immediate.

**Step 3 — halt check:** Neither condition individually crosses its 'exceeds by >10%' or power threshold, but **two or more failure conditions are met simultaneously (HDF and OSF)** — that alone satisfies the halt criteria.

**Conclusion:** Multi-mode failure (HDF + OSF) — halt the line immediately per the simultaneous-conditions rule, even though neither condition alone would have forced a halt.",9cfa8e5555
"At 70 Nm and 1200 rpm, what power comes out to, and is it still in the normal range for this case?","At 70 Nm and 1200 rpm, the calculated power output is approximately 8796 W, which is within the normal range of 3500–9000 W. Therefore, no power failure (PWF) is indicated in this case.

**Recommendation:** Continue operations while monitoring for other conditions, as both HDF and OSF are confirmed, necessitating immediate halting of the line due to multi-mode failure.","**Step 1 — check each condition:**
- Tool wear: 195 min → below the TWF band → no TWF
- temp_diff = 300 − 295 = 5 K (< 8.6 K) **and** speed 1200 rpm (< 1380 rpm) → HDF confirmed
- power = 70 × 1200 × (2π/60) ≈ 8796 W → inside the 3500–9000 W band → no PWF
- strain_indicator = 195 × 70 = 13,650 min·Nm → **above the H threshold (13,000)** → OSF confirmed

**Step 2 — severity:** Both HDF (Medium) and OSF (High) are firing at once — take the higher of the two, High/Immediate.

**Step 3 — halt check:** Neither condition individually crosses its 'exceeds by >10%' or power threshold, but **two or more failure conditions are met simultaneously (HDF and OSF)** — that alone satisfies the halt criteria.

**Conclusion:** Multi-mode failure (HDF + OSF) — halt the line immediately per the simultaneous-conditions rule, even though neither condition alone would have forced a halt.",9cfa8e5555
Does 195 min of tool wear and 70 Nm torque trigger the overload strain condition here?,"Yes, 195 min of tool wear and 70 Nm torque trigger the overload strain condition. The strain indicator (13,650 min·Nm) exceeds the high threshold (13,000 min·Nm), confirming Overstrain Failure (OSF). 

Recommended action: Halt the line immediately due to the simultaneous occurrence of High Data Failure (HDF) and Overstrain Failure (OSF).","**Step 1 — check each condition:**
- Tool wear: 195 min → below the TWF band → no TWF
- temp_diff = 300 − 295 = 5 K (< 8.6 K) **and** speed 1200 rpm (< 1380 rpm) → HDF confirmed
- power = 70 × 1200 × (2π/60) ≈ 8796 W → inside the 3500–9000 W band → no PWF
- strain_indicator = 195 × 70 = 13,650 min·Nm → **above the H threshold (13,000)** → OSF confirmed

**Step 2 — severity:** Both HDF (Medium) and OSF (High) are firing at once — take the higher of the two, High/Immediate.

**Step 3 — halt check:** Neither condition individually crosses its 'exceeds by >10%' or power threshold, but **two or more failure conditions are met simultaneously (HDF and OSF)** — that alone satisfies the halt criteria.

**Conclusion:** Multi-mode failure (HDF + OSF) — halt the line immediately per the simultaneous-conditions rule, even though neither condition alone would have forced a halt.",9cfa8e5555
"If heat-delay and overload-strain both show up together, do I need to stop the line right away even if neither one is over its own halt limit?","If heat-delay and overload-strain are both present but neither has exceeded its halt limit, you do not need to stop the line immediately. However, you should monitor the conditions closely and prepare for inspection at the next scheduled maintenance window, as two failure conditions are active.","**Step 1 — check each condition:**
- Tool wear: 195 min → below the TWF band → no TWF
- temp_diff = 300 − 295 = 5 K (< 8.6 K) **and** speed 1200 rpm (< 1380 rpm) → HDF confirmed
- power = 70 × 1200 × (2π/60) ≈ 8796 W → inside the 3500–9000 W band → no PWF
- strain_indicator = 195 × 70 = 13,650 min·Nm → **above the H threshold (13,000)** → OSF confirmed

**Step 2 — severity:** Both HDF (Medium) and OSF (High) are firing at once — take the higher of the two, High/Immediate.

**Step 3 — halt check:** Neither condition individually crosses its 'exceeds by >10%' or power threshold, but **two or more failure conditions are met simultaneously (HDF and OSF)** — that alone satisfies the halt criteria.

**Conclusion:** Multi-mode failure (HDF + OSF) — halt the line immediately per the simultaneous-conditions rule, even though neither condition alone would have forced a halt.",9cfa8e5555
"If my Type M machine is at 225 minutes of tool wear and everything else looks normal, should I count that as a TWF failure or just a warning?","Your Type M machine at 225 minutes of tool wear is in the 200–240 minute probabilistic risk zone, which indicates an elevated chance of failure but does not confirm a failure. Everything else looks normal, so this should not be logged as a TWF incident. 

**Recommended action:** Flag the unit for priority inspection and schedule tool replacement before reaching 240 minutes.","**Step 1 — check each condition:**
- Tool wear: 225 min → inside the 200–240 min TWF band
- temp_diff = 10 K (not < 8.6 K) and speed 1600 rpm (not < 1380 rpm) → no HDF
- power = 30 × 1600 × (2π/60) ≈ 5027 W → inside the 3500–9000 W band → no PWF
- strain_indicator = 225 × 30 = 6750 min·Nm, well under the M threshold (12,000) → no OSF

**Step 2 — interpretation:** Tool wear sitting in the 200–240 minute band is a probabilistic risk marker, not a deterministic one — the TWF documentation explicitly notes that units in this band commonly run without failing. Since the unit is still operating normally and no other condition is met, this should **not** be logged as a confirmed failure.

**Conclusion:** Flag for the priority inspection queue and schedule tool replacement proactively, but do not report this as a TWF incident — only as an elevated-risk unit to watch.",59e3729860
"For a running Type M unit with 298 K air temp, 308 K process temp, 1600 rpm, 30 Nm torque, and 225 min wear, is it actually failed yet?","The Type M unit is not yet failed. With a tool wear of 225 min, it is within the 200–240 min TWF band, which is probabilistic and does not indicate a failure. There are no other failure conditions met, such as HDF, PWF, or OSF. 

**Recommended Action:** Flag the unit for priority inspection and schedule proactive tool replacement, but do not report it as a confirmed failure.","**Step 1 — check each condition:**
- Tool wear: 225 min → inside the 200–240 min TWF band
- temp_diff = 10 K (not < 8.6 K) and speed 1600 rpm (not < 1380 rpm) → no HDF
- power = 30 × 1600 × (2π/60) ≈ 5027 W → inside the 3500–9000 W band → no PWF
- strain_indicator = 225 × 30 = 6750 min·Nm, well under the M threshold (12,000) → no OSF

**Step 2 — interpretation:** Tool wear sitting in the 200–240 minute band is a probabilistic risk marker, not a deterministic one — the TWF documentation explicitly notes that units in this band commonly run without failing. Since the unit is still operating normally and no other condition is met, this should **not** be logged as a confirmed failure.

**Conclusion:** Flag for the priority inspection queue and schedule tool replacement proactively, but do not report this as a TWF incident — only as an elevated-risk unit to watch.",59e3729860
"How do I judge this case: tool wear is in the 200–240 minute zone, but the machine is still operating fine—do I log a fault or just schedule it for inspection?","In this case, the tool wear is at 230 minutes, which falls within the 200–240 minute probabilistic risk zone. Although the machine is still operating fine, this indicates a higher risk of potential failure. Therefore, you should not log a fault but rather prioritize this case for inspection and schedule a tool replacement before it reaches 240 minutes.","**Step 1 — check each condition:**
- Tool wear: 225 min → inside the 200–240 min TWF band
- temp_diff = 10 K (not < 8.6 K) and speed 1600 rpm (not < 1380 rpm) → no HDF
- power = 30 × 1600 × (2π/60) ≈ 5027 W → inside the 3500–9000 W band → no PWF
- strain_indicator = 225 × 30 = 6750 min·Nm, well under the M threshold (12,000) → no OSF

**Step 2 — interpretation:** Tool wear sitting in the 200–240 minute band is a probabilistic risk marker, not a deterministic one — the TWF documentation explicitly notes that units in this band commonly run without failing. Since the unit is still operating normally and no other condition is met, this should **not** be logged as a confirmed failure.

**Conclusion:** Flag for the priority inspection queue and schedule tool replacement proactively, but do not report this as a TWF incident — only as an elevated-risk unit to watch.",59e3729860
"On a Type M machine, does 225 minutes of wear automatically mean TWF, or can it still be considered healthy if the rest of the readings are normal?","On a Type M machine, 225 minutes of wear does not automatically mean TWF (Tool Wear Failure). While 225 minutes falls within the 200–240 minute band, which indicates an elevated risk, it is not a definitive failure. The machine can still be healthy if all other readings are normal. 

**Recommended action:** Flag the unit for priority inspection and proactively schedule tool replacement, but do not report this as a TWF incident, as it is not confirmed by other failure indicators.","**Step 1 — check each condition:**
- Tool wear: 225 min → inside the 200–240 min TWF band
- temp_diff = 10 K (not < 8.6 K) and speed 1600 rpm (not < 1380 rpm) → no HDF
- power = 30 × 1600 × (2π/60) ≈ 5027 W → inside the 3500–9000 W band → no PWF
- strain_indicator = 225 × 30 = 6750 min·Nm, well under the M threshold (12,000) → no OSF

**Step 2 — interpretation:** Tool wear sitting in the 200–240 minute band is a probabilistic risk marker, not a deterministic one — the TWF documentation explicitly notes that units in this band commonly run without failing. Since the unit is still operating normally and no other condition is met, this should **not** be logged as a confirmed failure.

**Conclusion:** Flag for the priority inspection queue and schedule tool replacement proactively, but do not report this as a TWF incident — only as an elevated-risk unit to watch.",59e3729860
"With 1600 rpm and 30 Nm giving about 5.0 kW, plus 225 minutes of wear, should I mark this unit as failed or just put it on the watch list?","The unit shows tool wear at 225 minutes, which falls within the 200–240 minute TWF band—a probabilistic risk marker, not a definitive failure indicator. All other conditions (temperature difference, power output, and strain indicator) are within acceptable limits, indicating the unit is still operating normally. 

**Recommended action:** Put the unit on the watch list and flag it for priority inspection and proactive tool replacement, but do not mark it as failed.","**Step 1 — check each condition:**
- Tool wear: 225 min → inside the 200–240 min TWF band
- temp_diff = 10 K (not < 8.6 K) and speed 1600 rpm (not < 1380 rpm) → no HDF
- power = 30 × 1600 × (2π/60) ≈ 5027 W → inside the 3500–9000 W band → no PWF
- strain_indicator = 225 × 30 = 6750 min·Nm, well under the M threshold (12,000) → no OSF

**Step 2 — interpretation:** Tool wear sitting in the 200–240 minute band is a probabilistic risk marker, not a deterministic one — the TWF documentation explicitly notes that units in this band commonly run without failing. Since the unit is still operating normally and no other condition is met, this should **not** be logged as a confirmed failure.

**Conclusion:** Flag for the priority inspection queue and schedule tool replacement proactively, but do not report this as a TWF incident — only as an elevated-risk unit to watch.",59e3729860
What are the usual signs that a heat dissipation problem is happening on the machine?,"**What's Happening:** The machine is experiencing heat dissipation failure, indicated by abnormally high temperatures, weak cooling performance, and potential shutdowns.

**Why:** This occurs due to low rotational speeds combined with a small temperature difference between the process and ambient air, leading to insufficient heat dissipation.

**Recommended Action:** Verify temperature readings, inspect and clean cooling components, check coolant conditions, reduce machine load, and repair or replace defective parts as necessary.","- Abnormally high machine or process temperature.
- Cooling performance is weaker than expected.
- Temperature rises during sustained or heavy operation.
- The machine may derate, trigger a temperature alarm, or shut down.",ae1dcf3957
How can I tell if the cooling system is not keeping the machine temperature under control?,"The cooling system may not be keeping the machine temperature under control if you observe abnormally high temperatures, insufficient cooling performance, or if the temperature continues to rise during heavy operation. To address this, verify temperature readings, inspect and clean cooling components, check coolant levels and flow, and reduce the machine load for controlled cooling.","- Abnormally high machine or process temperature.
- Cooling performance is weaker than expected.
- Temperature rises during sustained or heavy operation.
- The machine may derate, trigger a temperature alarm, or shut down.",ae1dcf3957
Why does the machine temperature keep climbing during long or heavy runs?,"The machine temperature keeps climbing during long or heavy runs due to Heat Dissipation Failure, which occurs when cooling performance is insufficient to handle sustained operation. The rising temperature indicates that the cooling system may not be capable of maintaining optimal performance under these conditions. 

Recommended action: Monitor and assess the cooling system's effectiveness, and consider scheduling maintenance or adjustments to improve heat dissipation.","- Abnormally high machine or process temperature.
- Cooling performance is weaker than expected.
- Temperature rises during sustained or heavy operation.
- The machine may derate, trigger a temperature alarm, or shut down.",ae1dcf3957
"Can a heat dissipation failure make the machine derate, alarm, or shut itself down?","Yes, a heat dissipation failure can cause the machine to derate, trigger a temperature alarm, or shut itself down due to abnormally high temperatures or inadequate cooling performance. This occurs because low rotational speeds reduce airflow, leading to insufficient heat dissipation. It is recommended to investigate and maintain the cooling system and monitor temperature trends to prevent escalation.","- Abnormally high machine or process temperature.
- Cooling performance is weaker than expected.
- Temperature rises during sustained or heavy operation.
- The machine may derate, trigger a temperature alarm, or shut down.",ae1dcf3957
What symptoms should I look for if I suspect poor heat removal in the process?,"If you suspect poor heat removal, look for symptoms indicating Heat Dissipation Failure, which occurs when:

1. The gap between process temperature and air temperature is small (specifically, `Process temperature - Air temperature < 8.6 K`).
2. The rotational speed is low (specifically, `Rotational speed < 1380 rpm`).

These combined conditions result in ineffective heat dissipation during low-speed operation. To address this, monitor both the temperature gap and the rotational speed closely. If both conditions are met, consider adjusting the operational parameters to increase airflow or rotational speed to improve heat removal.","- Abnormally high machine or process temperature.
- Cooling performance is weaker than expected.
- Temperature rises during sustained or heavy operation.
- The machine may derate, trigger a temperature alarm, or shut down.",ae1dcf3957
What usually causes Heat Dissipation Failure in a machine or process line?,"Heat Dissipation Failure is occurring because, at low rotational speeds, airflow and mechanical agitation drop, reducing convective heat transfer. This is compounded by a small temperature gap between the process and air (less than 8.6 K), leading to insufficient thermal driving force for heat dissipation. 

**Recommended Action:** Increase rotational speed above 1380 rpm to enhance airflow and heat dissipation, and ensure the temperature gap is maintained to prevent heat accumulation.","- Blocked vents, dirty filters, or restricted airflow.
- Failed or degraded cooling fan, pump, heat exchanger, or coolant circuit.
- Low, contaminated, or leaking coolant or lubricant.
- Excessive process load, friction, or prolonged low-airflow operation.
- Faulty or poorly calibrated temperature sensor.",b2a1fbed0a
"Can blocked vents, dirty filters, or poor airflow lead to Heat Dissipation Failure?","Blocked vents, dirty filters, or poor airflow can indeed lead to Heat Dissipation Failure. This occurs because these factors restrict airflow, reducing the effectiveness of heat transfer. 

Recommended action: Inspect and clean filters, vents, and cooling components to ensure proper airflow and heat dissipation.","- Blocked vents, dirty filters, or restricted airflow.
- Failed or degraded cooling fan, pump, heat exchanger, or coolant circuit.
- Low, contaminated, or leaking coolant or lubricant.
- Excessive process load, friction, or prolonged low-airflow operation.
- Faulty or poorly calibrated temperature sensor.",b2a1fbed0a
"Could a bad cooling fan, pump, heat exchanger, or coolant circuit be the root cause of Heat Dissipation Failure?","Yes, a bad cooling fan, pump, heat exchanger, or coolant circuit could be the root cause of Heat Dissipation Failure. 

**What's Happening:** Insufficient cooling leads to an increase in temperature beyond normal operating levels, causing heat to accumulate locally.

**Why:** Failed or degraded cooling components can restrict airflow or coolant flow, impeding effective heat dissipation.

**Recommended Action:** Inspect and repair or replace any defective cooling components, check coolant levels and flow, and clean filters and vents to ensure proper airflow.","- Blocked vents, dirty filters, or restricted airflow.
- Failed or degraded cooling fan, pump, heat exchanger, or coolant circuit.
- Low, contaminated, or leaking coolant or lubricant.
- Excessive process load, friction, or prolonged low-airflow operation.
- Faulty or poorly calibrated temperature sensor.",b2a1fbed0a
How often does low or contaminated coolant or lubricant end up causing Heat Dissipation Failure?,"Low or contaminated coolant or lubricant can lead to Heat Dissipation Failure by reducing the effectiveness of the cooling system, causing insufficient thermal driving force to dissipate heat. 

**Recommended Action:** Check the coolant level, flow, pressure, leakage, and condition; repair or replace any defective cooling components.","- Blocked vents, dirty filters, or restricted airflow.
- Failed or degraded cooling fan, pump, heat exchanger, or coolant circuit.
- Low, contaminated, or leaking coolant or lubricant.
- Excessive process load, friction, or prolonged low-airflow operation.
- Faulty or poorly calibrated temperature sensor.",b2a1fbed0a
Can a faulty temperature sensor or too much process load trigger Heat Dissipation Failure?,"A faulty temperature sensor or excessive process load can contribute to Heat Dissipation Failure (HDF). Specifically, a faulty sensor may lead to incorrect temperature readings, causing the system to mismanage cooling efforts. Excessive load increases the amount of heat generated, which, combined with low airflow, can prevent effective heat shedding.

**Recommended Action:** Check the temperature sensor calibration and monitor process loads to ensure they remain within acceptable limits. Additionally, evaluate cooling system components for performance issues.","- Blocked vents, dirty filters, or restricted airflow.
- Failed or degraded cooling fan, pump, heat exchanger, or coolant circuit.
- Low, contaminated, or leaking coolant or lubricant.
- Excessive process load, friction, or prolonged low-airflow operation.
- Faulty or poorly calibrated temperature sensor.",b2a1fbed0a
What temperature pattern usually shows up when a heat dissipation failure is starting?,"When a heat dissipation failure is starting, you will typically see a small gap between process temperature and air temperature, specifically `Process temperature − Air temperature < 8.6 K`, along with low rotational speed (`Rotational speed [rpm] < 1380`). This occurs because reduced airflow and mechanical agitation at low speeds limit the effective removal of heat, causing heat to accumulate. 

Recommended action: Monitor machine temperature and airflow, increase rotational speed if possible, and ensure adequate cooling performance to help shed heat effectively.","- Process or component temperature trends upward beyond its normal operating baseline.
- The temperature difference between the machine/process and its cooling medium becomes abnormal.
- Temperature remains elevated after load is reduced.
- Cooling-system status, fan speed, flow, or pressure may be low or unstable.",a4415efbd0
How can I tell if the temperature gap between the machine and its cooling medium is getting abnormal?,"To determine if the temperature gap between the machine and its cooling medium is getting abnormal, you should compute the temperature difference using the formula: `temp_diff = Process temperature − Air temperature`. Monitor this gap and watch for it to drop below 8.6 K, especially when the rotational speed is below 1380 rpm. If this condition occurs, it indicates insufficient thermal gradient for effective heat dissipation, increasing the risk of Heat Dissipation Failure.

**Recommended Action:** Regularly track both the temperature gap and rotational speed together. If the gap falls below 8.6 K, investigate cooling system performance and condition.","- Process or component temperature trends upward beyond its normal operating baseline.
- The temperature difference between the machine/process and its cooling medium becomes abnormal.
- Temperature remains elevated after load is reduced.
- Cooling-system status, fan speed, flow, or pressure may be low or unstable.",a4415efbd0
Why would the temperature stay high even after I reduce the load?,"The temperature remains high even after reducing the load likely due to Heat Dissipation Failure, where the cooling system is unable to effectively remove heat. This can happen if the cooling components are defective or if there is insufficient coolant flow or pressure.

**Recommended Action:**
- Verify the temperature reading with a trusted instrument.
- Inspect and clean all cooling components such as filters, vents, and heat exchangers.
- Check coolant level and condition.
- Allow controlled cooling according to the operating procedure.","- Process or component temperature trends upward beyond its normal operating baseline.
- The temperature difference between the machine/process and its cooling medium becomes abnormal.
- Temperature remains elevated after load is reduced.
- Cooling-system status, fan speed, flow, or pressure may be low or unstable.",a4415efbd0
"What cooling-system signs like fan speed, flow, or pressure should I watch for with this failure?","For Heat Dissipation Failure, watch for low or unstable fan speed, flow, or pressure in the cooling system. This failure is indicated by an upward trend in process temperature beyond normal baselines and a significant temperature difference between the machine and its cooling medium. Recommended action includes verifying temperature readings, inspecting and cleaning cooling components, and checking coolant levels, flow, and pressure.","- Process or component temperature trends upward beyond its normal operating baseline.
- The temperature difference between the machine/process and its cooling medium becomes abnormal.
- Temperature remains elevated after load is reduced.
- Cooling-system status, fan speed, flow, or pressure may be low or unstable.",a4415efbd0
What sensor readings point to a heat dissipation problem on the machine or process?,"Sensors indicating a heat dissipation problem include:

1. **Process temperature** trending upward beyond its normal operating baseline.
2. **Temperature difference** between the machine/process and its cooling medium becoming abnormal.
3. **Elevated temperature** even after load is reduced.
4. **Cooling-system status**, such as fan speed or flow, being low or unstable.

The issue arises when the process temperature remains very close to the air temperature (`Process temperature - Air temperature < 8.6 K`) while the rotational speed is low (`Rotational speed < 1380 rpm`). This leads to inadequate heat dissipation.

**Recommended action**: Increase airflow, check cooling system performance, or reduce load to allow for proper heat dissipation.","- Process or component temperature trends upward beyond its normal operating baseline.
- The temperature difference between the machine/process and its cooling medium becomes abnormal.
- Temperature remains elevated after load is reduced.
- Cooling-system status, fan speed, flow, or pressure may be low or unstable.",a4415efbd0
What should I do first when a heat dissipation failure shows up on the machine?,"When a heat dissipation failure shows up, the machine is experiencing abnormally high temperatures due to inadequate cooling at low rotational speeds, compounded by a small thermal gradient between the process and air temperatures. The recommended action is to create a maintenance ticket to investigate potential coolant or airflow system issues.","- Verify the temperature reading with a trusted instrument when safe to do so.
- Inspect and clean filters, vents, fans, cooling fins, and heat exchangers.
- Check coolant level, flow, pressure, leakage, and condition.
- Reduce machine load and allow controlled cooling according to the operating procedure.
- Repair or replace defective cooling components and recalibrate faulty sensors.",c98d530bd3
How do I check whether the temperature reading is actually correct during a cooling issue?,"To check whether the temperature reading is correct during a cooling issue, verify the temperature reading with a trusted instrument when it is safe to do so.","- Verify the temperature reading with a trusted instrument when safe to do so.
- Inspect and clean filters, vents, fans, cooling fins, and heat exchangers.
- Check coolant level, flow, pressure, leakage, and condition.
- Reduce machine load and allow controlled cooling according to the operating procedure.
- Repair or replace defective cooling components and recalibrate faulty sensors.",c98d530bd3
What parts should I inspect and clean when the machine is overheating because of poor heat dissipation?,"When the machine is overheating due to poor heat dissipation, inspect and clean the following parts: filters, vents, fans, cooling fins, and heat exchangers. Additionally, check the coolant level, flow, pressure, leakage, and condition to ensure proper cooling. This will help improve airflow and heat transfer to prevent overheating.","- Verify the temperature reading with a trusted instrument when safe to do so.
- Inspect and clean filters, vents, fans, cooling fins, and heat exchangers.
- Check coolant level, flow, pressure, leakage, and condition.
- Reduce machine load and allow controlled cooling according to the operating procedure.
- Repair or replace defective cooling components and recalibrate faulty sensors.",c98d530bd3
What coolant checks are needed if the cooling system seems weak or the machine is running too hot?,"The machine is experiencing Heat Dissipation Failure, indicated by weak cooling performance and elevated temperatures. This may be due to low coolant levels, contamination, leaks, blocked airflow, or faulty cooling components. 

Recommended actions:
- Check coolant level, flow, pressure, and condition.
- Inspect and clean filters, vents, and fans.
- Reduce machine load and allow controlled cooling.
- Repair or replace any defective cooling components.","- Verify the temperature reading with a trusted instrument when safe to do so.
- Inspect and clean filters, vents, fans, cooling fins, and heat exchangers.
- Check coolant level, flow, pressure, leakage, and condition.
- Reduce machine load and allow controlled cooling according to the operating procedure.
- Repair or replace defective cooling components and recalibrate faulty sensors.",c98d530bd3
"When a heat dissipation fault happens, should I cut the load or keep running until the machine cools down?","When a heat dissipation fault happens, it is recommended to reduce the machine load and allow controlled cooling according to the operating procedure. This is because the equipment is likely overheating due to insufficient thermal gradient and poor airflow at low speeds, leading to increased temperature accumulation.","- Verify the temperature reading with a trusted instrument when safe to do so.
- Inspect and clean filters, vents, fans, cooling fins, and heat exchangers.
- Check coolant level, flow, pressure, leakage, and condition.
- Reduce machine load and allow controlled cooling according to the operating procedure.
- Repair or replace defective cooling components and recalibrate faulty sensors.",c98d530bd3
"What should I do right away if a machine starts overheating or I notice smoke, odor, or leakage?","If a machine starts overheating or you notice smoke, odor, or leakage, it indicates a Heat Dissipation Failure. This occurs when the machine cannot effectively dissipate heat, leading to increased temperatures. 

**Recommended Action:**
1. Stop the machine immediately.
2. Do not open any pressurized or hot cooling systems until they are isolated and cooled.
3. Apply lockout/tagout before accessing any components. 
4. Escalate the issue if overheating recurs.","- Stop the machine if temperature exceeds its approved limit or smoke, odor, leakage, or rapid heating occurs.
- Do not open a pressurized or hot cooling system until it is isolated and cooled.
- Apply lockout/tagout before accessing fans, pumps, or internal components.
- Escalate recurring overheating to maintenance and process engineering.",1fa2bd4467
When is it unsafe to open the cooling system during a heat dissipation problem?,It is unsafe to open the cooling system during a heat dissipation problem if the system is pressurized or hot. This is because it can lead to serious injury from steam or hot coolant exposure. The recommended action is to ensure the system is isolated and cooled before opening it. Always apply lockout/tagout procedures before accessing components.,"- Stop the machine if temperature exceeds its approved limit or smoke, odor, leakage, or rapid heating occurs.
- Do not open a pressurized or hot cooling system until it is isolated and cooled.
- Apply lockout/tagout before accessing fans, pumps, or internal components.
- Escalate recurring overheating to maintenance and process engineering.",1fa2bd4467
"Do I need lockout/tagout before checking fans, pumps, or other internal parts after overheating?","Yes, you need to apply lockout/tagout before checking fans, pumps, or other internal parts after overheating to ensure safety.","- Stop the machine if temperature exceeds its approved limit or smoke, odor, leakage, or rapid heating occurs.
- Do not open a pressurized or hot cooling system until it is isolated and cooled.
- Apply lockout/tagout before accessing fans, pumps, or internal components.
- Escalate recurring overheating to maintenance and process engineering.",1fa2bd4467
Which signs mean I should shut the machine down because of heat dissipation failure?,"You should shut the machine down if you observe:

- Abnormally high machine or process temperature.
- Cooling performance weaker than expected.
- Sustained temperature rise during heavy operation.

These symptoms indicate a heat dissipation failure, likely caused by insufficient airflow and low rotational speed, which prevents effective heat shedding. Recommended action: Shut down the machine to prevent damage and address the cooling system or airflow issues.","- Stop the machine if temperature exceeds its approved limit or smoke, odor, leakage, or rapid heating occurs.
- Do not open a pressurized or hot cooling system until it is isolated and cooled.
- Apply lockout/tagout before accessing fans, pumps, or internal components.
- Escalate recurring overheating to maintenance and process engineering.",1fa2bd4467
"If the overheating keeps coming back, who should I report it to?","If the overheating keeps coming back, you should report it to maintenance and process engineering for escalation. Recurring overheating indicates a Heat Dissipation Failure, which requires attention to prevent further issues.","- Stop the machine if temperature exceeds its approved limit or smoke, odor, leakage, or rapid heating occurs.
- Do not open a pressurized or hot cooling system until it is isolated and cooled.
- Apply lockout/tagout before accessing fans, pumps, or internal components.
- Escalate recurring overheating to maintenance and process engineering.",1fa2bd4467
What signs usually show up when the machine is under too much load or torque and starts failing?,"When the machine is under too much load or torque, signs may include: 

- Torque or force rising above normal levels while speed or output decreases.
- Increased vibrations or acoustic emissions.
- Tool-wear indicators and load measurements deteriorating together.

This indicates **Overstrain Failure** due to excessive load leading to potential damage. 

**Recommended action:** Reduce the load on the machine immediately, monitor performance metrics, and conduct an inspection to prevent potential failure.","- Excessive mechanical load, torque, vibration, or deformation.
- Reduced speed, poor process quality, or difficulty completing the operation.
- Accelerated wear, cracking, bending, or breakage of tools or components.
- Overload or torque-limit alarms may occur.",da179b1e6d
How can I tell if overstrain is causing slower speed or worse process quality during operation?,"To determine if overstrain is causing slower speed or worse process quality, look for symptoms such as excessive mechanical load, increased torque, and vibration. Additionally, monitor the `strain_indicator` to see if it exceeds the variant-specific threshold for the product being processed. If it is over the threshold (11,000 min·Nm for Low, 12,000 min·Nm for Medium, 13,000 min·Nm for High variants), then overstrain is likely the cause.

**Recommended Action:** Check the strain calculations specific to the product quality variant and reduce the mechanical load or torque to prevent potential failure.","- Excessive mechanical load, torque, vibration, or deformation.
- Reduced speed, poor process quality, or difficulty completing the operation.
- Accelerated wear, cracking, bending, or breakage of tools or components.
- Overload or torque-limit alarms may occur.",da179b1e6d
"What symptoms point to excessive vibration, deformation, or mechanical stress in a machine component?","Symptoms indicating excessive vibration, deformation, or mechanical stress include:

- Excessive mechanical load, torque, vibration, or deformation.
- Cracking, bending, or breakage of tools or components.
- Reduced speed and poor process quality.

Recommended action: Stop immediately if severe vibration, jamming, deformation, or imminent breakage is suspected, and isolate energy sources before inspection.","- Excessive mechanical load, torque, vibration, or deformation.
- Reduced speed, poor process quality, or difficulty completing the operation.
- Accelerated wear, cracking, bending, or breakage of tools or components.
- Overload or torque-limit alarms may occur.",da179b1e6d
What kinds of damage should I watch for if a tool or part is being pushed past its limit?,"If a tool or part is being pushed past its limit, watch for excessive mechanical load, torque, vibration, or deformation, as well as reduced speed, poor process quality, or difficulties completing the operation. You may also observe accelerated wear, cracking, bending, or breakage of tools or components. 

The risk is heightened because the tool is experiencing Overstrain Failure due to exceeding safety thresholds specific to the product type. 

Recommended action: Monitor the equipment closely, check for overload or torque-limit alarms, and cease operations if excessive strain is noted to prevent potential damage.","- Excessive mechanical load, torque, vibration, or deformation.
- Reduced speed, poor process quality, or difficulty completing the operation.
- Accelerated wear, cracking, bending, or breakage of tools or components.
- Overload or torque-limit alarms may occur.",da179b1e6d
"Can overstrain failure trigger alarms, and if so, what warning messages or faults might appear?","Yes, overstrain failure can trigger alarms, specifically overload or torque-limit alarms. These warnings indicate that the mechanical load, torque, or strain has exceeded the threshold specific to the product quality variant, potentially leading to tool or component failure. It is recommended to treat threshold breaches as higher priority and take corrective actions immediately.","- Excessive mechanical load, torque, vibration, or deformation.
- Reduced speed, poor process quality, or difficulty completing the operation.
- Accelerated wear, cracking, bending, or breakage of tools or components.
- Overload or torque-limit alarms may occur.",da179b1e6d
What usually causes an overstrain failure on the machine or tool?,"Overstrain failure is caused by accumulating strain from both tool wear and the amount of torque applied, measured by the strain_indicator formula (`strain_indicator = Tool wear [min] × Torque [Nm]`). This failure occurs when the strain_indicator exceeds specific thresholds based on the tool's type. To prevent overstrain failure, continuously monitor the strain_indicator and evaluate both tool wear and torque levels, prioritizing actions when the indicator approaches critical thresholds.","- Operating load exceeds the tool or component's rated capacity.
- A worn or damaged tool requires greater force to perform the process.
- Misalignment, jamming, improper feed, or unsuitable work material.
- Incorrect operating parameters or tooling selection.
- Weak, fatigued, or improperly installed mechanical components.",6fda618d5b
"Can a worn or damaged tool lead to overstrain failure, and why does that happen?","Yes, a worn or damaged tool can lead to overstrain failure because it requires greater force to perform the task, which increases the accumulated mechanical strain (strain_indicator). This accumulated strain, calculated as `Tool wear × Torque`, can exceed specific thresholds, leading to tool or workpiece failure. Recommended action is to regularly monitor tool wear and torque to prevent exceeding the strain thresholds.","- Operating load exceeds the tool or component's rated capacity.
- A worn or damaged tool requires greater force to perform the process.
- Misalignment, jamming, improper feed, or unsuitable work material.
- Incorrect operating parameters or tooling selection.
- Weak, fatigued, or improperly installed mechanical components.",6fda618d5b
"How do misalignment, jamming, or wrong feed settings contribute to overstrain failure?","Misalignment, jamming, and wrong feed settings contribute to overstrain failure by causing the operating load to exceed the tool or component's rated capacity. This occurs because these issues lead to additional resistance or force required during operation, increasing the strain on the equipment. 

Recommended action includes stopping or reducing the load, inspecting the tool and components for wear or damage, checking alignment and feed settings, and ensuring that equipment ratings are suitable for the operation.","- Operating load exceeds the tool or component's rated capacity.
- A worn or damaged tool requires greater force to perform the process.
- Misalignment, jamming, improper feed, or unsuitable work material.
- Incorrect operating parameters or tooling selection.
- Weak, fatigued, or improperly installed mechanical components.",6fda618d5b
Could using the wrong operating parameters or tooling be the reason for an overstrain failure?,"Yes, using the wrong operating parameters or tooling can contribute to an overstrain failure because it can lead to operating loads that exceed the rated capacity of the tool or component. This mismatch can cause excessive strain, increasing the risk of failure.

**Recommended action:** Stop or reduce the load, inspect the tool and components, check alignment and process settings, replace damaged tooling, and verify that equipment ratings match the operation.","- Operating load exceeds the tool or component's rated capacity.
- A worn or damaged tool requires greater force to perform the process.
- Misalignment, jamming, improper feed, or unsuitable work material.
- Incorrect operating parameters or tooling selection.
- Weak, fatigued, or improperly installed mechanical components.",6fda618d5b
Which mechanical parts or installation issues can make an overstrain failure more likely?,The context does not provide specific mechanical parts or installation issues that can make an overstrain failure more likely.,"- Operating load exceeds the tool or component's rated capacity.
- A worn or damaged tool requires greater force to perform the process.
- Misalignment, jamming, improper feed, or unsuitable work material.
- Incorrect operating parameters or tooling selection.
- Weak, fatigued, or improperly installed mechanical components.",6fda618d5b
What sensor readings usually show up when overstrain failure starts on a machine?,"When overstrain failure starts on a machine, the sensor readings that typically show up are related to the `Tool wear` and `Torque`. Specifically, the strain indicator calculated as `strain_indicator = Tool wear [min] × Torque [Nm]` is key. If this value approaches the threshold for the specific product type (L, M, or H), it indicates potential overstrain risk.

Recommended action: Monitor the `strain_indicator` closely and ensure that it remains below the product-specific threshold to prevent tool or workpiece failure.","- Torque, force, strain, or motor current rises above the normal process baseline.
- High load persists or increases while speed or output decreases.
- Vibration or acoustic-emission levels increase under load.
- Tool-wear indicators and load measurements deteriorate together.",b2d23ef2a6
"How can I tell from torque, force, strain, or motor current that the machine is being overstrained?","The machine is being overstrained when torque, force, strain, or motor current rise above the normal process baseline. This occurs due to excessive load on the machine, often indicated by a decrease in speed or output alongside increasing strain. 

**Recommended Action:** Monitor the torque and current readings closely, and check for rising vibration and strain levels. If overstrain is detected, reduce the load or perform maintenance on the tool to prevent failure.","- Torque, force, strain, or motor current rises above the normal process baseline.
- High load persists or increases while speed or output decreases.
- Vibration or acoustic-emission levels increase under load.
- Tool-wear indicators and load measurements deteriorate together.",b2d23ef2a6
What does it mean if load keeps going up while speed or output drops off?,"If the load keeps going up while speed or output drops off, this indicates a potential Overstrain Failure. This situation arises because the torque, force, or motor current is exceeding normal baseline levels, causing an increase in load while the equipment struggles to maintain its speed or output. 

**Recommended action:** Monitor torque and force levels closely, and assess for increasing vibration or acoustic emissions. Consider conducting maintenance or further diagnostics to prevent equipment failure.","- Torque, force, strain, or motor current rises above the normal process baseline.
- High load persists or increases while speed or output decreases.
- Vibration or acoustic-emission levels increase under load.
- Tool-wear indicators and load measurements deteriorate together.",b2d23ef2a6
Can rising vibration or acoustic emission under load be a sign of overstrain failure?,"Yes, rising vibration or acoustic emission under load can indicate overstrain failure. This occurs because excessive mechanical load increases vibration levels as the system struggles to operate correctly. It's recommended to stop the operation immediately if these symptoms are observed and inspect the equipment to prevent potential failure.","- Torque, force, strain, or motor current rises above the normal process baseline.
- High load persists or increases while speed or output decreases.
- Vibration or acoustic-emission levels increase under load.
- Tool-wear indicators and load measurements deteriorate together.",b2d23ef2a6
What combination of tool-wear signs and load measurements points to overstrain failure?,"The combination of tool-wear signs and load measurements that points to overstrain failure is when both tool wear indicators and load measurements deteriorate together. Specifically, if torque, force, strain, or motor current rises above normal levels, while high load persists or increases and speed or output decreases, this indicates overstrain.

**What's Happening:** Tool wear is accumulating alongside increasing load, leading to excessive strain on the tool.

**Why:** Strain accumulates based on both the level of tool wear and the amount of torque applied, which can lead to mechanical overstrain risks.

**Recommended Action:** Monitor and reduce load or torque levels to prevent reaching the overstrain threshold, and assess the tool for further wear before continuing operations.","- Torque, force, strain, or motor current rises above the normal process baseline.
- High load persists or increases while speed or output decreases.
- Vibration or acoustic-emission levels increase under load.
- Tool-wear indicators and load measurements deteriorate together.",b2d23ef2a6
What should I do first when an overstrain failure shows up during operation?,"When an overstrain failure occurs, it indicates that the mechanical strain on the equipment due to tool wear and torque has exceeded safe limits, posing a risk of tool or workpiece failure. 

**Recommended Action:**
1. Stop or reduce the load immediately according to the approved operating procedure.
2. Inspect the tool and components for any signs of wear, cracks, or deformation.
3. Check alignment, lubrication, and process settings.
4. Replace any damaged or worn-out tooling and components.
5. Ensure equipment ratings match the operation requirements.","- Stop or reduce the load according to the approved operating procedure.
- Inspect the tool and loaded components for wear, cracks, deformation, or looseness.
- Check alignment, lubrication, material feed, clamping, and process settings.
- Replace damaged or end-of-life tooling and components.
- Verify that the equipment and tool ratings match the intended operation.",e9380cebc6
"How do I check the tool and loaded parts for wear, cracks, deformation, or looseness after an overstrain issue?","To check the tool and loaded parts for wear, cracks, deformation, or looseness after an overstrain issue, follow these steps:

1. **Inspect visually** for signs of wear, cracks, or deformation.
2. **Check for looseness** in components.
3. Ensure **alignment, lubrication, and clamping** settings are correct.
4. If any damage or excessive wear is found, **replace the affected tooling or components**. 

This is necessary due to the accumulation of strain from tool wear and applied torque, which can lead to mechanical failures.","- Stop or reduce the load according to the approved operating procedure.
- Inspect the tool and loaded components for wear, cracks, deformation, or looseness.
- Check alignment, lubrication, material feed, clamping, and process settings.
- Replace damaged or end-of-life tooling and components.
- Verify that the equipment and tool ratings match the intended operation.",e9380cebc6
"What machine settings and conditions should I inspect when overstrain failure happens, like alignment, lubrication, feed, or clamping?","When overstrain failure occurs, it indicates that the operating load is exceeding the tool or component's rated capacity due to factors such as misalignment, jamming, improper feed, or worn tools. 

**Recommended Action:**
- Inspect alignment, lubrication, material feed, clamping, and process settings.
- Replace any damaged or worn tooling and components.
- Stop or reduce the load as per the approved operating procedure.","- Stop or reduce the load according to the approved operating procedure.
- Inspect the tool and loaded components for wear, cracks, deformation, or looseness.
- Check alignment, lubrication, material feed, clamping, and process settings.
- Replace damaged or end-of-life tooling and components.
- Verify that the equipment and tool ratings match the intended operation.",e9380cebc6
When should worn or damaged tooling and components be replaced after an overstrain failure?,"Worn or damaged tooling and components should be replaced immediately after an overstrain failure to prevent further risks of tool or workpiece failure. The root cause involves exceeding the tool's rated capacity, often due to accumulated strain from wear and applied torque. To address this, it's essential to inspect for damage, stop or reduce the load as per procedure, and ensure that equipment ratings align with intended operations.","- Stop or reduce the load according to the approved operating procedure.
- Inspect the tool and loaded components for wear, cracks, deformation, or looseness.
- Check alignment, lubrication, material feed, clamping, and process settings.
- Replace damaged or end-of-life tooling and components.
- Verify that the equipment and tool ratings match the intended operation.",e9380cebc6
How can I verify that the machine and tool ratings are suitable for the job to avoid overstrain failure?,"To verify that the machine and tool ratings are suitable for the job and avoid overstrain failure, you should ensure that the equipment and tool ratings match the intended operation. Specifically, compute the `strain_indicator` using the formula `strain_indicator = Tool wear [min] × Torque [Nm]` and check if it exceeds the variant-specific threshold for the product's type (L ≈ 11,000, M ≈ 12,000, H ≈ 13,000 min·Nm). If the `strain_indicator` exceeds the threshold, stop or reduce the load and inspect the tool and components.","- Stop or reduce the load according to the approved operating procedure.
- Inspect the tool and loaded components for wear, cracks, deformation, or looseness.
- Check alignment, lubrication, material feed, clamping, and process settings.
- Replace damaged or end-of-life tooling and components.
- Verify that the equipment and tool ratings match the intended operation.",e9380cebc6
"When should I stop the machine right away if I suspect overstrain, like cracking, heavy vibration, jamming, deformation, or parts about to break?","Stop the machine immediately if you suspect overstrain due to symptoms like cracking, heavy vibration, jamming, deformation, or imminent breakage. This is crucial to prevent further damage or failure. After stopping, keep personnel clear of potential hazard zones, isolate all energy sources, and conduct an inspection.","- Stop immediately if cracking, severe vibration, jamming, deformation, or imminent breakage is suspected.
- Keep personnel clear of stored-energy and potential fragment-ejection zones.
- Isolate mechanical, hydraulic, pneumatic, and electrical energy before inspection.
- Escalate repeated overstrain events to maintenance, reliability, and process engineering.",fc4efb8a87
What safety steps should I take to keep people clear of stored energy and possible flying fragments during an overstrain issue?,"To keep people clear of stored energy and possible flying fragments during an overstrain issue, you should:

1. **Stop equipment immediately** if any signs of cracking, severe vibration, jamming, deformation, or imminent breakage are suspected.
2. **Keep personnel clear** of stored-energy and potential fragment-ejection zones.
3. **Isolate all mechanical, hydraulic, pneumatic, and electrical energy** before conducting any inspection.
4. Escalate any repeated overstrain events to maintenance and engineering teams.","- Stop immediately if cracking, severe vibration, jamming, deformation, or imminent breakage is suspected.
- Keep personnel clear of stored-energy and potential fragment-ejection zones.
- Isolate mechanical, hydraulic, pneumatic, and electrical energy before inspection.
- Escalate repeated overstrain events to maintenance, reliability, and process engineering.",fc4efb8a87
"Do I need to isolate the mechanical, hydraulic, pneumatic, and electrical energy before checking an overstrain failure?","Yes, you need to isolate mechanical, hydraulic, pneumatic, and electrical energy before checking an overstrain failure to ensure safety and prevent further risks.","- Stop immediately if cracking, severe vibration, jamming, deformation, or imminent breakage is suspected.
- Keep personnel clear of stored-energy and potential fragment-ejection zones.
- Isolate mechanical, hydraulic, pneumatic, and electrical energy before inspection.
- Escalate repeated overstrain events to maintenance, reliability, and process engineering.",fc4efb8a87
Who should I notify if the machine keeps having overstrain events?,"You should notify maintenance, reliability, and process engineering if the machine keeps having overstrain events.","- Stop immediately if cracking, severe vibration, jamming, deformation, or imminent breakage is suspected.
- Keep personnel clear of stored-energy and potential fragment-ejection zones.
- Isolate mechanical, hydraulic, pneumatic, and electrical energy before inspection.
- Escalate repeated overstrain events to maintenance, reliability, and process engineering.",fc4efb8a87
"For overstrain failure, what escalation and safety precautions should the operator follow before inspection?","For overstrain failure, operators should take immediate action by stopping the machine if there are signs of cracking, severe vibration, jamming, deformation, or imminent breakage. Personnel must be kept clear of stored-energy and fragment-ejection zones. It is crucial to isolate all mechanical, hydraulic, pneumatic, and electrical energy sources before inspection and to escalate any repeated overstrain events to maintenance, reliability, and process engineering teams.","- Stop immediately if cracking, severe vibration, jamming, deformation, or imminent breakage is suspected.
- Keep personnel clear of stored-energy and potential fragment-ejection zones.
- Isolate mechanical, hydraulic, pneumatic, and electrical energy before inspection.
- Escalate repeated overstrain events to maintenance, reliability, and process engineering.",fc4efb8a87
"What signs usually show up when there’s a power failure on the machine, like a sudden stop or it won’t start at all?","The signs of a power failure include unexpected loss of power, machine stoppage, or the machine failing to start. This can happen due to an unstable or insufficient motor speed or torque, leading to electrical protection alarms activating. Recommended action is to check for electrical protection alarms and monitor the power levels to ensure they are within the safe operating range (between 3500 W and 9000 W).","- Unexpected loss of power, machine stoppage, or failure to start.
- Motor speed or torque is unstable or insufficient for the commanded load.
- Electrical protection, overload, undervoltage, or overcurrent alarms may activate.
- The machine may draw unusually high or low power.",3bdafab7ad
How can I tell if the motor is getting unstable speed or not enough torque because of a power issue?,"If the motor is experiencing unstable speed or insufficient torque, it may be due to a power issue, indicated by computed power falling outside the safe range (below 3500 W or above 9000 W). This occurs when the relationship between torque and rotational speed is compromised, resulting in underpowered or overpowered conditions even if torque and speed readings seem normal individually. 

**Recommended Action:** Monitor the computed power closely as a derived metric, rather than relying solely on torque and speed. If power trends towards the extremes, adjust torque or speed setpoints accordingly, and investigate drive/motor calibration if power drifts without an obvious change in setpoints.","- Unexpected loss of power, machine stoppage, or failure to start.
- Motor speed or torque is unstable or insufficient for the commanded load.
- Electrical protection, overload, undervoltage, or overcurrent alarms may activate.
- The machine may draw unusually high or low power.",3bdafab7ad
"What kind of alarms should I expect during a power failure, such as overload, undervoltage, or overcurrent warnings?","During a power failure, you should expect electrical protection alarms such as overload, undervoltage, or overcurrent warnings due to unstable or insufficient motor speed or torque. The failure occurs when the delivered power is outside the safe operating range (under 3500 W or over 9000 W). 

**Recommended action:** Check active alarms, confirm electrical supply is within range, inspect cables and components, compare commanded and measured values, and correct any faults before resetting protection devices.","- Unexpected loss of power, machine stoppage, or failure to start.
- Motor speed or torque is unstable or insufficient for the commanded load.
- Electrical protection, overload, undervoltage, or overcurrent alarms may activate.
- The machine may draw unusually high or low power.",3bdafab7ad
"Could unusual power draw, either too high or too low, be a symptom of the machine losing power?","Yes, unusual power draw, either too high or too low, can be a symptom of the machine losing power. This occurs when the mechanical power delivered falls outside a safe operating band, potentially leading to insufficient torque for the load or excessive torque that risks mechanical overload. 

**Recommended action:** Monitor the computed power values closely, as they provide a clearer picture than torque or speed alone. If power remains outside the 3500–9000 W range, further investigation or corrective action is needed.","- Unexpected loss of power, machine stoppage, or failure to start.
- Motor speed or torque is unstable or insufficient for the commanded load.
- Electrical protection, overload, undervoltage, or overcurrent alarms may activate.
- The machine may draw unusually high or low power.",3bdafab7ad
"When the machine has power failure, what symptoms should I check first before assuming a mechanical fault?","When a machine has a power failure, check for the following symptoms first before assuming a mechanical fault: 

1. Unexpected loss of power, machine stoppage, or failure to start.
2. Unstable or insufficient motor speed or torque.
3. Activation of electrical protection alarms (overload, undervoltage, overcurrent).
4. Unusually high or low power draw.

These symptoms indicate an electrical issue rather than a mechanical fault. 

**Recommended action:** Check active alarms, confirm the electrical supply is within range, inspect cables, connectors, and other electrical components, and compare commanded with measured operational metrics. Correct any identified electrical faults before resetting protection devices.","- Unexpected loss of power, machine stoppage, or failure to start.
- Motor speed or torque is unstable or insufficient for the commanded load.
- Electrical protection, overload, undervoltage, or overcurrent alarms may activate.
- The machine may draw unusually high or low power.",3bdafab7ad
What usually causes a power failure on this machine?,The context does not specify the exact causes of power failure on the machine. It describes conditions leading to power failure but doesn't identify specific causes.,"- Supply interruption, voltage imbalance, loose connection, or damaged cable.
- Motor, drive, inverter, contactor, fuse, breaker, or power-supply fault.
- Mechanical overload, binding, misalignment, or excessive friction.
- Incorrect control command or drive configuration.
- Faulty voltage, current, torque, or speed sensor.",fa3303819e
"Could this be from a supply interruption, voltage imbalance, or a loose connection?","The power failure could be due to a supply interruption, voltage imbalance, or a loose connection among other electrical faults. Recommended action is to check active alarms, confirm electrical supply is within approved ranges, and inspect cables, connectors, fuses, breakers, and the motor and drive for any issues.","- Supply interruption, voltage imbalance, loose connection, or damaged cable.
- Motor, drive, inverter, contactor, fuse, breaker, or power-supply fault.
- Mechanical overload, binding, misalignment, or excessive friction.
- Incorrect control command or drive configuration.
- Faulty voltage, current, torque, or speed sensor.",fa3303819e
"What parts should I check first for a power-failure fault, like the motor, drive, inverter, or breaker?","For a power-failure fault, first check the **cables, connectors, fuses, breakers, contactors, motor, and drive**. The root causes could be a supply interruption, loose connection, or damaged cable, among others. Inspect these components to identify electrical faults or failures before resetting protection devices.","- Supply interruption, voltage imbalance, loose connection, or damaged cable.
- Motor, drive, inverter, contactor, fuse, breaker, or power-supply fault.
- Mechanical overload, binding, misalignment, or excessive friction.
- Incorrect control command or drive configuration.
- Faulty voltage, current, torque, or speed sensor.",fa3303819e
"Can mechanical issues like overload, binding, misalignment, or too much friction trigger this failure?","Yes, mechanical issues like overload, binding, misalignment, or too much friction can trigger power failure. These conditions can cause the mechanical power delivered to the process to fall outside the safe operating band, either resulting in insufficient power or excessive mechanical overload. 

**Recommended Action:** Inspect the driven equipment for binding, overload, or misalignment, and correct any electrical or mechanical faults before resetting protection devices.","- Supply interruption, voltage imbalance, loose connection, or damaged cable.
- Motor, drive, inverter, contactor, fuse, breaker, or power-supply fault.
- Mechanical overload, binding, misalignment, or excessive friction.
- Incorrect control command or drive configuration.
- Faulty voltage, current, torque, or speed sensor.",fa3303819e
Is a bad control command or a faulty sensor able to cause the power failure alarm?,"Yes, a bad control command or a faulty sensor can cause the power failure alarm. This occurs because incorrect control commands can lead to improper drive configuration, resulting in power falling outside acceptable limits. Similarly, faulty sensors may provide inaccurate readings for torque and speed, which are critical for calculating power. 

Recommended action: Investigate the control command settings and check the sensors for accuracy or malfunctions to ensure proper functioning of the system.","- Supply interruption, voltage imbalance, loose connection, or damaged cable.
- Motor, drive, inverter, contactor, fuse, breaker, or power-supply fault.
- Mechanical overload, binding, misalignment, or excessive friction.
- Incorrect control command or drive configuration.
- Faulty voltage, current, torque, or speed sensor.",fa3303819e
How can I tell from the sensor data that a power failure is happening on the machine?,"To detect a power failure from sensor data, monitor the computed power values derived from torque and speed. A power failure is indicated if the power falls below 3500 W (insufficient power) or rises above 9000 W (excessive power). 

Recommended action: If power readings indicate underpowering or overpowering, investigate the load and check for any electrical protection alarms.","- Voltage, current, power, torque, or rotational speed deviates from the normal load-dependent pattern.
- Commanded speed differs persistently from measured speed.
- Current or power rises while speed falls, suggesting overload or mechanical resistance.
- Sudden voltage loss or fluctuation coincides with the failure event.",ed6de6dd8e
"What kind of voltage, current, or speed pattern usually shows up right before a power failure?","Before a power failure, voltage, current, power, torque, or rotational speed deviates from the normal pattern, usually indicating overload or mechanical resistance. Current or power may rise while speed falls, and a sudden loss or fluctuation in voltage coincides with the failure. This indicates potential issues like supply interruption, mechanical overload, or sensor faults.

**Recommended Action**: Monitor these parameters closely, particularly looking at the computed power value, and investigate potential mechanical or electrical faults.","- Voltage, current, power, torque, or rotational speed deviates from the normal load-dependent pattern.
- Commanded speed differs persistently from measured speed.
- Current or power rises while speed falls, suggesting overload or mechanical resistance.
- Sudden voltage loss or fluctuation coincides with the failure event.",ed6de6dd8e
"If the commanded speed and the measured speed don't match, could that be a sign of power failure?","Yes, if the commanded speed and the measured speed don't match, it could be a sign of power failure. This discrepancy indicates that the motor speed or torque is unstable, potentially due to overload, mechanical resistance, or electrical issues. 

**Recommended Action:**
- Check active alarms and ensure the electrical supply is within the approved range.
- Inspect cables, connectors, fuses, breakers, contactors, motor, and drive.
- Compare commanded and measured speed, torque, current, and power.
- Inspect the driven equipment for binding, overload, or misalignment.
- Address any identified electrical or mechanical faults before resetting protection devices.","- Voltage, current, power, torque, or rotational speed deviates from the normal load-dependent pattern.
- Commanded speed differs persistently from measured speed.
- Current or power rises while speed falls, suggesting overload or mechanical resistance.
- Sudden voltage loss or fluctuation coincides with the failure event.",ed6de6dd8e
What sensor changes should I look for when current or power goes up but the speed drops?,"When current or power goes up but speed drops, it suggests an overload or mechanical resistance is occurring. This is often categorized as a Power Failure (PWF). The increase in current or power indicates the motor is trying to compensate for a mechanical issue, even though the output speed is declining.

**Recommended Action:** Monitor the computed power from torque and rotational speed to confirm the power condition. Look for compensatory patterns, such as very high torque with very low speed. Ensure that torque and rotational speed are not evaluated in isolation; always check the computed power value.","- Voltage, current, power, torque, or rotational speed deviates from the normal load-dependent pattern.
- Commanded speed differs persistently from measured speed.
- Current or power rises while speed falls, suggesting overload or mechanical resistance.
- Sudden voltage loss or fluctuation coincides with the failure event.",ed6de6dd8e
Can a sudden dip or fluctuation in voltage be used to identify a power failure event?,"Yes, a sudden dip or fluctuation in voltage can be used to identify a power failure event. This is because it coincides with the failure event, indicating a disruption in the normal operating conditions of the equipment. Recommended action is to isolate the equipment immediately and involve qualified personnel to investigate and address the issue safely.","- Voltage, current, power, torque, or rotational speed deviates from the normal load-dependent pattern.
- Commanded speed differs persistently from measured speed.
- Current or power rises while speed falls, suggesting overload or mechanical resistance.
- Sudden voltage loss or fluctuation coincides with the failure event.",ed6de6dd8e
What should I check first when I get a power failure alarm on this machine?,"When you receive a power failure alarm, first check the computed power value from the torque and rotational speed. Ensure it falls within the safe operating range (between 3500 W and 9000 W). If the computed power is below 3500 W, the machine is underpowered, and if it exceeds 9000 W, it's overpowered. Monitor the derived power metric to diagnose the issue accurately since torque and speed readings alone may be misleading.","- Check active alarms and confirm the electrical supply is within the approved range.
- Inspect cables, connectors, fuses, breakers, contactors, motor, and drive.
- Compare commanded and measured speed, torque, current, and power.
- Inspect the driven equipment for binding, overload, or misalignment.
- Correct the electrical or mechanical fault before resetting protection devices.",54e5187ac9
How do I tell if the incoming electrical supply is okay during a power failure fault?,"To tell if the incoming electrical supply is okay during a power failure fault, check active alarms and confirm that the electrical supply is within the approved range. Inspect cables, connectors, fuses, breakers, contactors, and other components for any issues. This helps identify if there's a supply interruption, voltage imbalance, or other faults affecting the electrical supply. Ensure to correct any electrical or mechanical faults before resetting protection devices.","- Check active alarms and confirm the electrical supply is within the approved range.
- Inspect cables, connectors, fuses, breakers, contactors, motor, and drive.
- Compare commanded and measured speed, torque, current, and power.
- Inspect the driven equipment for binding, overload, or misalignment.
- Correct the electrical or mechanical fault before resetting protection devices.",54e5187ac9
Which parts should I inspect on the drive side when the machine trips on power failure?,"Inspect the following parts on the drive side when the machine trips on power failure:

1. Cables
2. Connectors
3. Fuses
4. Breakers
5. Contactors
6. Motor
7. Drive

Recommended action: Check these components for issues like loose connections or damage. Correct any electrical or mechanical faults before resetting protection devices.","- Check active alarms and confirm the electrical supply is within the approved range.
- Inspect cables, connectors, fuses, breakers, contactors, motor, and drive.
- Compare commanded and measured speed, torque, current, and power.
- Inspect the driven equipment for binding, overload, or misalignment.
- Correct the electrical or mechanical fault before resetting protection devices.",54e5187ac9
"How can I compare commanded and actual speed, torque, current, and power to troubleshoot a power failure issue?","To troubleshoot a power failure issue, compare commanded and actual values for speed, torque, current, and power. This helps identify discrepancies indicative of overload, mechanical resistance, or misalignment. If commanded speed differs persistently from measured speed, and current or power rises while speed falls, it suggests an overload condition.

Recommended action:
1. Check active alarms and confirm electrical supply.
2. Inspect cables, connectors, fuses, breakers, contactors, motor, and drive.
3. Rectify any identified electrical or mechanical faults before resetting protection devices.","- Check active alarms and confirm the electrical supply is within the approved range.
- Inspect cables, connectors, fuses, breakers, contactors, motor, and drive.
- Compare commanded and measured speed, torque, current, and power.
- Inspect the driven equipment for binding, overload, or misalignment.
- Correct the electrical or mechanical fault before resetting protection devices.",54e5187ac9
"What mechanical problems like binding, overload, or misalignment can trigger a power failure fault, and what should I fix before resetting?","Mechanical problems like binding, overload, or misalignment can trigger a power failure fault. These issues disrupt the power delivered to the process, leading to insufficient or excessive power conditions.

Before resetting, you should fix any identified electrical or mechanical faults, especially related to the driven equipment. Check for and correct binding, overload, or misalignment to ensure safe operating conditions are restored.","- Check active alarms and confirm the electrical supply is within the approved range.
- Inspect cables, connectors, fuses, breakers, contactors, motor, and drive.
- Compare commanded and measured speed, torque, current, and power.
- Inspect the driven equipment for binding, overload, or misalignment.
- Correct the electrical or mechanical fault before resetting protection devices.",54e5187ac9
When should I shut the equipment down immediately after a power failure or electrical fault?,"You should shut the equipment down immediately after a power failure or electrical fault if there is arcing, smoke, a burning odor, exposed wiring, or if there are repeated protection trips. These symptoms indicate a high risk of equipment damage or safety hazards, and the equipment must be isolated.","- Isolate the equipment immediately if there is arcing, smoke, burning odor, exposed wiring, or repeated protection trips.
- Only qualified personnel should test energized electrical equipment.
- Apply lockout/tagout and verify absence of voltage before internal inspection.
- Escalate repeated or unexplained power events to electrical and maintenance specialists.",78b97cfea6
Who is allowed to test energized electrical equipment during a power failure issue?,Only qualified personnel are allowed to test energized electrical equipment during a power failure issue.,"- Isolate the equipment immediately if there is arcing, smoke, burning odor, exposed wiring, or repeated protection trips.
- Only qualified personnel should test energized electrical equipment.
- Apply lockout/tagout and verify absence of voltage before internal inspection.
- Escalate repeated or unexplained power events to electrical and maintenance specialists.",78b97cfea6
What lockout/tagout steps should I follow before opening up the machine after a power event?,"Before opening up the machine after a power event, you should follow these lockout/tagout steps:

1. **Isolate the equipment** immediately if there are signs of arcing, smoke, burning odor, or exposed wiring.
2. **Apply lockout/tagout** procedures to ensure the machine cannot be accidentally energized.
3. **Verify the absence of voltage** before conducting any internal inspection.

These actions are critical to ensure the safety of personnel and prevent further damage to the equipment.","- Isolate the equipment immediately if there is arcing, smoke, burning odor, exposed wiring, or repeated protection trips.
- Only qualified personnel should test energized electrical equipment.
- Apply lockout/tagout and verify absence of voltage before internal inspection.
- Escalate repeated or unexplained power events to electrical and maintenance specialists.",78b97cfea6
How do I check that the equipment is truly de-energized before doing an internal inspection?,"To check that the equipment is truly de-energized before conducting an internal inspection, you should:

1. Apply lockout/tagout procedures.
2. Verify absence of voltage using appropriate testing tools.

This ensures safety by confirming that the equipment is not electrically live before any internal work is performed.","- Isolate the equipment immediately if there is arcing, smoke, burning odor, exposed wiring, or repeated protection trips.
- Only qualified personnel should test energized electrical equipment.
- Apply lockout/tagout and verify absence of voltage before internal inspection.
- Escalate repeated or unexplained power events to electrical and maintenance specialists.",78b97cfea6
When should a repeated power trip or unexplained outage be escalated to electrical or maintenance support?,A repeated power trip or unexplained outage should be escalated to electrical and maintenance specialists. This is necessary to identify and resolve potential underlying issues that could pose safety risks or equipment damage. Recommended actions include isolating the equipment immediately and following proper safety procedures before any internal inspections.,"- Isolate the equipment immediately if there is arcing, smoke, burning odor, exposed wiring, or repeated protection trips.
- Only qualified personnel should test energized electrical equipment.
- Apply lockout/tagout and verify absence of voltage before internal inspection.
- Escalate repeated or unexplained power events to electrical and maintenance specialists.",78b97cfea6
